Workbook

Sheet README
A1: sheet | B1: purpose
A2: Data | B2: Chunk 1 data, helper columns, and model predictions in formulas.
A3: Main_Effects_Mechanics | B3: Chunk 2: log-link main-effects mechanics via matrix normal equations on log(actual).
A4: Interaction_Mechanics | B4: Chunk 3: interaction mechanics via matrix normal equations on log(actual).
A5: Model_Comparison | B5: AIC-style comparison and SSE on log scale.
A6: Plot_Parity | B6: Formula-driven line charts matching chunk visuals.
A10: All mechanics use Excel formulas only (no LINEST).

Sheet Data
A1: row_id | B1: age | C1: sex | D1: actual | E1: log_actual | F1: sex_M | G1: sex_age | H1: pred_main | I1: log_pred_main | J1: pred_interact | K1: log_pred_interact | L1: age_F | M1: log_actual_F | N1: log_pred_main_F | O1: log_pred_interact_F | P1: age_M | Q1: log_actual_M | R1: log_pred_main_M | S1: log_pred_interact_M
A2: 1 | B2: 36 | C2: F | D2: 0.61 | E2: =LN(D2) | F2: =--(C2="M") | G2: =B2*F2 | H2: =EXP(Main_Effects_Mechanics!$G$11+Main_Effects_Mechanics!$G$12*F2+Main_Effects_Mechanics!$G$13*B2) | I2: =LN(H2) | J2: =EXP(Interaction_Mechanics!$H$12+Interaction_Mechanics!$H$13*F2+Interaction_Mechanics!$H$14*B2+Interaction_Mechanics!$H$15*G2) | K2: =LN(J2) | L2: =IF(C2="F",B2,NA()) | M2: =IF(C2="F",E2,NA()) | N2: =IF(C2="F",I2,NA()) | O2: =IF(C2="F",K2,NA()) | P2: =IF(C2="M",B2,NA()) | Q2: =IF(C2="M",E2,NA()) | R2: =IF(C2="M",I2,NA()) | S2: =IF(C2="M",K2,NA())
A3: 2 | B3: 37 | C3: F | D3: 0.68 | E3: =LN(D3) | F3: =--(C3="M") | G3: =B3*F3 | H3: =EXP(Main_Effects_Mechanics!$G$11+Main_Effects_Mechanics!$G$12*F3+Main_Effects_Mechanics!$G$13*B3) | I3: =LN(H3) | J3: =EXP(Interaction_Mechanics!$H$12+Interaction_Mechanics!$H$13*F3+Interaction_Mechanics!$H$14*B3+Interaction_Mechanics!$H$15*G3) | K3: =LN(J3) | L3: =IF(C3="F",B3,NA()) | M3: =IF(C3="F",E3,NA()) | N3: =IF(C3="F",I3,NA()) | O3: =IF(C3="F",K3,NA()) | P3: =IF(C3="M",B3,NA()) | Q3: =IF(C3="M",E3,NA()) | R3: =IF(C3="M",I3,NA()) | S3: =IF(C3="M",K3,NA())
A4: 3 | B4: 38 | C4: F | D4: 0.75 | E4: =LN(D4) | F4: =--(C4="M") | G4: =B4*F4 | H4: =EXP(Main_Effects_Mechanics!$G$11+Main_Effects_Mechanics!$G$12*F4+Main_Effects_Mechanics!$G$13*B4) | I4: =LN(H4) | J4: =EXP(Interaction_Mechanics!$H$12+Interaction_Mechanics!$H$13*F4+Interaction_Mechanics!$H$14*B4+Interaction_Mechanics!$H$15*G4) | K4: =LN(J4) | L4: =IF(C4="F",B4,NA()) | M4: =IF(C4="F",E4,NA()) | N4: =IF(C4="F",I4,NA()) | O4: =IF(C4="F",K4,NA()) | P4: =IF(C4="M",B4,NA()) | Q4: =IF(C4="M",E4,NA()) | R4: =IF(C4="M",I4,NA()) | S4: =IF(C4="M",K4,NA())
A5: 4 | B5: 39 | C5: F | D5: 0.8 | E5: =LN(D5) | F5: =--(C5="M") | G5: =B5*F5 | H5: =EXP(Main_Effects_Mechanics!$G$11+Main_Effects_Mechanics!$G$12*F5+Main_Effects_Mechanics!$G$13*B5) | I5: =LN(H5) | J5: =EXP(Interaction_Mechanics!$H$12+Interaction_Mechanics!$H$13*F5+Interaction_Mechanics!$H$14*B5+Interaction_Mechanics!$H$15*G5) | K5: =LN(J5) | L5: =IF(C5="F",B5,NA()) | M5: =IF(C5="F",E5,NA()) | N5: =IF(C5="F",I5,NA()) | O5: =IF(C5="F",K5,NA()) | P5: =IF(C5="M",B5,NA()) | Q5: =IF(C5="M",E5,NA()) | R5: =IF(C5="M",I5,NA()) | S5: =IF(C5="M",K5,NA())
A6: 5 | B6: 40 | C6: F | D6: 0.84 | E6: =LN(D6) | F6: =--(C6="M") | G6: =B6*F6 | H6: =EXP(Main_Effects_Mechanics!$G$11+Main_Effects_Mechanics!$G$12*F6+Main_Effects_Mechanics!$G$13*B6) | I6: =LN(H6) | J6: =EXP(Interaction_Mechanics!$H$12+Interaction_Mechanics!$H$13*F6+Interaction_Mechanics!$H$14*B6+Interaction_Mechanics!$H$15*G6) | K6: =LN(J6) | L6: =IF(C6="F",B6,NA()) | M6: =IF(C6="F",E6,NA()) | N6: =IF(C6="F",I6,NA()) | O6: =IF(C6="F",K6,NA()) | P6: =IF(C6="M",B6,NA()) | Q6: =IF(C6="M",E6,NA()) | R6: =IF(C6="M",I6,NA()) | S6: =IF(C6="M",K6,NA())
A7: 6 | B7: 41 | C7: F | D7: 0.88 | E7: =LN(D7) | F7: =--(C7="M") | G7: =B7*F7 | H7: =EXP(Main_Effects_Mechanics!$G$11+Main_Effects_Mechanics!$G$12*F7+Main_Effects_Mechanics!$G$13*B7) | I7: =LN(H7) | J7: =EXP(Interaction_Mechanics!$H$12+Interaction_Mechanics!$H$13*F7+Interaction_Mechanics!$H$14*B7+Interaction_Mechanics!$H$15*G7) | K7: =LN(J7) | L7: =IF(C7="F",B7,NA()) | M7: =IF(C7="F",E7,NA()) | N7: =IF(C7="F",I7,NA()) | O7: =IF(C7="F",K7,NA()) | P7: =IF(C7="M",B7,NA()) | Q7: =IF(C7="M",E7,NA()) | R7: =IF(C7="M",I7,NA()) | S7: =IF(C7="M",K7,NA())
A8: 7 | B8: 42 | C8: F | D8: 0.91 | E8: =LN(D8) | F8: =--(C8="M") | G8: =B8*F8 | H8: =EXP(Main_Effects_Mechanics!$G$11+Main_Effects_Mechanics!$G$12*F8+Main_Effects_Mechanics!$G$13*B8) | I8: =LN(H8) | J8: =EXP(Interaction_Mechanics!$H$12+Interaction_Mechanics!$H$13*F8+Interaction_Mechanics!$H$14*B8+Interaction_Mechanics!$H$15*G8) | K8: =LN(J8) | L8: =IF(C8="F",B8,NA()) | M8: =IF(C8="F",E8,NA()) | N8: =IF(C8="F",I8,NA()) | O8: =IF(C8="F",K8,NA()) | P8: =IF(C8="M",B8,NA()) | Q8: =IF(C8="M",E8,NA()) | R8: =IF(C8="M",I8,NA()) | S8: =IF(C8="M",K8,NA())
A9: 8 | B9: 43 | C9: F | D9: 0.94 | E9: =LN(D9) | F9: =--(C9="M") | G9: =B9*F9 | H9: =EXP(Main_Effects_Mechanics!$G$11+Main_Effects_Mechanics!$G$12*F9+Main_Effects_Mechanics!$G$13*B9) | I9: =LN(H9) | J9: =EXP(Interaction_Mechanics!$H$12+Interaction_Mechanics!$H$13*F9+Interaction_Mechanics!$H$14*B9+Interaction_Mechanics!$H$15*G9) | K9: =LN(J9) | L9: =IF(C9="F",B9,NA()) | M9: =IF(C9="F",E9,NA()) | N9: =IF(C9="F",I9,NA()) | O9: =IF(C9="F",K9,NA()) | P9: =IF(C9="M",B9,NA()) | Q9: =IF(C9="M",E9,NA()) | R9: =IF(C9="M",I9,NA()) | S9: =IF(C9="M",K9,NA())
A10: 9 | B10: 44 | C10: F | D10: 0.99 | E10: =LN(D10) | F10: =--(C10="M") | G10: =B10*F10 | H10: =EXP(Main_Effects_Mechanics!$G$11+Main_Effects_Mechanics!$G$12*F10+Main_Effects_Mechanics!$G$13*B10) | I10: =LN(H10) | J10: =EXP(Interaction_Mechanics!$H$12+Interaction_Mechanics!$H$13*F10+Interaction_Mechanics!$H$14*B10+Interaction_Mechanics!$H$15*G10) | K10: =LN(J10) | L10: =IF(C10="F",B10,NA()) | M10: =IF(C10="F",E10,NA()) | N10: =IF(C10="F",I10,NA()) | O10: =IF(C10="F",K10,NA()) | P10: =IF(C10="M",B10,NA()) | Q10: =IF(C10="M",E10,NA()) | R10: =IF(C10="M",I10,NA()) | S10: =IF(C10="M",K10,NA())
A11: 10 | B11: 45 | C11: F | D11: 1.04 | E11: =LN(D11) | F11: =--(C11="M") | G11: =B11*F11 | H11: =EXP(Main_Effects_Mechanics!$G$11+Main_Effects_Mechanics!$G$12*F11+Main_Effects_Mechanics!$G$13*B11) | I11: =LN(H11) | J11: =EXP(Interaction_Mechanics!$H$12+Interaction_Mechanics!$H$13*F11+Interaction_Mechanics!$H$14*B11+Interaction_Mechanics!$H$15*G11) | K11: =LN(J11) | L11: =IF(C11="F",B11,NA()) | M11: =IF(C11="F",E11,NA()) | N11: =IF(C11="F",I11,NA()) | O11: =IF(C11="F",K11,NA()) | P11: =IF(C11="M",B11,NA()) | Q11: =IF(C11="M",E11,NA()) | R11: =IF(C11="M",I11,NA()) | S11: =IF(C11="M",K11,NA())
A12: 11 | B12: 46 | C12: F | D12: 1.09 | E12: =LN(D12) | F12: =--(C12="M") | G12: =B12*F12 | H12: =EXP(Main_Effects_Mechanics!$G$11+Main_Effects_Mechanics!$G$12*F12+Main_Effects_Mechanics!$G$13*B12) | I12: =LN(H12) | J12: =EXP(Interaction_Mechanics!$H$12+Interaction_Mechanics!$H$13*F12+Interaction_Mechanics!$H$14*B12+Interaction_Mechanics!$H$15*G12) | K12: =LN(J12) | L12: =IF(C12="F",B12,NA()) | M12: =IF(C12="F",E12,NA()) | N12: =IF(C12="F",I12,NA()) | O12: =IF(C12="F",K12,NA()) | P12: =IF(C12="M",B12,NA()) | Q12: =IF(C12="M",E12,NA()) | R12: =IF(C12="M",I12,NA()) | S12: =IF(C12="M",K12,NA())
A13: 12 | B13: 47 | C13: F | D13: 1.15 | E13: =LN(D13) | F13: =--(C13="M") | G13: =B13*F13 | H13: =EXP(Main_Effects_Mechanics!$G$11+Main_Effects_Mechanics!$G$12*F13+Main_Effects_Mechanics!$G$13*B13) | I13: =LN(H13) | J13: =EXP(Interaction_Mechanics!$H$12+Interaction_Mechanics!$H$13*F13+Interaction_Mechanics!$H$14*B13+Interaction_Mechanics!$H$15*G13) | K13: =LN(J13) | L13: =IF(C13="F",B13,NA()) | M13: =IF(C13="F",E13,NA()) | N13: =IF(C13="F",I13,NA()) | O13: =IF(C13="F",K13,NA()) | P13: =IF(C13="M",B13,NA()) | Q13: =IF(C13="M",E13,NA()) | R13: =IF(C13="M",I13,NA()) | S13: =IF(C13="M",K13,NA())
... A149: 148 | B149: 109 | C149: M | D149: 464.98 | E149: =LN(D149) | F149: =--(C149="M") | G149: =B149*F149 | H149: =EXP(Main_Effects_Mechanics!$G$11+Main_Effects_Mechanics!$G$12*F149+Main_Effects_Mechanics!$G$13*B149) | I149: =LN(H149) | J149: =EXP(Interaction_Mechanics!$H$12+Interaction_Mechanics!$H$13*F149+Interaction_Mechanics!$H$14*B149+Interaction_Mechanics!$H$15*G149) | K149: =LN(J149) | L149: =IF(C149="F",B149,NA()) | M149: =IF(C149="F",E149,NA()) | N149: =IF(C149="F",I149,NA()) | O149: =IF(C149="F",K149,NA()) | P149: =IF(C149="M",B149,NA()) | Q149: =IF(C149="M",E149,NA()) | R149: =IF(C149="M",I149,NA()) | S149: =IF(C149="M",K149,NA())

Sheet Main_Effects_Mechanics
A1: Chunk 2 model: log(actual) ~ 1 + sex_M + age
A3: X'X | F3: X'y (y=log_actual)
B4: Intercept | C4: sex_M | D4: age | F4: vector
B5: =COUNT(Data!A2:A149) | C5: =SUM(Data!F2:F149) | D5: =SUM(Data!B2:B149) | F5: =SUM(Data!E2:E149)
B6: =SUM(Data!F2:F149) | C6: =SUMPRODUCT(Data!F2:F149,Data!F2:F149) | D6: =SUMPRODUCT(Data!F2:F149,Data!B2:B149) | F6: =SUMPRODUCT(Data!F2:F149,Data!E2:E149)
B7: =SUM(Data!B2:B149) | C7: =SUMPRODUCT(Data!F2:F149,Data!B2:B149) | D7: =SUMPRODUCT(Data!B2:B149,Data!B2:B149) | F7: =SUMPRODUCT(Data!B2:B149,Data!E2:E149)
B10: inv(X'X) | G10: beta_main
B11: {=MINVERSE(B5:D7)} | G11: =MMULT(B11:D13,F5:F7)
G12: =MMULT(B12:D12,F5:F7)
G13: =MMULT(B13:D13,F5:F7)
A16: SSE_log_main | B16: =SUMXMY2(Data!E2:E149,Data!I2:I149)

Sheet Interaction_Mechanics
A1: Chunk 3 model: log(actual) ~ 1 + sex_M + age + sex_M*age
A3: X'X | G3: X'y (y=log_actual)
B4: Intercept | C4: sex_M | D4: age | E4: sex_age | G4: vector
B5: =COUNT(Data!A2:A149) | C5: =SUM(Data!F2:F149) | D5: =SUM(Data!B2:B149) | E5: =SUM(Data!G2:G149) | G5: =SUM(Data!E2:E149)
B6: =SUM(Data!F2:F149) | C6: =SUMPRODUCT(Data!F2:F149,Data!F2:F149) | D6: =SUMPRODUCT(Data!F2:F149,Data!B2:B149) | E6: =SUMPRODUCT(Data!F2:F149,Data!G2:G149) | G6: =SUMPRODUCT(Data!F2:F149,Data!E2:E149)
B7: =SUM(Data!B2:B149) | C7: =SUMPRODUCT(Data!B2:B149,Data!F2:F149) | D7: =SUMPRODUCT(Data!B2:B149,Data!B2:B149) | E7: =SUMPRODUCT(Data!B2:B149,Data!G2:G149) | G7: =SUMPRODUCT(Data!B2:B149,Data!E2:E149)
B8: =SUM(Data!G2:G149) | C8: =SUMPRODUCT(Data!G2:G149,Data!F2:F149) | D8: =SUMPRODUCT(Data!G2:G149,Data!B2:B149) | E8: =SUMPRODUCT(Data!G2:G149,Data!G2:G149) | G8: =SUMPRODUCT(Data!G2:G149,Data!E2:E149)
B11: inv(X'X) | H11: beta_interact
B12: {=MINVERSE(B5:E8)} | H12: =MMULT(B12:E12,G5:G8)
H13: =MMULT(B13:E13,G5:G8)
H14: =MMULT(B14:E14,G5:G8)
H15: =MMULT(B15:E15,G5:G8)
A18: SSE_log_interact | B18: =SUMXMY2(Data!E2:E149,Data!K2:K149)

Sheet Model_Comparison
A1: metric | B1: value
A2: n | B2: =COUNT(Data!A2:A149)
A3: k_main | B3: 3
A4: k_interact | B4: 4
A5: SSE_log_main | B5: =Main_Effects_Mechanics!B16
A6: SSE_log_interact | B6: =Interaction_Mechanics!B18
A7: AIC_proxy_main | B7: =B2*LN(B5/B2)+2*B3
A8: AIC_proxy_interact | B8: =B2*LN(B6/B2)+2*B4
A9: Delta_AIC_proxy (interact-main) | B9: =B8-B7

Sheet Plot_Parity
A1: Chunk 1 parity: log(actual) vs age by sex
A20: Chunk 2 parity: log(pred_main_only) + log(actual)
A39: Chunk 3 parity: log(pred_interact) + log(actual)
