Workbook

Sheet README
A1: sheet | B1: purpose
A2: Insurance_Data | B2: Chunk 1 data load, factor recode, and AvgClaims helper.
A3: Design_Matrix | B3: Dummy-variable design matrix used by all model mechanics.
A4: Poisson_No_Offset | B4: Chunk 2 mod1: Poisson without offset, gradient mechanics in formulas.
A5: Poisson_With_Offset | B5: Chunk 2 mod2: Poisson with log(Holders) offset, formula-only mechanics.
A6: Gaussian_Models | B6: Chunk 3 mod3/mod4/mod5 OLS and weighted least squares via matrix formulas.
A7: Model_Comparison | B7: SSE comparison matching sse1..sse5 with charts.
A10: All calculations are performed with Excel formulas.

Sheet Insurance_Data
A1: row_id | B1: District_raw | C1: District_factor | D1: Group | E1: Age | F1: Holders | G1: Claims | H1: AvgClaims
A2: 1 | B2: 1 | C2: 1 | D2: <1l | E2: <25 | F2: 197 | G2: 38 | H2: =IFERROR(G2/F2,0) -> 0.1928934
A3: 2 | B3: 1 | C3: 1 | D3: <1l | E3: 25-29 | F3: 264 | G3: 35 | H3: =IFERROR(G3/F3,0) -> 0.13257576
A4: 3 | B4: 1 | C4: 1 | D4: <1l | E4: 30-35 | F4: 246 | G4: 20 | H4: =IFERROR(G4/F4,0) -> 0.081300813
A5: 4 | B5: 1 | C5: 1 | D5: <1l | E5: >35 | F5: 1680 | G5: 156 | H5: =IFERROR(G5/F5,0) -> 0.092857143
A6: 5 | B6: 1 | C6: 1 | D6: 1-1.5l | E6: <25 | F6: 284 | G6: 63 | H6: =IFERROR(G6/F6,0) -> 0.22183099
A7: 6 | B7: 1 | C7: 1 | D7: 1-1.5l | E7: 25-29 | F7: 536 | G7: 84 | H7: =IFERROR(G7/F7,0) -> 0.15671642
A8: 7 | B8: 1 | C8: 1 | D8: 1-1.5l | E8: 30-35 | F8: 696 | G8: 89 | H8: =IFERROR(G8/F8,0) -> 0.12787356
A9: 8 | B9: 1 | C9: 1 | D9: 1-1.5l | E9: >35 | F9: 3582 | G9: 400 | H9: =IFERROR(G9/F9,0) -> 0.11166946
A10: 9 | B10: 1 | C10: 1 | D10: 1.5-2l | E10: <25 | F10: 133 | G10: 19 | H10: =IFERROR(G10/F10,0) -> 0.14285714
A11: 10 | B11: 1 | C11: 1 | D11: 1.5-2l | E11: 25-29 | F11: 286 | G11: 52 | H11: =IFERROR(G11/F11,0) -> 0.18181818
A12: 11 | B12: 1 | C12: 1 | D12: 1.5-2l | E12: 30-35 | F12: 355 | G12: 74 | H12: =IFERROR(G12/F12,0) -> 0.2084507
A13: 12 | B13: 1 | C13: 1 | D13: 1.5-2l | E13: >35 | F13: 1640 | G13: 233 | H13: =IFERROR(G13/F13,0) -> 0.14207317
... A65: 64 | B65: 4 | C65: 4 | D65: >2l | E65: >35 | F65: 114 | G65: 33 | H65: =IFERROR(G65/F65,0) -> 0.28947368

Sheet Design_Matrix
A1: row_id | B1: Intercept | C1: District_2 | D1: District_3 | E1: District_4 | F1: Group_1-1.5l | G1: Group_1.5-2l | H1: Group_>2l | I1: Age_25-29 | J1: Age_30-35 | K1: Age_>35 | L1: Claims | M1: Holders | N1: AvgClaims
A2: =Insurance_Data!A2 -> 1 | B2: 1 | C2: =--(Insurance_Data!C2="2") -> 0 | D2: =--(Insurance_Data!C2="3") -> 0 | E2: =--(Insurance_Data!C2="4") -> 0 | F2: =--(Insurance_Data!D2="1-1.5l") -> 0 | G2: =--(Insurance_Data!D2="1.5-2l") -> 0 | H2: =--(Insurance_Data!D2=">2l") -> 0 | I2: =--(Insurance_Data!E2="25-29") -> 0 | J2: =--(Insurance_Data!E2="30-35") -> 0 | K2: =--(Insurance_Data!E2=">35") -> 0 | L2: =Insurance_Data!G2 -> 38 | M2: =Insurance_Data!F2 -> 197 | N2: =Insurance_Data!H2 -> 0.1928934
A3: =Insurance_Data!A3 -> 2 | B3: 1 | C3: =--(Insurance_Data!C3="2") -> 0 | D3: =--(Insurance_Data!C3="3") -> 0 | E3: =--(Insurance_Data!C3="4") -> 0 | F3: =--(Insurance_Data!D3="1-1.5l") -> 0 | G3: =--(Insurance_Data!D3="1.5-2l") -> 0 | H3: =--(Insurance_Data!D3=">2l") -> 0 | I3: =--(Insurance_Data!E3="25-29") -> 1 | J3: =--(Insurance_Data!E3="30-35") -> 0 | K3: =--(Insurance_Data!E3=">35") -> 0 | L3: =Insurance_Data!G3 -> 35 | M3: =Insurance_Data!F3 -> 264 | N3: =Insurance_Data!H3 -> 0.13257576
A4: =Insurance_Data!A4 -> 3 | B4: 1 | C4: =--(Insurance_Data!C4="2") -> 0 | D4: =--(Insurance_Data!C4="3") -> 0 | E4: =--(Insurance_Data!C4="4") -> 0 | F4: =--(Insurance_Data!D4="1-1.5l") -> 0 | G4: =--(Insurance_Data!D4="1.5-2l") -> 0 | H4: =--(Insurance_Data!D4=">2l") -> 0 | I4: =--(Insurance_Data!E4="25-29") -> 0 | J4: =--(Insurance_Data!E4="30-35") -> 1 | K4: =--(Insurance_Data!E4=">35") -> 0 | L4: =Insurance_Data!G4 -> 20 | M4: =Insurance_Data!F4 -> 246 | N4: =Insurance_Data!H4 -> 0.081300813
A5: =Insurance_Data!A5 -> 4 | B5: 1 | C5: =--(Insurance_Data!C5="2") -> 0 | D5: =--(Insurance_Data!C5="3") -> 0 | E5: =--(Insurance_Data!C5="4") -> 0 | F5: =--(Insurance_Data!D5="1-1.5l") -> 0 | G5: =--(Insurance_Data!D5="1.5-2l") -> 0 | H5: =--(Insurance_Data!D5=">2l") -> 0 | I5: =--(Insurance_Data!E5="25-29") -> 0 | J5: =--(Insurance_Data!E5="30-35") -> 0 | K5: =--(Insurance_Data!E5=">35") -> 1 | L5: =Insurance_Data!G5 -> 156 | M5: =Insurance_Data!F5 -> 1680 | N5: =Insurance_Data!H5 -> 0.092857143
A6: =Insurance_Data!A6 -> 5 | B6: 1 | C6: =--(Insurance_Data!C6="2") -> 0 | D6: =--(Insurance_Data!C6="3") -> 0 | E6: =--(Insurance_Data!C6="4") -> 0 | F6: =--(Insurance_Data!D6="1-1.5l") -> 1 | G6: =--(Insurance_Data!D6="1.5-2l") -> 0 | H6: =--(Insurance_Data!D6=">2l") -> 0 | I6: =--(Insurance_Data!E6="25-29") -> 0 | J6: =--(Insurance_Data!E6="30-35") -> 0 | K6: =--(Insurance_Data!E6=">35") -> 0 | L6: =Insurance_Data!G6 -> 63 | M6: =Insurance_Data!F6 -> 284 | N6: =Insurance_Data!H6 -> 0.22183099
A7: =Insurance_Data!A7 -> 6 | B7: 1 | C7: =--(Insurance_Data!C7="2") -> 0 | D7: =--(Insurance_Data!C7="3") -> 0 | E7: =--(Insurance_Data!C7="4") -> 0 | F7: =--(Insurance_Data!D7="1-1.5l") -> 1 | G7: =--(Insurance_Data!D7="1.5-2l") -> 0 | H7: =--(Insurance_Data!D7=">2l") -> 0 | I7: =--(Insurance_Data!E7="25-29") -> 1 | J7: =--(Insurance_Data!E7="30-35") -> 0 | K7: =--(Insurance_Data!E7=">35") -> 0 | L7: =Insurance_Data!G7 -> 84 | M7: =Insurance_Data!F7 -> 536 | N7: =Insurance_Data!H7 -> 0.15671642
A8: =Insurance_Data!A8 -> 7 | B8: 1 | C8: =--(Insurance_Data!C8="2") -> 0 | D8: =--(Insurance_Data!C8="3") -> 0 | E8: =--(Insurance_Data!C8="4") -> 0 | F8: =--(Insurance_Data!D8="1-1.5l") -> 1 | G8: =--(Insurance_Data!D8="1.5-2l") -> 0 | H8: =--(Insurance_Data!D8=">2l") -> 0 | I8: =--(Insurance_Data!E8="25-29") -> 0 | J8: =--(Insurance_Data!E8="30-35") -> 1 | K8: =--(Insurance_Data!E8=">35") -> 0 | L8: =Insurance_Data!G8 -> 89 | M8: =Insurance_Data!F8 -> 696 | N8: =Insurance_Data!H8 -> 0.12787356
A9: =Insurance_Data!A9 -> 8 | B9: 1 | C9: =--(Insurance_Data!C9="2") -> 0 | D9: =--(Insurance_Data!C9="3") -> 0 | E9: =--(Insurance_Data!C9="4") -> 0 | F9: =--(Insurance_Data!D9="1-1.5l") -> 1 | G9: =--(Insurance_Data!D9="1.5-2l") -> 0 | H9: =--(Insurance_Data!D9=">2l") -> 0 | I9: =--(Insurance_Data!E9="25-29") -> 0 | J9: =--(Insurance_Data!E9="30-35") -> 0 | K9: =--(Insurance_Data!E9=">35") -> 1 | L9: =Insurance_Data!G9 -> 400 | M9: =Insurance_Data!F9 -> 3582 | N9: =Insurance_Data!H9 -> 0.11166946
A10: =Insurance_Data!A10 -> 9 | B10: 1 | C10: =--(Insurance_Data!C10="2") -> 0 | D10: =--(Insurance_Data!C10="3") -> 0 | E10: =--(Insurance_Data!C10="4") -> 0 | F10: =--(Insurance_Data!D10="1-1.5l") -> 0 | G10: =--(Insurance_Data!D10="1.5-2l") -> 1 | H10: =--(Insurance_Data!D10=">2l") -> 0 | I10: =--(Insurance_Data!E10="25-29") -> 0 | J10: =--(Insurance_Data!E10="30-35") -> 0 | K10: =--(Insurance_Data!E10=">35") -> 0 | L10: =Insurance_Data!G10 -> 19 | M10: =Insurance_Data!F10 -> 133 | N10: =Insurance_Data!H10 -> 0.14285714
A11: =Insurance_Data!A11 -> 10 | B11: 1 | C11: =--(Insurance_Data!C11="2") -> 0 | D11: =--(Insurance_Data!C11="3") -> 0 | E11: =--(Insurance_Data!C11="4") -> 0 | F11: =--(Insurance_Data!D11="1-1.5l") -> 0 | G11: =--(Insurance_Data!D11="1.5-2l") -> 1 | H11: =--(Insurance_Data!D11=">2l") -> 0 | I11: =--(Insurance_Data!E11="25-29") -> 1 | J11: =--(Insurance_Data!E11="30-35") -> 0 | K11: =--(Insurance_Data!E11=">35") -> 0 | L11: =Insurance_Data!G11 -> 52 | M11: =Insurance_Data!F11 -> 286 | N11: =Insurance_Data!H11 -> 0.18181818
A12: =Insurance_Data!A12 -> 11 | B12: 1 | C12: =--(Insurance_Data!C12="2") -> 0 | D12: =--(Insurance_Data!C12="3") -> 0 | E12: =--(Insurance_Data!C12="4") -> 0 | F12: =--(Insurance_Data!D12="1-1.5l") -> 0 | G12: =--(Insurance_Data!D12="1.5-2l") -> 1 | H12: =--(Insurance_Data!D12=">2l") -> 0 | I12: =--(Insurance_Data!E12="25-29") -> 0 | J12: =--(Insurance_Data!E12="30-35") -> 1 | K12: =--(Insurance_Data!E12=">35") -> 0 | L12: =Insurance_Data!G12 -> 74 | M12: =Insurance_Data!F12 -> 355 | N12: =Insurance_Data!H12 -> 0.2084507
A13: =Insurance_Data!A13 -> 12 | B13: 1 | C13: =--(Insurance_Data!C13="2") -> 0 | D13: =--(Insurance_Data!C13="3") -> 0 | E13: =--(Insurance_Data!C13="4") -> 0 | F13: =--(Insurance_Data!D13="1-1.5l") -> 0 | G13: =--(Insurance_Data!D13="1.5-2l") -> 1 | H13: =--(Insurance_Data!D13=">2l") -> 0 | I13: =--(Insurance_Data!E13="25-29") -> 0 | J13: =--(Insurance_Data!E13="30-35") -> 0 | K13: =--(Insurance_Data!E13=">35") -> 1 | L13: =Insurance_Data!G13 -> 233 | M13: =Insurance_Data!F13 -> 1640 | N13: =Insurance_Data!H13 -> 0.14207317
... A65: =Insurance_Data!A65 -> 64 | B65: 1 | C65: =--(Insurance_Data!C65="2") -> 0 | D65: =--(Insurance_Data!C65="3") -> 0 | E65: =--(Insurance_Data!C65="4") -> 1 | F65: =--(Insurance_Data!D65="1-1.5l") -> 0 | G65: =--(Insurance_Data!D65="1.5-2l") -> 0 | H65: =--(Insurance_Data!D65=">2l") -> 1 | I65: =--(Insurance_Data!E65="25-29") -> 0 | J65: =--(Insurance_Data!E65="30-35") -> 0 | K65: =--(Insurance_Data!E65=">35") -> 1 | L65: =Insurance_Data!G65 -> 33 | M65: =Insurance_Data!F65 -> 114 | N65: =Insurance_Data!H65 -> 0.28947368

Sheet Poisson_No_Offset
A1: learning_rate | B1: 1e-05
A2: iterations | B2: 8
A4: coef | B4: iter_0 | C4: iter_1 | D4: iter_2 | E4: iter_3 | F4: iter_4 | G4: iter_5 | H4: iter_6 | I4: iter_7 | J4: iter_8 | L4: Row mechanics by iteration
A5: Intercept | B5: 0 | C5: =IFERROR(B5+$B$1*B75/COUNT(Design_Matrix!A2:A65),B5) -> 0.00048234375 | D5: =IFERROR(C5+$B$1*C75/COUNT(Design_Matrix!A2:A65),C5) -> 0.0009646875 | E5: =IFERROR(D5+$B$1*D75/COUNT(Design_Matrix!A2:A65),D5) -> 0.0014470312 | F5: =IFERROR(E5+$B$1*E75/COUNT(Design_Matrix!A2:A65),E5) -> 0.001929375 | G5: =IFERROR(F5+$B$1*F75/COUNT(Design_Matrix!A2:A65),F5) -> 0.0024117188 | H5: =IFERROR(G5+$B$1*G75/COUNT(Design_Matrix!A2:A65),G5) -> 0.0028940625 | I5: =IFERROR(H5+$B$1*H75/COUNT(Design_Matrix!A2:A65),H5) -> 0.0033764063 | J5: =IFERROR(I5+$B$1*I75/COUNT(Design_Matrix!A2:A65),I5) -> 0.00385875 | L5: eta_iter_0 | M5: mu_iter_0 | N5: eta_iter_1 | O5: mu_iter_1 | P5: eta_iter_2 | Q5: mu_iter_2 | R5: eta_iter_3 | S5: mu_iter_3 | T5: eta_iter_4 | U5: mu_iter_4 | V5: eta_iter_5 | W5: mu_iter_5 | X5: eta_iter_6 | Y5: mu_iter_6 | Z5: eta_iter_7 | AA5: mu_iter_7 | AB5: eta_iter_8 | AC5: mu_iter_8
A6: District_2 | B6: 0 | C6: =IFERROR(B6+$B$1*B76/COUNT(Design_Matrix!A2:A65),B6) -> 0.00013671875 | D6: =IFERROR(C6+$B$1*C76/COUNT(Design_Matrix!A2:A65),C6) -> 0.0002734375 | E6: =IFERROR(D6+$B$1*D76/COUNT(Design_Matrix!A2:A65),D6) -> 0.00041015625 | F6: =IFERROR(E6+$B$1*E76/COUNT(Design_Matrix!A2:A65),E6) -> 0.000546875 | G6: =IFERROR(F6+$B$1*F76/COUNT(Design_Matrix!A2:A65),F6) -> 0.00068359375 | H6: =IFERROR(G6+$B$1*G76/COUNT(Design_Matrix!A2:A65),G6) -> 0.0008203125 | I6: =IFERROR(H6+$B$1*H76/COUNT(Design_Matrix!A2:A65),H6) -> 0.00095703125 | J6: =IFERROR(I6+$B$1*I76/COUNT(Design_Matrix!A2:A65),I6) -> 0.00109375 | L6: =IFERROR(SUMPRODUCT(Design_Matrix!B2:K2,$B$5:$B$14),0) -> 0 | M6: =EXP(MAX(-50,MIN(50,L6))) -> 1 | N6: =IFERROR(SUMPRODUCT(Design_Matrix!B2:K2,$C$5:$C$14),0) -> 0 | O6: =EXP(MAX(-50,MIN(50,N6))) -> 1 | P6: =IFERROR(SUMPRODUCT(Design_Matrix!B2:K2,$D$5:$D$14),0) -> 0 | Q6: =EXP(MAX(-50,MIN(50,P6))) -> 1 | R6: =IFERROR(SUMPRODUCT(Design_Matrix!B2:K2,$E$5:$E$14),0) -> 0 | S6: =EXP(MAX(-50,MIN(50,R6))) -> 1 | T6: =IFERROR(SUMPRODUCT(Design_Matrix!B2:K2,$F$5:$F$14),0) -> 0 | U6: =EXP(MAX(-50,MIN(50,T6))) -> 1 | V6: =IFERROR(SUMPRODUCT(Design_Matrix!B2:K2,$G$5:$G$14),0) -> 0 | W6: =EXP(MAX(-50,MIN(50,V6))) -> 1 | X6: =IFERROR(SUMPRODUCT(Design_Matrix!B2:K2,$H$5:$H$14),0) -> 0 | Y6: =EXP(MAX(-50,MIN(50,X6))) -> 1 | Z6: =IFERROR(SUMPRODUCT(Design_Matrix!B2:K2,$I$5:$I$14),0) -> 0 | AA6: =EXP(MAX(-50,MIN(50,Z6))) -> 1 | AB6: =IFERROR(SUMPRODUCT(Design_Matrix!B2:K2,$J$5:$J$14),0) -> 0 | AC6: =EXP(MAX(-50,MIN(50,AB6))) -> 1
A7: District_3 | B7: 0 | C7: =IFERROR(B7+$B$1*B77/COUNT(Design_Matrix!A2:A65),B7) -> 8.390625e-05 | D7: =IFERROR(C7+$B$1*C77/COUNT(Design_Matrix!A2:A65),C7) -> 0.0001678125 | E7: =IFERROR(D7+$B$1*D77/COUNT(Design_Matrix!A2:A65),D7) -> 0.00025171875 | F7: =IFERROR(E7+$B$1*E77/COUNT(Design_Matrix!A2:A65),E7) -> 0.000335625 | G7: =IFERROR(F7+$B$1*F77/COUNT(Design_Matrix!A2:A65),F7) -> 0.00041953125 | H7: =IFERROR(G7+$B$1*G77/COUNT(Design_Matrix!A2:A65),G7) -> 0.0005034375 | I7: =IFERROR(H7+$B$1*H77/COUNT(Design_Matrix!A2:A65),H7) -> 0.00058734375 | J7: =IFERROR(I7+$B$1*I77/COUNT(Design_Matrix!A2:A65),I7) -> 0.00067125 | L7: =IFERROR(SUMPRODUCT(Design_Matrix!B3:K3,$B$5:$B$14),0) -> 0 | M7: =EXP(MAX(-50,MIN(50,L7))) -> 1 | N7: =IFERROR(SUMPRODUCT(Design_Matrix!B3:K3,$C$5:$C$14),0) -> 0 | O7: =EXP(MAX(-50,MIN(50,N7))) -> 1 | P7: =IFERROR(SUMPRODUCT(Design_Matrix!B3:K3,$D$5:$D$14),0) -> 0 | Q7: =EXP(MAX(-50,MIN(50,P7))) -> 1 | R7: =IFERROR(SUMPRODUCT(Design_Matrix!B3:K3,$E$5:$E$14),0) -> 0 | S7: =EXP(MAX(-50,MIN(50,R7))) -> 1 | T7: =IFERROR(SUMPRODUCT(Design_Matrix!B3:K3,$F$5:$F$14),0) -> 0 | U7: =EXP(MAX(-50,MIN(50,T7))) -> 1 | V7: =IFERROR(SUMPRODUCT(Design_Matrix!B3:K3,$G$5:$G$14),0) -> 0 | W7: =EXP(MAX(-50,MIN(50,V7))) -> 1 | X7: =IFERROR(SUMPRODUCT(Design_Matrix!B3:K3,$H$5:$H$14),0) -> 0 | Y7: =EXP(MAX(-50,MIN(50,X7))) -> 1 | Z7: =IFERROR(SUMPRODUCT(Design_Matrix!B3:K3,$I$5:$I$14),0) -> 0 | AA7: =EXP(MAX(-50,MIN(50,Z7))) -> 1 | AB7: =IFERROR(SUMPRODUCT(Design_Matrix!B3:K3,$J$5:$J$14),0) -> 0 | AC7: =EXP(MAX(-50,MIN(50,AB7))) -> 1
A8: District_4 | B8: 0 | C8: =IFERROR(B8+$B$1*B78/COUNT(Design_Matrix!A2:A65),B8) -> 4.84375e-05 | D8: =IFERROR(C8+$B$1*C78/COUNT(Design_Matrix!A2:A65),C8) -> 9.6875e-05 | E8: =IFERROR(D8+$B$1*D78/COUNT(Design_Matrix!A2:A65),D8) -> 0.0001453125 | F8: =IFERROR(E8+$B$1*E78/COUNT(Design_Matrix!A2:A65),E8) -> 0.00019375 | G8: =IFERROR(F8+$B$1*F78/COUNT(Design_Matrix!A2:A65),F8) -> 0.0002421875 | H8: =IFERROR(G8+$B$1*G78/COUNT(Design_Matrix!A2:A65),G8) -> 0.000290625 | I8: =IFERROR(H8+$B$1*H78/COUNT(Design_Matrix!A2:A65),H8) -> 0.0003390625 | J8: =IFERROR(I8+$B$1*I78/COUNT(Design_Matrix!A2:A65),I8) -> 0.0003875 | L8: =IFERROR(SUMPRODUCT(Design_Matrix!B4:K4,$B$5:$B$14),0) -> 0 | M8: =EXP(MAX(-50,MIN(50,L8))) -> 1 | N8: =IFERROR(SUMPRODUCT(Design_Matrix!B4:K4,$C$5:$C$14),0) -> 0 | O8: =EXP(MAX(-50,MIN(50,N8))) -> 1 | P8: =IFERROR(SUMPRODUCT(Design_Matrix!B4:K4,$D$5:$D$14),0) -> 0 | Q8: =EXP(MAX(-50,MIN(50,P8))) -> 1 | R8: =IFERROR(SUMPRODUCT(Design_Matrix!B4:K4,$E$5:$E$14),0) -> 0 | S8: =EXP(MAX(-50,MIN(50,R8))) -> 1 | T8: =IFERROR(SUMPRODUCT(Design_Matrix!B4:K4,$F$5:$F$14),0) -> 0 | U8: =EXP(MAX(-50,MIN(50,T8))) -> 1 | V8: =IFERROR(SUMPRODUCT(Design_Matrix!B4:K4,$G$5:$G$14),0) -> 0 | W8: =EXP(MAX(-50,MIN(50,V8))) -> 1 | X8: =IFERROR(SUMPRODUCT(Design_Matrix!B4:K4,$H$5:$H$14),0) -> 0 | Y8: =EXP(MAX(-50,MIN(50,X8))) -> 1 | Z8: =IFERROR(SUMPRODUCT(Design_Matrix!B4:K4,$I$5:$I$14),0) -> 0 | AA8: =EXP(MAX(-50,MIN(50,Z8))) -> 1 | AB8: =IFERROR(SUMPRODUCT(Design_Matrix!B4:K4,$J$5:$J$14),0) -> 0 | AC8: =EXP(MAX(-50,MIN(50,AB8))) -> 1
A9: Group_1-1.5l | B9: 0 | C9: =IFERROR(B9+$B$1*B79/COUNT(Design_Matrix!A2:A65),B9) -> 0.0002240625 | D9: =IFERROR(C9+$B$1*C79/COUNT(Design_Matrix!A2:A65),C9) -> 0.000448125 | E9: =IFERROR(D9+$B$1*D79/COUNT(Design_Matrix!A2:A65),D9) -> 0.0006721875 | F9: =IFERROR(E9+$B$1*E79/COUNT(Design_Matrix!A2:A65),E9) -> 0.00089625 | G9: =IFERROR(F9+$B$1*F79/COUNT(Design_Matrix!A2:A65),F9) -> 0.0011203125 | H9: =IFERROR(G9+$B$1*G79/COUNT(Design_Matrix!A2:A65),G9) -> 0.001344375 | I9: =IFERROR(H9+$B$1*H79/COUNT(Design_Matrix!A2:A65),H9) -> 0.0015684375 | J9: =IFERROR(I9+$B$1*I79/COUNT(Design_Matrix!A2:A65),I9) -> 0.0017925 | L9: =IFERROR(SUMPRODUCT(Design_Matrix!B5:K5,$B$5:$B$14),0) -> 0 | M9: =EXP(MAX(-50,MIN(50,L9))) -> 1 | N9: =IFERROR(SUMPRODUCT(Design_Matrix!B5:K5,$C$5:$C$14),0) -> 0 | O9: =EXP(MAX(-50,MIN(50,N9))) -> 1 | P9: =IFERROR(SUMPRODUCT(Design_Matrix!B5:K5,$D$5:$D$14),0) -> 0 | Q9: =EXP(MAX(-50,MIN(50,P9))) -> 1 | R9: =IFERROR(SUMPRODUCT(Design_Matrix!B5:K5,$E$5:$E$14),0) -> 0 | S9: =EXP(MAX(-50,MIN(50,R9))) -> 1 | T9: =IFERROR(SUMPRODUCT(Design_Matrix!B5:K5,$F$5:$F$14),0) -> 0 | U9: =EXP(MAX(-50,MIN(50,T9))) -> 1 | V9: =IFERROR(SUMPRODUCT(Design_Matrix!B5:K5,$G$5:$G$14),0) -> 0 | W9: =EXP(MAX(-50,MIN(50,V9))) -> 1 | X9: =IFERROR(SUMPRODUCT(Design_Matrix!B5:K5,$H$5:$H$14),0) -> 0 | Y9: =EXP(MAX(-50,MIN(50,X9))) -> 1 | Z9: =IFERROR(SUMPRODUCT(Design_Matrix!B5:K5,$I$5:$I$14),0) -> 0 | AA9: =EXP(MAX(-50,MIN(50,Z9))) -> 1 | AB9: =IFERROR(SUMPRODUCT(Design_Matrix!B5:K5,$J$5:$J$14),0) -> 0 | AC9: =EXP(MAX(-50,MIN(50,AB9))) -> 1
A10: Group_1.5-2l | B10: 0 | C10: =IFERROR(B10+$B$1*B80/COUNT(Design_Matrix!A2:A65),B10) -> 0.00013234375 | D10: =IFERROR(C10+$B$1*C80/COUNT(Design_Matrix!A2:A65),C10) -> 0.0002646875 | E10: =IFERROR(D10+$B$1*D80/COUNT(Design_Matrix!A2:A65),D10) -> 0.00039703125 | F10: =IFERROR(E10+$B$1*E80/COUNT(Design_Matrix!A2:A65),E10) -> 0.000529375 | G10: =IFERROR(F10+$B$1*F80/COUNT(Design_Matrix!A2:A65),F10) -> 0.00066171875 | H10: =IFERROR(G10+$B$1*G80/COUNT(Design_Matrix!A2:A65),G10) -> 0.0007940625 | I10: =IFERROR(H10+$B$1*H80/COUNT(Design_Matrix!A2:A65),H10) -> 0.00092640625 | J10: =IFERROR(I10+$B$1*I80/COUNT(Design_Matrix!A2:A65),I10) -> 0.00105875 | L10: =IFERROR(SUMPRODUCT(Design_Matrix!B6:K6,$B$5:$B$14),0) -> 0 | M10: =EXP(MAX(-50,MIN(50,L10))) -> 1 | N10: =IFERROR(SUMPRODUCT(Design_Matrix!B6:K6,$C$5:$C$14),0) -> 0 | O10: =EXP(MAX(-50,MIN(50,N10))) -> 1 | P10: =IFERROR(SUMPRODUCT(Design_Matrix!B6:K6,$D$5:$D$14),0) -> 0 | Q10: =EXP(MAX(-50,MIN(50,P10))) -> 1 | R10: =IFERROR(SUMPRODUCT(Design_Matrix!B6:K6,$E$5:$E$14),0) -> 0 | S10: =EXP(MAX(-50,MIN(50,R10))) -> 1 | T10: =IFERROR(SUMPRODUCT(Design_Matrix!B6:K6,$F$5:$F$14),0) -> 0 | U10: =EXP(MAX(-50,MIN(50,T10))) -> 1 | V10: =IFERROR(SUMPRODUCT(Design_Matrix!B6:K6,$G$5:$G$14),0) -> 0 | W10: =EXP(MAX(-50,MIN(50,V10))) -> 1 | X10: =IFERROR(SUMPRODUCT(Design_Matrix!B6:K6,$H$5:$H$14),0) -> 0 | Y10: =EXP(MAX(-50,MIN(50,X10))) -> 1 | Z10: =IFERROR(SUMPRODUCT(Design_Matrix!B6:K6,$I$5:$I$14),0) -> 0 | AA10: =EXP(MAX(-50,MIN(50,Z10))) -> 1 | AB10: =IFERROR(SUMPRODUCT(Design_Matrix!B6:K6,$J$5:$J$14),0) -> 0 | AC10: =EXP(MAX(-50,MIN(50,AB10))) -> 1
A11: Group_>2l | B11: 0 | C11: =IFERROR(B11+$B$1*B81/COUNT(Design_Matrix!A2:A65),B11) -> 4.421875e-05 | D11: =IFERROR(C11+$B$1*C81/COUNT(Design_Matrix!A2:A65),C11) -> 8.84375e-05 | E11: =IFERROR(D11+$B$1*D81/COUNT(Design_Matrix!A2:A65),D11) -> 0.00013265625 | F11: =IFERROR(E11+$B$1*E81/COUNT(Design_Matrix!A2:A65),E11) -> 0.000176875 | G11: =IFERROR(F11+$B$1*F81/COUNT(Design_Matrix!A2:A65),F11) -> 0.00022109375 | H11: =IFERROR(G11+$B$1*G81/COUNT(Design_Matrix!A2:A65),G11) -> 0.0002653125 | I11: =IFERROR(H11+$B$1*H81/COUNT(Design_Matrix!A2:A65),H11) -> 0.00030953125 | J11: =IFERROR(I11+$B$1*I81/COUNT(Design_Matrix!A2:A65),I11) -> 0.00035375 | L11: =IFERROR(SUMPRODUCT(Design_Matrix!B7:K7,$B$5:$B$14),0) -> 0 | M11: =EXP(MAX(-50,MIN(50,L11))) -> 1 | N11: =IFERROR(SUMPRODUCT(Design_Matrix!B7:K7,$C$5:$C$14),0) -> 0 | O11: =EXP(MAX(-50,MIN(50,N11))) -> 1 | P11: =IFERROR(SUMPRODUCT(Design_Matrix!B7:K7,$D$5:$D$14),0) -> 0 | Q11: =EXP(MAX(-50,MIN(50,P11))) -> 1 | R11: =IFERROR(SUMPRODUCT(Design_Matrix!B7:K7,$E$5:$E$14),0) -> 0 | S11: =EXP(MAX(-50,MIN(50,R11))) -> 1 | T11: =IFERROR(SUMPRODUCT(Design_Matrix!B7:K7,$F$5:$F$14),0) -> 0 | U11: =EXP(MAX(-50,MIN(50,T11))) -> 1 | V11: =IFERROR(SUMPRODUCT(Design_Matrix!B7:K7,$G$5:$G$14),0) -> 0 | W11: =EXP(MAX(-50,MIN(50,V11))) -> 1 | X11: =IFERROR(SUMPRODUCT(Design_Matrix!B7:K7,$H$5:$H$14),0) -> 0 | Y11: =EXP(MAX(-50,MIN(50,X11))) -> 1 | Z11: =IFERROR(SUMPRODUCT(Design_Matrix!B7:K7,$I$5:$I$14),0) -> 0 | AA11: =EXP(MAX(-50,MIN(50,Z11))) -> 1 | AB11: =IFERROR(SUMPRODUCT(Design_Matrix!B7:K7,$J$5:$J$14),0) -> 0 | AC11: =EXP(MAX(-50,MIN(50,AB11))) -> 1
A12: Age_25-29 | B12: 0 | C12: =IFERROR(B12+$B$1*B82/COUNT(Design_Matrix!A2:A65),B12) -> 6.0625e-05 | D12: =IFERROR(C12+$B$1*C82/COUNT(Design_Matrix!A2:A65),C12) -> 0.00012125 | E12: =IFERROR(D12+$B$1*D82/COUNT(Design_Matrix!A2:A65),D12) -> 0.000181875 | F12: =IFERROR(E12+$B$1*E82/COUNT(Design_Matrix!A2:A65),E12) -> 0.0002425 | G12: =IFERROR(F12+$B$1*F82/COUNT(Design_Matrix!A2:A65),F12) -> 0.000303125 | H12: =IFERROR(G12+$B$1*G82/COUNT(Design_Matrix!A2:A65),G12) -> 0.00036375 | I12: =IFERROR(H12+$B$1*H82/COUNT(Design_Matrix!A2:A65),H12) -> 0.000424375 | J12: =IFERROR(I12+$B$1*I82/COUNT(Design_Matrix!A2:A65),I12) -> 0.000485 | L12: =IFERROR(SUMPRODUCT(Design_Matrix!B8:K8,$B$5:$B$14),0) -> 0 | M12: =EXP(MAX(-50,MIN(50,L12))) -> 1 | N12: =IFERROR(SUMPRODUCT(Design_Matrix!B8:K8,$C$5:$C$14),0) -> 0 | O12: =EXP(MAX(-50,MIN(50,N12))) -> 1 | P12: =IFERROR(SUMPRODUCT(Design_Matrix!B8:K8,$D$5:$D$14),0) -> 0 | Q12: =EXP(MAX(-50,MIN(50,P12))) -> 1 | R12: =IFERROR(SUMPRODUCT(Design_Matrix!B8:K8,$E$5:$E$14),0) -> 0 | S12: =EXP(MAX(-50,MIN(50,R12))) -> 1 | T12: =IFERROR(SUMPRODUCT(Design_Matrix!B8:K8,$F$5:$F$14),0) -> 0 | U12: =EXP(MAX(-50,MIN(50,T12))) -> 1 | V12: =IFERROR(SUMPRODUCT(Design_Matrix!B8:K8,$G$5:$G$14),0) -> 0 | W12: =EXP(MAX(-50,MIN(50,V12))) -> 1 | X12: =IFERROR(SUMPRODUCT(Design_Matrix!B8:K8,$H$5:$H$14),0) -> 0 | Y12: =EXP(MAX(-50,MIN(50,X12))) -> 1 | Z12: =IFERROR(SUMPRODUCT(Design_Matrix!B8:K8,$I$5:$I$14),0) -> 0 | AA12: =EXP(MAX(-50,MIN(50,Z12))) -> 1 | AB12: =IFERROR(SUMPRODUCT(Design_Matrix!B8:K8,$J$5:$J$14),0) -> 0 | AC12: =EXP(MAX(-50,MIN(50,AB12))) -> 1
A13: Age_30-35 | B13: 0 | C13: =IFERROR(B13+$B$1*B83/COUNT(Design_Matrix!A2:A65),B13) -> 6.828125e-05 | D13: =IFERROR(C13+$B$1*C83/COUNT(Design_Matrix!A2:A65),C13) -> 0.0001365625 | E13: =IFERROR(D13+$B$1*D83/COUNT(Design_Matrix!A2:A65),D13) -> 0.00020484375 | F13: =IFERROR(E13+$B$1*E83/COUNT(Design_Matrix!A2:A65),E13) -> 0.000273125 | G13: =IFERROR(F13+$B$1*F83/COUNT(Design_Matrix!A2:A65),F13) -> 0.00034140625 | H13: =IFERROR(G13+$B$1*G83/COUNT(Design_Matrix!A2:A65),G13) -> 0.0004096875 | I13: =IFERROR(H13+$B$1*H83/COUNT(Design_Matrix!A2:A65),H13) -> 0.00047796875 | J13: =IFERROR(I13+$B$1*I83/COUNT(Design_Matrix!A2:A65),I13) -> 0.00054625 | L13: =IFERROR(SUMPRODUCT(Design_Matrix!B9:K9,$B$5:$B$14),0) -> 0 | M13: =EXP(MAX(-50,MIN(50,L13))) -> 1 | N13: =IFERROR(SUMPRODUCT(Design_Matrix!B9:K9,$C$5:$C$14),0) -> 0 | O13: =EXP(MAX(-50,MIN(50,N13))) -> 1 | P13: =IFERROR(SUMPRODUCT(Design_Matrix!B9:K9,$D$5:$D$14),0) -> 0 | Q13: =EXP(MAX(-50,MIN(50,P13))) -> 1 | R13: =IFERROR(SUMPRODUCT(Design_Matrix!B9:K9,$E$5:$E$14),0) -> 0 | S13: =EXP(MAX(-50,MIN(50,R13))) -> 1 | T13: =IFERROR(SUMPRODUCT(Design_Matrix!B9:K9,$F$5:$F$14),0) -> 0 | U13: =EXP(MAX(-50,MIN(50,T13))) -> 1 | V13: =IFERROR(SUMPRODUCT(Design_Matrix!B9:K9,$G$5:$G$14),0) -> 0 | W13: =EXP(MAX(-50,MIN(50,V13))) -> 1 | X13: =IFERROR(SUMPRODUCT(Design_Matrix!B9:K9,$H$5:$H$14),0) -> 0 | Y13: =EXP(MAX(-50,MIN(50,X13))) -> 1 | Z13: =IFERROR(SUMPRODUCT(Design_Matrix!B9:K9,$I$5:$I$14),0) -> 0 | AA13: =EXP(MAX(-50,MIN(50,Z13))) -> 1 | AB13: =IFERROR(SUMPRODUCT(Design_Matrix!B9:K9,$J$5:$J$14),0) -> 0 | AC13: =EXP(MAX(-50,MIN(50,AB13))) -> 1
A14: Age_>35 | B14: 0 | C14: =IFERROR(B14+$B$1*B84/COUNT(Design_Matrix!A2:A65),B14) -> 0.00032015625 | D14: =IFERROR(C14+$B$1*C84/COUNT(Design_Matrix!A2:A65),C14) -> 0.0006403125 | E14: =IFERROR(D14+$B$1*D84/COUNT(Design_Matrix!A2:A65),D14) -> 0.00096046875 | F14: =IFERROR(E14+$B$1*E84/COUNT(Design_Matrix!A2:A65),E14) -> 0.001280625 | G14: =IFERROR(F14+$B$1*F84/COUNT(Design_Matrix!A2:A65),F14) -> 0.0016007813 | H14: =IFERROR(G14+$B$1*G84/COUNT(Design_Matrix!A2:A65),G14) -> 0.0019209375 | I14: =IFERROR(H14+$B$1*H84/COUNT(Design_Matrix!A2:A65),H14) -> 0.0022410938 | J14: =IFERROR(I14+$B$1*I84/COUNT(Design_Matrix!A2:A65),I14) -> 0.00256125 | L14: =IFERROR(SUMPRODUCT(Design_Matrix!B10:K10,$B$5:$B$14),0) -> 0 | M14: =EXP(MAX(-50,MIN(50,L14))) -> 1 | N14: =IFERROR(SUMPRODUCT(Design_Matrix!B10:K10,$C$5:$C$14),0) -> 0 | O14: =EXP(MAX(-50,MIN(50,N14))) -> 1 | P14: =IFERROR(SUMPRODUCT(Design_Matrix!B10:K10,$D$5:$D$14),0) -> 0 | Q14: =EXP(MAX(-50,MIN(50,P14))) -> 1 | R14: =IFERROR(SUMPRODUCT(Design_Matrix!B10:K10,$E$5:$E$14),0) -> 0 | S14: =EXP(MAX(-50,MIN(50,R14))) -> 1 | T14: =IFERROR(SUMPRODUCT(Design_Matrix!B10:K10,$F$5:$F$14),0) -> 0 | U14: =EXP(MAX(-50,MIN(50,T14))) -> 1 | V14: =IFERROR(SUMPRODUCT(Design_Matrix!B10:K10,$G$5:$G$14),0) -> 0 | W14: =EXP(MAX(-50,MIN(50,V14))) -> 1 | X14: =IFERROR(SUMPRODUCT(Design_Matrix!B10:K10,$H$5:$H$14),0) -> 0 | Y14: =EXP(MAX(-50,MIN(50,X14))) -> 1 | Z14: =IFERROR(SUMPRODUCT(Design_Matrix!B10:K10,$I$5:$I$14),0) -> 0 | AA14: =EXP(MAX(-50,MIN(50,Z14))) -> 1 | AB14: =IFERROR(SUMPRODUCT(Design_Matrix!B10:K10,$J$5:$J$14),0) -> 0 | AC14: =EXP(MAX(-50,MIN(50,AB14))) -> 1
L15: =IFERROR(SUMPRODUCT(Design_Matrix!B11:K11,$B$5:$B$14),0) -> 0 | M15: =EXP(MAX(-50,MIN(50,L15))) -> 1 | N15: =IFERROR(SUMPRODUCT(Design_Matrix!B11:K11,$C$5:$C$14),0) -> 0 | O15: =EXP(MAX(-50,MIN(50,N15))) -> 1 | P15: =IFERROR(SUMPRODUCT(Design_Matrix!B11:K11,$D$5:$D$14),0) -> 0 | Q15: =EXP(MAX(-50,MIN(50,P15))) -> 1 | R15: =IFERROR(SUMPRODUCT(Design_Matrix!B11:K11,$E$5:$E$14),0) -> 0 | S15: =EXP(MAX(-50,MIN(50,R15))) -> 1 | T15: =IFERROR(SUMPRODUCT(Design_Matrix!B11:K11,$F$5:$F$14),0) -> 0 | U15: =EXP(MAX(-50,MIN(50,T15))) -> 1 | V15: =IFERROR(SUMPRODUCT(Design_Matrix!B11:K11,$G$5:$G$14),0) -> 0 | W15: =EXP(MAX(-50,MIN(50,V15))) -> 1 | X15: =IFERROR(SUMPRODUCT(Design_Matrix!B11:K11,$H$5:$H$14),0) -> 0 | Y15: =EXP(MAX(-50,MIN(50,X15))) -> 1 | Z15: =IFERROR(SUMPRODUCT(Design_Matrix!B11:K11,$I$5:$I$14),0) -> 0 | AA15: =EXP(MAX(-50,MIN(50,Z15))) -> 1 | AB15: =IFERROR(SUMPRODUCT(Design_Matrix!B11:K11,$J$5:$J$14),0) -> 0 | AC15: =EXP(MAX(-50,MIN(50,AB15))) -> 1
L16: =IFERROR(SUMPRODUCT(Design_Matrix!B12:K12,$B$5:$B$14),0) -> 0 | M16: =EXP(MAX(-50,MIN(50,L16))) -> 1 | N16: =IFERROR(SUMPRODUCT(Design_Matrix!B12:K12,$C$5:$C$14),0) -> 0 | O16: =EXP(MAX(-50,MIN(50,N16))) -> 1 | P16: =IFERROR(SUMPRODUCT(Design_Matrix!B12:K12,$D$5:$D$14),0) -> 0 | Q16: =EXP(MAX(-50,MIN(50,P16))) -> 1 | R16: =IFERROR(SUMPRODUCT(Design_Matrix!B12:K12,$E$5:$E$14),0) -> 0 | S16: =EXP(MAX(-50,MIN(50,R16))) -> 1 | T16: =IFERROR(SUMPRODUCT(Design_Matrix!B12:K12,$F$5:$F$14),0) -> 0 | U16: =EXP(MAX(-50,MIN(50,T16))) -> 1 | V16: =IFERROR(SUMPRODUCT(Design_Matrix!B12:K12,$G$5:$G$14),0) -> 0 | W16: =EXP(MAX(-50,MIN(50,V16))) -> 1 | X16: =IFERROR(SUMPRODUCT(Design_Matrix!B12:K12,$H$5:$H$14),0) -> 0 | Y16: =EXP(MAX(-50,MIN(50,X16))) -> 1 | Z16: =IFERROR(SUMPRODUCT(Design_Matrix!B12:K12,$I$5:$I$14),0) -> 0 | AA16: =EXP(MAX(-50,MIN(50,Z16))) -> 1 | AB16: =IFERROR(SUMPRODUCT(Design_Matrix!B12:K12,$J$5:$J$14),0) -> 0 | AC16: =EXP(MAX(-50,MIN(50,AB16))) -> 1
L17: =IFERROR(SUMPRODUCT(Design_Matrix!B13:K13,$B$5:$B$14),0) -> 0 | M17: =EXP(MAX(-50,MIN(50,L17))) -> 1 | N17: =IFERROR(SUMPRODUCT(Design_Matrix!B13:K13,$C$5:$C$14),0) -> 0 | O17: =EXP(MAX(-50,MIN(50,N17))) -> 1 | P17: =IFERROR(SUMPRODUCT(Design_Matrix!B13:K13,$D$5:$D$14),0) -> 0 | Q17: =EXP(MAX(-50,MIN(50,P17))) -> 1 | R17: =IFERROR(SUMPRODUCT(Design_Matrix!B13:K13,$E$5:$E$14),0) -> 0 | S17: =EXP(MAX(-50,MIN(50,R17))) -> 1 | T17: =IFERROR(SUMPRODUCT(Design_Matrix!B13:K13,$F$5:$F$14),0) -> 0 | U17: =EXP(MAX(-50,MIN(50,T17))) -> 1 | V17: =IFERROR(SUMPRODUCT(Design_Matrix!B13:K13,$G$5:$G$14),0) -> 0 | W17: =EXP(MAX(-50,MIN(50,V17))) -> 1 | X17: =IFERROR(SUMPRODUCT(Design_Matrix!B13:K13,$H$5:$H$14),0) -> 0 | Y17: =EXP(MAX(-50,MIN(50,X17))) -> 1 | Z17: =IFERROR(SUMPRODUCT(Design_Matrix!B13:K13,$I$5:$I$14),0) -> 0 | AA17: =EXP(MAX(-50,MIN(50,Z17))) -> 1 | AB17: =IFERROR(SUMPRODUCT(Design_Matrix!B13:K13,$J$5:$J$14),0) -> 0 | AC17: =EXP(MAX(-50,MIN(50,AB17))) -> 1
L18: =IFERROR(SUMPRODUCT(Design_Matrix!B14:K14,$B$5:$B$14),0) -> 0 | M18: =EXP(MAX(-50,MIN(50,L18))) -> 1 | N18: =IFERROR(SUMPRODUCT(Design_Matrix!B14:K14,$C$5:$C$14),0) -> 0 | O18: =EXP(MAX(-50,MIN(50,N18))) -> 1 | P18: =IFERROR(SUMPRODUCT(Design_Matrix!B14:K14,$D$5:$D$14),0) -> 0 | Q18: =EXP(MAX(-50,MIN(50,P18))) -> 1 | R18: =IFERROR(SUMPRODUCT(Design_Matrix!B14:K14,$E$5:$E$14),0) -> 0 | S18: =EXP(MAX(-50,MIN(50,R18))) -> 1 | T18: =IFERROR(SUMPRODUCT(Design_Matrix!B14:K14,$F$5:$F$14),0) -> 0 | U18: =EXP(MAX(-50,MIN(50,T18))) -> 1 | V18: =IFERROR(SUMPRODUCT(Design_Matrix!B14:K14,$G$5:$G$14),0) -> 0 | W18: =EXP(MAX(-50,MIN(50,V18))) -> 1 | X18: =IFERROR(SUMPRODUCT(Design_Matrix!B14:K14,$H$5:$H$14),0) -> 0 | Y18: =EXP(MAX(-50,MIN(50,X18))) -> 1 | Z18: =IFERROR(SUMPRODUCT(Design_Matrix!B14:K14,$I$5:$I$14),0) -> 0 | AA18: =EXP(MAX(-50,MIN(50,Z18))) -> 1 | AB18: =IFERROR(SUMPRODUCT(Design_Matrix!B14:K14,$J$5:$J$14),0) -> 0 | AC18: =EXP(MAX(-50,MIN(50,AB18))) -> 1
L19: =IFERROR(SUMPRODUCT(Design_Matrix!B15:K15,$B$5:$B$14),0) -> 0 | M19: =EXP(MAX(-50,MIN(50,L19))) -> 1 | N19: =IFERROR(SUMPRODUCT(Design_Matrix!B15:K15,$C$5:$C$14),0) -> 0 | O19: =EXP(MAX(-50,MIN(50,N19))) -> 1 | P19: =IFERROR(SUMPRODUCT(Design_Matrix!B15:K15,$D$5:$D$14),0) -> 0 | Q19: =EXP(MAX(-50,MIN(50,P19))) -> 1 | R19: =IFERROR(SUMPRODUCT(Design_Matrix!B15:K15,$E$5:$E$14),0) -> 0 | S19: =EXP(MAX(-50,MIN(50,R19))) -> 1 | T19: =IFERROR(SUMPRODUCT(Design_Matrix!B15:K15,$F$5:$F$14),0) -> 0 | U19: =EXP(MAX(-50,MIN(50,T19))) -> 1 | V19: =IFERROR(SUMPRODUCT(Design_Matrix!B15:K15,$G$5:$G$14),0) -> 0 | W19: =EXP(MAX(-50,MIN(50,V19))) -> 1 | X19: =IFERROR(SUMPRODUCT(Design_Matrix!B15:K15,$H$5:$H$14),0) -> 0 | Y19: =EXP(MAX(-50,MIN(50,X19))) -> 1 | Z19: =IFERROR(SUMPRODUCT(Design_Matrix!B15:K15,$I$5:$I$14),0) -> 0 | AA19: =EXP(MAX(-50,MIN(50,Z19))) -> 1 | AB19: =IFERROR(SUMPRODUCT(Design_Matrix!B15:K15,$J$5:$J$14),0) -> 0 | AC19: =EXP(MAX(-50,MIN(50,AB19))) -> 1
L20: =IFERROR(SUMPRODUCT(Design_Matrix!B16:K16,$B$5:$B$14),0) -> 0 | M20: =EXP(MAX(-50,MIN(50,L20))) -> 1 | N20: =IFERROR(SUMPRODUCT(Design_Matrix!B16:K16,$C$5:$C$14),0) -> 0 | O20: =EXP(MAX(-50,MIN(50,N20))) -> 1 | P20: =IFERROR(SUMPRODUCT(Design_Matrix!B16:K16,$D$5:$D$14),0) -> 0 | Q20: =EXP(MAX(-50,MIN(50,P20))) -> 1 | R20: =IFERROR(SUMPRODUCT(Design_Matrix!B16:K16,$E$5:$E$14),0) -> 0 | S20: =EXP(MAX(-50,MIN(50,R20))) -> 1 | T20: =IFERROR(SUMPRODUCT(Design_Matrix!B16:K16,$F$5:$F$14),0) -> 0 | U20: =EXP(MAX(-50,MIN(50,T20))) -> 1 | V20: =IFERROR(SUMPRODUCT(Design_Matrix!B16:K16,$G$5:$G$14),0) -> 0 | W20: =EXP(MAX(-50,MIN(50,V20))) -> 1 | X20: =IFERROR(SUMPRODUCT(Design_Matrix!B16:K16,$H$5:$H$14),0) -> 0 | Y20: =EXP(MAX(-50,MIN(50,X20))) -> 1 | Z20: =IFERROR(SUMPRODUCT(Design_Matrix!B16:K16,$I$5:$I$14),0) -> 0 | AA20: =EXP(MAX(-50,MIN(50,Z20))) -> 1 | AB20: =IFERROR(SUMPRODUCT(Design_Matrix!B16:K16,$J$5:$J$14),0) -> 0 | AC20: =EXP(MAX(-50,MIN(50,AB20))) -> 1
L21: =IFERROR(SUMPRODUCT(Design_Matrix!B17:K17,$B$5:$B$14),0) -> 0 | M21: =EXP(MAX(-50,MIN(50,L21))) -> 1 | N21: =IFERROR(SUMPRODUCT(Design_Matrix!B17:K17,$C$5:$C$14),0) -> 0 | O21: =EXP(MAX(-50,MIN(50,N21))) -> 1 | P21: =IFERROR(SUMPRODUCT(Design_Matrix!B17:K17,$D$5:$D$14),0) -> 0 | Q21: =EXP(MAX(-50,MIN(50,P21))) -> 1 | R21: =IFERROR(SUMPRODUCT(Design_Matrix!B17:K17,$E$5:$E$14),0) -> 0 | S21: =EXP(MAX(-50,MIN(50,R21))) -> 1 | T21: =IFERROR(SUMPRODUCT(Design_Matrix!B17:K17,$F$5:$F$14),0) -> 0 | U21: =EXP(MAX(-50,MIN(50,T21))) -> 1 | V21: =IFERROR(SUMPRODUCT(Design_Matrix!B17:K17,$G$5:$G$14),0) -> 0 | W21: =EXP(MAX(-50,MIN(50,V21))) -> 1 | X21: =IFERROR(SUMPRODUCT(Design_Matrix!B17:K17,$H$5:$H$14),0) -> 0 | Y21: =EXP(MAX(-50,MIN(50,X21))) -> 1 | Z21: =IFERROR(SUMPRODUCT(Design_Matrix!B17:K17,$I$5:$I$14),0) -> 0 | AA21: =EXP(MAX(-50,MIN(50,Z21))) -> 1 | AB21: =IFERROR(SUMPRODUCT(Design_Matrix!B17:K17,$J$5:$J$14),0) -> 0 | AC21: =EXP(MAX(-50,MIN(50,AB21))) -> 1
L22: =IFERROR(SUMPRODUCT(Design_Matrix!B18:K18,$B$5:$B$14),0) -> 0 | M22: =EXP(MAX(-50,MIN(50,L22))) -> 1 | N22: =IFERROR(SUMPRODUCT(Design_Matrix!B18:K18,$C$5:$C$14),0) -> 0 | O22: =EXP(MAX(-50,MIN(50,N22))) -> 1 | P22: =IFERROR(SUMPRODUCT(Design_Matrix!B18:K18,$D$5:$D$14),0) -> 0 | Q22: =EXP(MAX(-50,MIN(50,P22))) -> 1 | R22: =IFERROR(SUMPRODUCT(Design_Matrix!B18:K18,$E$5:$E$14),0) -> 0 | S22: =EXP(MAX(-50,MIN(50,R22))) -> 1 | T22: =IFERROR(SUMPRODUCT(Design_Matrix!B18:K18,$F$5:$F$14),0) -> 0 | U22: =EXP(MAX(-50,MIN(50,T22))) -> 1 | V22: =IFERROR(SUMPRODUCT(Design_Matrix!B18:K18,$G$5:$G$14),0) -> 0 | W22: =EXP(MAX(-50,MIN(50,V22))) -> 1 | X22: =IFERROR(SUMPRODUCT(Design_Matrix!B18:K18,$H$5:$H$14),0) -> 0 | Y22: =EXP(MAX(-50,MIN(50,X22))) -> 1 | Z22: =IFERROR(SUMPRODUCT(Design_Matrix!B18:K18,$I$5:$I$14),0) -> 0 | AA22: =EXP(MAX(-50,MIN(50,Z22))) -> 1 | AB22: =IFERROR(SUMPRODUCT(Design_Matrix!B18:K18,$J$5:$J$14),0) -> 0 | AC22: =EXP(MAX(-50,MIN(50,AB22))) -> 1
L23: =IFERROR(SUMPRODUCT(Design_Matrix!B19:K19,$B$5:$B$14),0) -> 0 | M23: =EXP(MAX(-50,MIN(50,L23))) -> 1 | N23: =IFERROR(SUMPRODUCT(Design_Matrix!B19:K19,$C$5:$C$14),0) -> 0 | O23: =EXP(MAX(-50,MIN(50,N23))) -> 1 | P23: =IFERROR(SUMPRODUCT(Design_Matrix!B19:K19,$D$5:$D$14),0) -> 0 | Q23: =EXP(MAX(-50,MIN(50,P23))) -> 1 | R23: =IFERROR(SUMPRODUCT(Design_Matrix!B19:K19,$E$5:$E$14),0) -> 0 | S23: =EXP(MAX(-50,MIN(50,R23))) -> 1 | T23: =IFERROR(SUMPRODUCT(Design_Matrix!B19:K19,$F$5:$F$14),0) -> 0 | U23: =EXP(MAX(-50,MIN(50,T23))) -> 1 | V23: =IFERROR(SUMPRODUCT(Design_Matrix!B19:K19,$G$5:$G$14),0) -> 0 | W23: =EXP(MAX(-50,MIN(50,V23))) -> 1 | X23: =IFERROR(SUMPRODUCT(Design_Matrix!B19:K19,$H$5:$H$14),0) -> 0 | Y23: =EXP(MAX(-50,MIN(50,X23))) -> 1 | Z23: =IFERROR(SUMPRODUCT(Design_Matrix!B19:K19,$I$5:$I$14),0) -> 0 | AA23: =EXP(MAX(-50,MIN(50,Z23))) -> 1 | AB23: =IFERROR(SUMPRODUCT(Design_Matrix!B19:K19,$J$5:$J$14),0) -> 0 | AC23: =EXP(MAX(-50,MIN(50,AB23))) -> 1
L24: =IFERROR(SUMPRODUCT(Design_Matrix!B20:K20,$B$5:$B$14),0) -> 0 | M24: =EXP(MAX(-50,MIN(50,L24))) -> 1 | N24: =IFERROR(SUMPRODUCT(Design_Matrix!B20:K20,$C$5:$C$14),0) -> 0 | O24: =EXP(MAX(-50,MIN(50,N24))) -> 1 | P24: =IFERROR(SUMPRODUCT(Design_Matrix!B20:K20,$D$5:$D$14),0) -> 0 | Q24: =EXP(MAX(-50,MIN(50,P24))) -> 1 | R24: =IFERROR(SUMPRODUCT(Design_Matrix!B20:K20,$E$5:$E$14),0) -> 0 | S24: =EXP(MAX(-50,MIN(50,R24))) -> 1 | T24: =IFERROR(SUMPRODUCT(Design_Matrix!B20:K20,$F$5:$F$14),0) -> 0 | U24: =EXP(MAX(-50,MIN(50,T24))) -> 1 | V24: =IFERROR(SUMPRODUCT(Design_Matrix!B20:K20,$G$5:$G$14),0) -> 0 | W24: =EXP(MAX(-50,MIN(50,V24))) -> 1 | X24: =IFERROR(SUMPRODUCT(Design_Matrix!B20:K20,$H$5:$H$14),0) -> 0 | Y24: =EXP(MAX(-50,MIN(50,X24))) -> 1 | Z24: =IFERROR(SUMPRODUCT(Design_Matrix!B20:K20,$I$5:$I$14),0) -> 0 | AA24: =EXP(MAX(-50,MIN(50,Z24))) -> 1 | AB24: =IFERROR(SUMPRODUCT(Design_Matrix!B20:K20,$J$5:$J$14),0) -> 0 | AC24: =EXP(MAX(-50,MIN(50,AB24))) -> 1
L25: =IFERROR(SUMPRODUCT(Design_Matrix!B21:K21,$B$5:$B$14),0) -> 0 | M25: =EXP(MAX(-50,MIN(50,L25))) -> 1 | N25: =IFERROR(SUMPRODUCT(Design_Matrix!B21:K21,$C$5:$C$14),0) -> 0 | O25: =EXP(MAX(-50,MIN(50,N25))) -> 1 | P25: =IFERROR(SUMPRODUCT(Design_Matrix!B21:K21,$D$5:$D$14),0) -> 0 | Q25: =EXP(MAX(-50,MIN(50,P25))) -> 1 | R25: =IFERROR(SUMPRODUCT(Design_Matrix!B21:K21,$E$5:$E$14),0) -> 0 | S25: =EXP(MAX(-50,MIN(50,R25))) -> 1 | T25: =IFERROR(SUMPRODUCT(Design_Matrix!B21:K21,$F$5:$F$14),0) -> 0 | U25: =EXP(MAX(-50,MIN(50,T25))) -> 1 | V25: =IFERROR(SUMPRODUCT(Design_Matrix!B21:K21,$G$5:$G$14),0) -> 0 | W25: =EXP(MAX(-50,MIN(50,V25))) -> 1 | X25: =IFERROR(SUMPRODUCT(Design_Matrix!B21:K21,$H$5:$H$14),0) -> 0 | Y25: =EXP(MAX(-50,MIN(50,X25))) -> 1 | Z25: =IFERROR(SUMPRODUCT(Design_Matrix!B21:K21,$I$5:$I$14),0) -> 0 | AA25: =EXP(MAX(-50,MIN(50,Z25))) -> 1 | AB25: =IFERROR(SUMPRODUCT(Design_Matrix!B21:K21,$J$5:$J$14),0) -> 0 | AC25: =EXP(MAX(-50,MIN(50,AB25))) -> 1
L26: =IFERROR(SUMPRODUCT(Design_Matrix!B22:K22,$B$5:$B$14),0) -> 0 | M26: =EXP(MAX(-50,MIN(50,L26))) -> 1 | N26: =IFERROR(SUMPRODUCT(Design_Matrix!B22:K22,$C$5:$C$14),0) -> 0 | O26: =EXP(MAX(-50,MIN(50,N26))) -> 1 | P26: =IFERROR(SUMPRODUCT(Design_Matrix!B22:K22,$D$5:$D$14),0) -> 0 | Q26: =EXP(MAX(-50,MIN(50,P26))) -> 1 | R26: =IFERROR(SUMPRODUCT(Design_Matrix!B22:K22,$E$5:$E$14),0) -> 0 | S26: =EXP(MAX(-50,MIN(50,R26))) -> 1 | T26: =IFERROR(SUMPRODUCT(Design_Matrix!B22:K22,$F$5:$F$14),0) -> 0 | U26: =EXP(MAX(-50,MIN(50,T26))) -> 1 | V26: =IFERROR(SUMPRODUCT(Design_Matrix!B22:K22,$G$5:$G$14),0) -> 0 | W26: =EXP(MAX(-50,MIN(50,V26))) -> 1 | X26: =IFERROR(SUMPRODUCT(Design_Matrix!B22:K22,$H$5:$H$14),0) -> 0 | Y26: =EXP(MAX(-50,MIN(50,X26))) -> 1 | Z26: =IFERROR(SUMPRODUCT(Design_Matrix!B22:K22,$I$5:$I$14),0) -> 0 | AA26: =EXP(MAX(-50,MIN(50,Z26))) -> 1 | AB26: =IFERROR(SUMPRODUCT(Design_Matrix!B22:K22,$J$5:$J$14),0) -> 0 | AC26: =EXP(MAX(-50,MIN(50,AB26))) -> 1
... L69: =IFERROR(SUMPRODUCT(Design_Matrix!B65:K65,$B$5:$B$14),0) -> 0 | M69: =EXP(MAX(-50,MIN(50,L69))) -> 1 | N69: =IFERROR(SUMPRODUCT(Design_Matrix!B65:K65,$C$5:$C$14),0) -> 0 | O69: =EXP(MAX(-50,MIN(50,N69))) -> 1 | P69: =IFERROR(SUMPRODUCT(Design_Matrix!B65:K65,$D$5:$D$14),0) -> 0 | Q69: =EXP(MAX(-50,MIN(50,P69))) -> 1 | R69: =IFERROR(SUMPRODUCT(Design_Matrix!B65:K65,$E$5:$E$14),0) -> 0 | S69: =EXP(MAX(-50,MIN(50,R69))) -> 1 | T69: =IFERROR(SUMPRODUCT(Design_Matrix!B65:K65,$F$5:$F$14),0) -> 0 | U69: =EXP(MAX(-50,MIN(50,T69))) -> 1 | V69: =IFERROR(SUMPRODUCT(Design_Matrix!B65:K65,$G$5:$G$14),0) -> 0 | W69: =EXP(MAX(-50,MIN(50,V69))) -> 1 | X69: =IFERROR(SUMPRODUCT(Design_Matrix!B65:K65,$H$5:$H$14),0) -> 0 | Y69: =EXP(MAX(-50,MIN(50,X69))) -> 1 | Z69: =IFERROR(SUMPRODUCT(Design_Matrix!B65:K65,$I$5:$I$14),0) -> 0 | AA69: =EXP(MAX(-50,MIN(50,Z69))) -> 1 | AB69: =IFERROR(SUMPRODUCT(Design_Matrix!B65:K65,$J$5:$J$14),0) -> 0 | AC69: =EXP(MAX(-50,MIN(50,AB69))) -> 1
A73: Gradient block (score equations)
A74: coef | B74: g_iter_0 | C74: g_iter_1 | D74: g_iter_2 | E74: g_iter_3 | F74: g_iter_4 | G74: g_iter_5 | H74: g_iter_6 | I74: g_iter_7
A75: Intercept | B75: =IFERROR(SUMPRODUCT(Design_Matrix!B2:B65,Design_Matrix!L2:L65)-SUMPRODUCT(Design_Matrix!B2:B65,M6:M69),0) -> 3087 | C75: =IFERROR(SUMPRODUCT(Design_Matrix!B2:B65,Design_Matrix!L2:L65)-SUMPRODUCT(Design_Matrix!B2:B65,O6:O69),0) -> 3087 | D75: =IFERROR(SUMPRODUCT(Design_Matrix!B2:B65,Design_Matrix!L2:L65)-SUMPRODUCT(Design_Matrix!B2:B65,Q6:Q69),0) -> 3087 | E75: =IFERROR(SUMPRODUCT(Design_Matrix!B2:B65,Design_Matrix!L2:L65)-SUMPRODUCT(Design_Matrix!B2:B65,S6:S69),0) -> 3087 | F75: =IFERROR(SUMPRODUCT(Design_Matrix!B2:B65,Design_Matrix!L2:L65)-SUMPRODUCT(Design_Matrix!B2:B65,U6:U69),0) -> 3087 | G75: =IFERROR(SUMPRODUCT(Design_Matrix!B2:B65,Design_Matrix!L2:L65)-SUMPRODUCT(Design_Matrix!B2:B65,W6:W69),0) -> 3087 | H75: =IFERROR(SUMPRODUCT(Design_Matrix!B2:B65,Design_Matrix!L2:L65)-SUMPRODUCT(Design_Matrix!B2:B65,Y6:Y69),0) -> 3087 | I75: =IFERROR(SUMPRODUCT(Design_Matrix!B2:B65,Design_Matrix!L2:L65)-SUMPRODUCT(Design_Matrix!B2:B65,AA6:AA69),0) -> 3087
A76: District_2 | B76: =IFERROR(SUMPRODUCT(Design_Matrix!C2:C65,Design_Matrix!L2:L65)-SUMPRODUCT(Design_Matrix!C2:C65,M6:M69),0) -> 875 | C76: =IFERROR(SUMPRODUCT(Design_Matrix!C2:C65,Design_Matrix!L2:L65)-SUMPRODUCT(Design_Matrix!C2:C65,O6:O69),0) -> 875 | D76: =IFERROR(SUMPRODUCT(Design_Matrix!C2:C65,Design_Matrix!L2:L65)-SUMPRODUCT(Design_Matrix!C2:C65,Q6:Q69),0) -> 875 | E76: =IFERROR(SUMPRODUCT(Design_Matrix!C2:C65,Design_Matrix!L2:L65)-SUMPRODUCT(Design_Matrix!C2:C65,S6:S69),0) -> 875 | F76: =IFERROR(SUMPRODUCT(Design_Matrix!C2:C65,Design_Matrix!L2:L65)-SUMPRODUCT(Design_Matrix!C2:C65,U6:U69),0) -> 875 | G76: =IFERROR(SUMPRODUCT(Design_Matrix!C2:C65,Design_Matrix!L2:L65)-SUMPRODUCT(Design_Matrix!C2:C65,W6:W69),0) -> 875 | H76: =IFERROR(SUMPRODUCT(Design_Matrix!C2:C65,Design_Matrix!L2:L65)-SUMPRODUCT(Design_Matrix!C2:C65,Y6:Y69),0) -> 875 | I76: =IFERROR(SUMPRODUCT(Design_Matrix!C2:C65,Design_Matrix!L2:L65)-SUMPRODUCT(Design_Matrix!C2:C65,AA6:AA69),0) -> 875
A77: District_3 | B77: =IFERROR(SUMPRODUCT(Design_Matrix!D2:D65,Design_Matrix!L2:L65)-SUMPRODUCT(Design_Matrix!D2:D65,M6:M69),0) -> 537 | C77: =IFERROR(SUMPRODUCT(Design_Matrix!D2:D65,Design_Matrix!L2:L65)-SUMPRODUCT(Design_Matrix!D2:D65,O6:O69),0) -> 537 | D77: =IFERROR(SUMPRODUCT(Design_Matrix!D2:D65,Design_Matrix!L2:L65)-SUMPRODUCT(Design_Matrix!D2:D65,Q6:Q69),0) -> 537 | E77: =IFERROR(SUMPRODUCT(Design_Matrix!D2:D65,Design_Matrix!L2:L65)-SUMPRODUCT(Design_Matrix!D2:D65,S6:S69),0) -> 537 | F77: =IFERROR(SUMPRODUCT(Design_Matrix!D2:D65,Design_Matrix!L2:L65)-SUMPRODUCT(Design_Matrix!D2:D65,U6:U69),0) -> 537 | G77: =IFERROR(SUMPRODUCT(Design_Matrix!D2:D65,Design_Matrix!L2:L65)-SUMPRODUCT(Design_Matrix!D2:D65,W6:W69),0) -> 537 | H77: =IFERROR(SUMPRODUCT(Design_Matrix!D2:D65,Design_Matrix!L2:L65)-SUMPRODUCT(Design_Matrix!D2:D65,Y6:Y69),0) -> 537 | I77: =IFERROR(SUMPRODUCT(Design_Matrix!D2:D65,Design_Matrix!L2:L65)-SUMPRODUCT(Design_Matrix!D2:D65,AA6:AA69),0) -> 537
A78: District_4 | B78: =IFERROR(SUMPRODUCT(Design_Matrix!E2:E65,Design_Matrix!L2:L65)-SUMPRODUCT(Design_Matrix!E2:E65,M6:M69),0) -> 310 | C78: =IFERROR(SUMPRODUCT(Design_Matrix!E2:E65,Design_Matrix!L2:L65)-SUMPRODUCT(Design_Matrix!E2:E65,O6:O69),0) -> 310 | D78: =IFERROR(SUMPRODUCT(Design_Matrix!E2:E65,Design_Matrix!L2:L65)-SUMPRODUCT(Design_Matrix!E2:E65,Q6:Q69),0) -> 310 | E78: =IFERROR(SUMPRODUCT(Design_Matrix!E2:E65,Design_Matrix!L2:L65)-SUMPRODUCT(Design_Matrix!E2:E65,S6:S69),0) -> 310 | F78: =IFERROR(SUMPRODUCT(Design_Matrix!E2:E65,Design_Matrix!L2:L65)-SUMPRODUCT(Design_Matrix!E2:E65,U6:U69),0) -> 310 | G78: =IFERROR(SUMPRODUCT(Design_Matrix!E2:E65,Design_Matrix!L2:L65)-SUMPRODUCT(Design_Matrix!E2:E65,W6:W69),0) -> 310 | H78: =IFERROR(SUMPRODUCT(Design_Matrix!E2:E65,Design_Matrix!L2:L65)-SUMPRODUCT(Design_Matrix!E2:E65,Y6:Y69),0) -> 310 | I78: =IFERROR(SUMPRODUCT(Design_Matrix!E2:E65,Design_Matrix!L2:L65)-SUMPRODUCT(Design_Matrix!E2:E65,AA6:AA69),0) -> 310
A79: Group_1-1.5l | B79: =IFERROR(SUMPRODUCT(Design_Matrix!F2:F65,Design_Matrix!L2:L65)-SUMPRODUCT(Design_Matrix!F2:F65,M6:M69),0) -> 1434 | C79: =IFERROR(SUMPRODUCT(Design_Matrix!F2:F65,Design_Matrix!L2:L65)-SUMPRODUCT(Design_Matrix!F2:F65,O6:O69),0) -> 1434 | D79: =IFERROR(SUMPRODUCT(Design_Matrix!F2:F65,Design_Matrix!L2:L65)-SUMPRODUCT(Design_Matrix!F2:F65,Q6:Q69),0) -> 1434 | E79: =IFERROR(SUMPRODUCT(Design_Matrix!F2:F65,Design_Matrix!L2:L65)-SUMPRODUCT(Design_Matrix!F2:F65,S6:S69),0) -> 1434 | F79: =IFERROR(SUMPRODUCT(Design_Matrix!F2:F65,Design_Matrix!L2:L65)-SUMPRODUCT(Design_Matrix!F2:F65,U6:U69),0) -> 1434 | G79: =IFERROR(SUMPRODUCT(Design_Matrix!F2:F65,Design_Matrix!L2:L65)-SUMPRODUCT(Design_Matrix!F2:F65,W6:W69),0) -> 1434 | H79: =IFERROR(SUMPRODUCT(Design_Matrix!F2:F65,Design_Matrix!L2:L65)-SUMPRODUCT(Design_Matrix!F2:F65,Y6:Y69),0) -> 1434 | I79: =IFERROR(SUMPRODUCT(Design_Matrix!F2:F65,Design_Matrix!L2:L65)-SUMPRODUCT(Design_Matrix!F2:F65,AA6:AA69),0) -> 1434
A80: Group_1.5-2l | B80: =IFERROR(SUMPRODUCT(Design_Matrix!G2:G65,Design_Matrix!L2:L65)-SUMPRODUCT(Design_Matrix!G2:G65,M6:M69),0) -> 847 | C80: =IFERROR(SUMPRODUCT(Design_Matrix!G2:G65,Design_Matrix!L2:L65)-SUMPRODUCT(Design_Matrix!G2:G65,O6:O69),0) -> 847 | D80: =IFERROR(SUMPRODUCT(Design_Matrix!G2:G65,Design_Matrix!L2:L65)-SUMPRODUCT(Design_Matrix!G2:G65,Q6:Q69),0) -> 847 | E80: =IFERROR(SUMPRODUCT(Design_Matrix!G2:G65,Design_Matrix!L2:L65)-SUMPRODUCT(Design_Matrix!G2:G65,S6:S69),0) -> 847 | F80: =IFERROR(SUMPRODUCT(Design_Matrix!G2:G65,Design_Matrix!L2:L65)-SUMPRODUCT(Design_Matrix!G2:G65,U6:U69),0) -> 847 | G80: =IFERROR(SUMPRODUCT(Design_Matrix!G2:G65,Design_Matrix!L2:L65)-SUMPRODUCT(Design_Matrix!G2:G65,W6:W69),0) -> 847 | H80: =IFERROR(SUMPRODUCT(Design_Matrix!G2:G65,Design_Matrix!L2:L65)-SUMPRODUCT(Design_Matrix!G2:G65,Y6:Y69),0) -> 847 | I80: =IFERROR(SUMPRODUCT(Design_Matrix!G2:G65,Design_Matrix!L2:L65)-SUMPRODUCT(Design_Matrix!G2:G65,AA6:AA69),0) -> 847
A81: Group_>2l | B81: =IFERROR(SUMPRODUCT(Design_Matrix!H2:H65,Design_Matrix!L2:L65)-SUMPRODUCT(Design_Matrix!H2:H65,M6:M69),0) -> 283 | C81: =IFERROR(SUMPRODUCT(Design_Matrix!H2:H65,Design_Matrix!L2:L65)-SUMPRODUCT(Design_Matrix!H2:H65,O6:O69),0) -> 283 | D81: =IFERROR(SUMPRODUCT(Design_Matrix!H2:H65,Design_Matrix!L2:L65)-SUMPRODUCT(Design_Matrix!H2:H65,Q6:Q69),0) -> 283 | E81: =IFERROR(SUMPRODUCT(Design_Matrix!H2:H65,Design_Matrix!L2:L65)-SUMPRODUCT(Design_Matrix!H2:H65,S6:S69),0) -> 283 | F81: =IFERROR(SUMPRODUCT(Design_Matrix!H2:H65,Design_Matrix!L2:L65)-SUMPRODUCT(Design_Matrix!H2:H65,U6:U69),0) -> 283 | G81: =IFERROR(SUMPRODUCT(Design_Matrix!H2:H65,Design_Matrix!L2:L65)-SUMPRODUCT(Design_Matrix!H2:H65,W6:W69),0) -> 283 | H81: =IFERROR(SUMPRODUCT(Design_Matrix!H2:H65,Design_Matrix!L2:L65)-SUMPRODUCT(Design_Matrix!H2:H65,Y6:Y69),0) -> 283 | I81: =IFERROR(SUMPRODUCT(Design_Matrix!H2:H65,Design_Matrix!L2:L65)-SUMPRODUCT(Design_Matrix!H2:H65,AA6:AA69),0) -> 283
A82: Age_25-29 | B82: =IFERROR(SUMPRODUCT(Design_Matrix!I2:I65,Design_Matrix!L2:L65)-SUMPRODUCT(Design_Matrix!I2:I65,M6:M69),0) -> 388 | C82: =IFERROR(SUMPRODUCT(Design_Matrix!I2:I65,Design_Matrix!L2:L65)-SUMPRODUCT(Design_Matrix!I2:I65,O6:O69),0) -> 388 | D82: =IFERROR(SUMPRODUCT(Design_Matrix!I2:I65,Design_Matrix!L2:L65)-SUMPRODUCT(Design_Matrix!I2:I65,Q6:Q69),0) -> 388 | E82: =IFERROR(SUMPRODUCT(Design_Matrix!I2:I65,Design_Matrix!L2:L65)-SUMPRODUCT(Design_Matrix!I2:I65,S6:S69),0) -> 388 | F82: =IFERROR(SUMPRODUCT(Design_Matrix!I2:I65,Design_Matrix!L2:L65)-SUMPRODUCT(Design_Matrix!I2:I65,U6:U69),0) -> 388 | G82: =IFERROR(SUMPRODUCT(Design_Matrix!I2:I65,Design_Matrix!L2:L65)-SUMPRODUCT(Design_Matrix!I2:I65,W6:W69),0) -> 388 | H82: =IFERROR(SUMPRODUCT(Design_Matrix!I2:I65,Design_Matrix!L2:L65)-SUMPRODUCT(Design_Matrix!I2:I65,Y6:Y69),0) -> 388 | I82: =IFERROR(SUMPRODUCT(Design_Matrix!I2:I65,Design_Matrix!L2:L65)-SUMPRODUCT(Design_Matrix!I2:I65,AA6:AA69),0) -> 388
A83: Age_30-35 | B83: =IFERROR(SUMPRODUCT(Design_Matrix!J2:J65,Design_Matrix!L2:L65)-SUMPRODUCT(Design_Matrix!J2:J65,M6:M69),0) -> 437 | C83: =IFERROR(SUMPRODUCT(Design_Matrix!J2:J65,Design_Matrix!L2:L65)-SUMPRODUCT(Design_Matrix!J2:J65,O6:O69),0) -> 437 | D83: =IFERROR(SUMPRODUCT(Design_Matrix!J2:J65,Design_Matrix!L2:L65)-SUMPRODUCT(Design_Matrix!J2:J65,Q6:Q69),0) -> 437 | E83: =IFERROR(SUMPRODUCT(Design_Matrix!J2:J65,Design_Matrix!L2:L65)-SUMPRODUCT(Design_Matrix!J2:J65,S6:S69),0) -> 437 | F83: =IFERROR(SUMPRODUCT(Design_Matrix!J2:J65,Design_Matrix!L2:L65)-SUMPRODUCT(Design_Matrix!J2:J65,U6:U69),0) -> 437 | G83: =IFERROR(SUMPRODUCT(Design_Matrix!J2:J65,Design_Matrix!L2:L65)-SUMPRODUCT(Design_Matrix!J2:J65,W6:W69),0) -> 437 | H83: =IFERROR(SUMPRODUCT(Design_Matrix!J2:J65,Design_Matrix!L2:L65)-SUMPRODUCT(Design_Matrix!J2:J65,Y6:Y69),0) -> 437 | I83: =IFERROR(SUMPRODUCT(Design_Matrix!J2:J65,Design_Matrix!L2:L65)-SUMPRODUCT(Design_Matrix!J2:J65,AA6:AA69),0) -> 437
A84: Age_>35 | B84: =IFERROR(SUMPRODUCT(Design_Matrix!K2:K65,Design_Matrix!L2:L65)-SUMPRODUCT(Design_Matrix!K2:K65,M6:M69),0) -> 2049 | C84: =IFERROR(SUMPRODUCT(Design_Matrix!K2:K65,Design_Matrix!L2:L65)-SUMPRODUCT(Design_Matrix!K2:K65,O6:O69),0) -> 2049 | D84: =IFERROR(SUMPRODUCT(Design_Matrix!K2:K65,Design_Matrix!L2:L65)-SUMPRODUCT(Design_Matrix!K2:K65,Q6:Q69),0) -> 2049 | E84: =IFERROR(SUMPRODUCT(Design_Matrix!K2:K65,Design_Matrix!L2:L65)-SUMPRODUCT(Design_Matrix!K2:K65,S6:S69),0) -> 2049 | F84: =IFERROR(SUMPRODUCT(Design_Matrix!K2:K65,Design_Matrix!L2:L65)-SUMPRODUCT(Design_Matrix!K2:K65,U6:U69),0) -> 2049 | G84: =IFERROR(SUMPRODUCT(Design_Matrix!K2:K65,Design_Matrix!L2:L65)-SUMPRODUCT(Design_Matrix!K2:K65,W6:W69),0) -> 2049 | H84: =IFERROR(SUMPRODUCT(Design_Matrix!K2:K65,Design_Matrix!L2:L65)-SUMPRODUCT(Design_Matrix!K2:K65,Y6:Y69),0) -> 2049 | I84: =IFERROR(SUMPRODUCT(Design_Matrix!K2:K65,Design_Matrix!L2:L65)-SUMPRODUCT(Design_Matrix!K2:K65,AA6:AA69),0) -> 2049
A90: SSE | B90: =SUMXMY2(Design_Matrix!L2:L65,AC6:AC69) -> 467937 | D90: iter | E90: sse_iter
A91: mean_pred | B91: =AVERAGE(AC6:AC69) -> 1 | D91: 0 | E91: =SUMXMY2(Design_Matrix!L2:L65,M6:M69) -> 467937
D92: 1 | E92: =SUMXMY2(Design_Matrix!L2:L65,O6:O69) -> 467937
D93: 2 | E93: =SUMXMY2(Design_Matrix!L2:L65,Q6:Q69) -> 467937
D94: 3 | E94: =SUMXMY2(Design_Matrix!L2:L65,S6:S69) -> 467937
D95: 4 | E95: =SUMXMY2(Design_Matrix!L2:L65,U6:U69) -> 467937
D96: 5 | E96: =SUMXMY2(Design_Matrix!L2:L65,W6:W69) -> 467937
D97: 6 | E97: =SUMXMY2(Design_Matrix!L2:L65,Y6:Y69) -> 467937
D98: 7 | E98: =SUMXMY2(Design_Matrix!L2:L65,AA6:AA69) -> 467937
D99: 8 | E99: =SUMXMY2(Design_Matrix!L2:L65,AC6:AC69) -> 467937

Sheet Poisson_With_Offset
A1: learning_rate | B1: 1e-05
A2: iterations | B2: 8
A4: coef | B4: iter_0 | C4: iter_1 | D4: iter_2 | E4: iter_3 | F4: iter_4 | G4: iter_5 | H4: iter_6 | I4: iter_7 | J4: iter_8 | L4: Row mechanics by iteration
A5: Intercept | B5: 0 | C5: =IFERROR(B5+$B$1*B75/COUNT(Design_Matrix!A2:A65),B5) -> -0.0031575 | D5: =IFERROR(C5+$B$1*C75/COUNT(Design_Matrix!A2:A65),C5) -> -0.006315 | E5: =IFERROR(D5+$B$1*D75/COUNT(Design_Matrix!A2:A65),D5) -> -0.0094725 | F5: =IFERROR(E5+$B$1*E75/COUNT(Design_Matrix!A2:A65),E5) -> -0.01263 | G5: =IFERROR(F5+$B$1*F75/COUNT(Design_Matrix!A2:A65),F5) -> -0.0157875 | H5: =IFERROR(G5+$B$1*G75/COUNT(Design_Matrix!A2:A65),G5) -> -0.018945 | I5: =IFERROR(H5+$B$1*H75/COUNT(Design_Matrix!A2:A65),H5) -> -0.0221025 | J5: =IFERROR(I5+$B$1*I75/COUNT(Design_Matrix!A2:A65),I5) -> -0.02526 | L5: eta_iter_0 | M5: mu_iter_0 | N5: eta_iter_1 | O5: mu_iter_1 | P5: eta_iter_2 | Q5: mu_iter_2 | R5: eta_iter_3 | S5: mu_iter_3 | T5: eta_iter_4 | U5: mu_iter_4 | V5: eta_iter_5 | W5: mu_iter_5 | X5: eta_iter_6 | Y5: mu_iter_6 | Z5: eta_iter_7 | AA5: mu_iter_7 | AB5: eta_iter_8 | AC5: mu_iter_8
A6: District_2 | B6: 0 | C6: =IFERROR(B6+$B$1*B76/COUNT(Design_Matrix!A2:A65),B6) -> -0.0009003125 | D6: =IFERROR(C6+$B$1*C76/COUNT(Design_Matrix!A2:A65),C6) -> -0.001800625 | E6: =IFERROR(D6+$B$1*D76/COUNT(Design_Matrix!A2:A65),D6) -> -0.0027009375 | F6: =IFERROR(E6+$B$1*E76/COUNT(Design_Matrix!A2:A65),E6) -> -0.00360125 | G6: =IFERROR(F6+$B$1*F76/COUNT(Design_Matrix!A2:A65),F6) -> -0.0045015625 | H6: =IFERROR(G6+$B$1*G76/COUNT(Design_Matrix!A2:A65),G6) -> -0.005401875 | I6: =IFERROR(H6+$B$1*H76/COUNT(Design_Matrix!A2:A65),H6) -> -0.0063021875 | J6: =IFERROR(I6+$B$1*I76/COUNT(Design_Matrix!A2:A65),I6) -> -0.0072025 | L6: =IFERROR(SUMPRODUCT(Design_Matrix!B2:K2,$B$5:$B$14),0)+IFERROR(LN(Design_Matrix!M2),0) -> 5.2832037 | M6: =EXP(MAX(-50,MIN(50,L6))) -> 197 | N6: =IFERROR(SUMPRODUCT(Design_Matrix!B2:K2,$C$5:$C$14),0)+IFERROR(LN(Design_Matrix!M2),0) -> 5.2832037 | O6: =EXP(MAX(-50,MIN(50,N6))) -> 197 | P6: =IFERROR(SUMPRODUCT(Design_Matrix!B2:K2,$D$5:$D$14),0)+IFERROR(LN(Design_Matrix!M2),0) -> 5.2832037 | Q6: =EXP(MAX(-50,MIN(50,P6))) -> 197 | R6: =IFERROR(SUMPRODUCT(Design_Matrix!B2:K2,$E$5:$E$14),0)+IFERROR(LN(Design_Matrix!M2),0) -> 5.2832037 | S6: =EXP(MAX(-50,MIN(50,R6))) -> 197 | T6: =IFERROR(SUMPRODUCT(Design_Matrix!B2:K2,$F$5:$F$14),0)+IFERROR(LN(Design_Matrix!M2),0) -> 5.2832037 | U6: =EXP(MAX(-50,MIN(50,T6))) -> 197 | V6: =IFERROR(SUMPRODUCT(Design_Matrix!B2:K2,$G$5:$G$14),0)+IFERROR(LN(Design_Matrix!M2),0) -> 5.2832037 | W6: =EXP(MAX(-50,MIN(50,V6))) -> 197 | X6: =IFERROR(SUMPRODUCT(Design_Matrix!B2:K2,$H$5:$H$14),0)+IFERROR(LN(Design_Matrix!M2),0) -> 5.2832037 | Y6: =EXP(MAX(-50,MIN(50,X6))) -> 197 | Z6: =IFERROR(SUMPRODUCT(Design_Matrix!B2:K2,$I$5:$I$14),0)+IFERROR(LN(Design_Matrix!M2),0) -> 5.2832037 | AA6: =EXP(MAX(-50,MIN(50,Z6))) -> 197 | AB6: =IFERROR(SUMPRODUCT(Design_Matrix!B2:K2,$J$5:$J$14),0)+IFERROR(LN(Design_Matrix!M2),0) -> 5.2832037 | AC6: =EXP(MAX(-50,MIN(50,AB6))) -> 197
A7: District_3 | B7: 0 | C7: =IFERROR(B7+$B$1*B77/COUNT(Design_Matrix!A2:A65),B7) -> -0.0005646875 | D7: =IFERROR(C7+$B$1*C77/COUNT(Design_Matrix!A2:A65),C7) -> -0.001129375 | E7: =IFERROR(D7+$B$1*D77/COUNT(Design_Matrix!A2:A65),D7) -> -0.0016940625 | F7: =IFERROR(E7+$B$1*E77/COUNT(Design_Matrix!A2:A65),E7) -> -0.00225875 | G7: =IFERROR(F7+$B$1*F77/COUNT(Design_Matrix!A2:A65),F7) -> -0.0028234375 | H7: =IFERROR(G7+$B$1*G77/COUNT(Design_Matrix!A2:A65),G7) -> -0.003388125 | I7: =IFERROR(H7+$B$1*H77/COUNT(Design_Matrix!A2:A65),H7) -> -0.0039528125 | J7: =IFERROR(I7+$B$1*I77/COUNT(Design_Matrix!A2:A65),I7) -> -0.0045175 | L7: =IFERROR(SUMPRODUCT(Design_Matrix!B3:K3,$B$5:$B$14),0)+IFERROR(LN(Design_Matrix!M3),0) -> 5.5759491 | M7: =EXP(MAX(-50,MIN(50,L7))) -> 264 | N7: =IFERROR(SUMPRODUCT(Design_Matrix!B3:K3,$C$5:$C$14),0)+IFERROR(LN(Design_Matrix!M3),0) -> 5.5759491 | O7: =EXP(MAX(-50,MIN(50,N7))) -> 264 | P7: =IFERROR(SUMPRODUCT(Design_Matrix!B3:K3,$D$5:$D$14),0)+IFERROR(LN(Design_Matrix!M3),0) -> 5.5759491 | Q7: =EXP(MAX(-50,MIN(50,P7))) -> 264 | R7: =IFERROR(SUMPRODUCT(Design_Matrix!B3:K3,$E$5:$E$14),0)+IFERROR(LN(Design_Matrix!M3),0) -> 5.5759491 | S7: =EXP(MAX(-50,MIN(50,R7))) -> 264 | T7: =IFERROR(SUMPRODUCT(Design_Matrix!B3:K3,$F$5:$F$14),0)+IFERROR(LN(Design_Matrix!M3),0) -> 5.5759491 | U7: =EXP(MAX(-50,MIN(50,T7))) -> 264 | V7: =IFERROR(SUMPRODUCT(Design_Matrix!B3:K3,$G$5:$G$14),0)+IFERROR(LN(Design_Matrix!M3),0) -> 5.5759491 | W7: =EXP(MAX(-50,MIN(50,V7))) -> 264 | X7: =IFERROR(SUMPRODUCT(Design_Matrix!B3:K3,$H$5:$H$14),0)+IFERROR(LN(Design_Matrix!M3),0) -> 5.5759491 | Y7: =EXP(MAX(-50,MIN(50,X7))) -> 264 | Z7: =IFERROR(SUMPRODUCT(Design_Matrix!B3:K3,$I$5:$I$14),0)+IFERROR(LN(Design_Matrix!M3),0) -> 5.5759491 | AA7: =EXP(MAX(-50,MIN(50,Z7))) -> 264 | AB7: =IFERROR(SUMPRODUCT(Design_Matrix!B3:K3,$J$5:$J$14),0)+IFERROR(LN(Design_Matrix!M3),0) -> 5.5759491 | AC7: =EXP(MAX(-50,MIN(50,AB7))) -> 264
A8: District_4 | B8: 0 | C8: =IFERROR(B8+$B$1*B78/COUNT(Design_Matrix!A2:A65),B8) -> -0.000260625 | D8: =IFERROR(C8+$B$1*C78/COUNT(Design_Matrix!A2:A65),C8) -> -0.00052125 | E8: =IFERROR(D8+$B$1*D78/COUNT(Design_Matrix!A2:A65),D8) -> -0.000781875 | F8: =IFERROR(E8+$B$1*E78/COUNT(Design_Matrix!A2:A65),E8) -> -0.0010425 | G8: =IFERROR(F8+$B$1*F78/COUNT(Design_Matrix!A2:A65),F8) -> -0.001303125 | H8: =IFERROR(G8+$B$1*G78/COUNT(Design_Matrix!A2:A65),G8) -> -0.00156375 | I8: =IFERROR(H8+$B$1*H78/COUNT(Design_Matrix!A2:A65),H8) -> -0.001824375 | J8: =IFERROR(I8+$B$1*I78/COUNT(Design_Matrix!A2:A65),I8) -> -0.002085 | L8: =IFERROR(SUMPRODUCT(Design_Matrix!B4:K4,$B$5:$B$14),0)+IFERROR(LN(Design_Matrix!M4),0) -> 5.5053315 | M8: =EXP(MAX(-50,MIN(50,L8))) -> 246 | N8: =IFERROR(SUMPRODUCT(Design_Matrix!B4:K4,$C$5:$C$14),0)+IFERROR(LN(Design_Matrix!M4),0) -> 5.5053315 | O8: =EXP(MAX(-50,MIN(50,N8))) -> 246 | P8: =IFERROR(SUMPRODUCT(Design_Matrix!B4:K4,$D$5:$D$14),0)+IFERROR(LN(Design_Matrix!M4),0) -> 5.5053315 | Q8: =EXP(MAX(-50,MIN(50,P8))) -> 246 | R8: =IFERROR(SUMPRODUCT(Design_Matrix!B4:K4,$E$5:$E$14),0)+IFERROR(LN(Design_Matrix!M4),0) -> 5.5053315 | S8: =EXP(MAX(-50,MIN(50,R8))) -> 246 | T8: =IFERROR(SUMPRODUCT(Design_Matrix!B4:K4,$F$5:$F$14),0)+IFERROR(LN(Design_Matrix!M4),0) -> 5.5053315 | U8: =EXP(MAX(-50,MIN(50,T8))) -> 246 | V8: =IFERROR(SUMPRODUCT(Design_Matrix!B4:K4,$G$5:$G$14),0)+IFERROR(LN(Design_Matrix!M4),0) -> 5.5053315 | W8: =EXP(MAX(-50,MIN(50,V8))) -> 246 | X8: =IFERROR(SUMPRODUCT(Design_Matrix!B4:K4,$H$5:$H$14),0)+IFERROR(LN(Design_Matrix!M4),0) -> 5.5053315 | Y8: =EXP(MAX(-50,MIN(50,X8))) -> 246 | Z8: =IFERROR(SUMPRODUCT(Design_Matrix!B4:K4,$I$5:$I$14),0)+IFERROR(LN(Design_Matrix!M4),0) -> 5.5053315 | AA8: =EXP(MAX(-50,MIN(50,Z8))) -> 246 | AB8: =IFERROR(SUMPRODUCT(Design_Matrix!B4:K4,$J$5:$J$14),0)+IFERROR(LN(Design_Matrix!M4),0) -> 5.5053315 | AC8: =EXP(MAX(-50,MIN(50,AB8))) -> 246
A9: Group_1-1.5l | B9: 0 | C9: =IFERROR(B9+$B$1*B79/COUNT(Design_Matrix!A2:A65),B9) -> -0.0015645313 | D9: =IFERROR(C9+$B$1*C79/COUNT(Design_Matrix!A2:A65),C9) -> -0.0031290625 | E9: =IFERROR(D9+$B$1*D79/COUNT(Design_Matrix!A2:A65),D9) -> -0.0046935938 | F9: =IFERROR(E9+$B$1*E79/COUNT(Design_Matrix!A2:A65),E9) -> -0.006258125 | G9: =IFERROR(F9+$B$1*F79/COUNT(Design_Matrix!A2:A65),F9) -> -0.0078226563 | H9: =IFERROR(G9+$B$1*G79/COUNT(Design_Matrix!A2:A65),G9) -> -0.0093871875 | I9: =IFERROR(H9+$B$1*H79/COUNT(Design_Matrix!A2:A65),H9) -> -0.010951719 | J9: =IFERROR(I9+$B$1*I79/COUNT(Design_Matrix!A2:A65),I9) -> -0.01251625 | L9: =IFERROR(SUMPRODUCT(Design_Matrix!B5:K5,$B$5:$B$14),0)+IFERROR(LN(Design_Matrix!M5),0) -> 7.4265491 | M9: =EXP(MAX(-50,MIN(50,L9))) -> 1680 | N9: =IFERROR(SUMPRODUCT(Design_Matrix!B5:K5,$C$5:$C$14),0)+IFERROR(LN(Design_Matrix!M5),0) -> 7.4265491 | O9: =EXP(MAX(-50,MIN(50,N9))) -> 1680 | P9: =IFERROR(SUMPRODUCT(Design_Matrix!B5:K5,$D$5:$D$14),0)+IFERROR(LN(Design_Matrix!M5),0) -> 7.4265491 | Q9: =EXP(MAX(-50,MIN(50,P9))) -> 1680 | R9: =IFERROR(SUMPRODUCT(Design_Matrix!B5:K5,$E$5:$E$14),0)+IFERROR(LN(Design_Matrix!M5),0) -> 7.4265491 | S9: =EXP(MAX(-50,MIN(50,R9))) -> 1680 | T9: =IFERROR(SUMPRODUCT(Design_Matrix!B5:K5,$F$5:$F$14),0)+IFERROR(LN(Design_Matrix!M5),0) -> 7.4265491 | U9: =EXP(MAX(-50,MIN(50,T9))) -> 1680 | V9: =IFERROR(SUMPRODUCT(Design_Matrix!B5:K5,$G$5:$G$14),0)+IFERROR(LN(Design_Matrix!M5),0) -> 7.4265491 | W9: =EXP(MAX(-50,MIN(50,V9))) -> 1680 | X9: =IFERROR(SUMPRODUCT(Design_Matrix!B5:K5,$H$5:$H$14),0)+IFERROR(LN(Design_Matrix!M5),0) -> 7.4265491 | Y9: =EXP(MAX(-50,MIN(50,X9))) -> 1680 | Z9: =IFERROR(SUMPRODUCT(Design_Matrix!B5:K5,$I$5:$I$14),0)+IFERROR(LN(Design_Matrix!M5),0) -> 7.4265491 | AA9: =EXP(MAX(-50,MIN(50,Z9))) -> 1680 | AB9: =IFERROR(SUMPRODUCT(Design_Matrix!B5:K5,$J$5:$J$14),0)+IFERROR(LN(Design_Matrix!M5),0) -> 7.4265491 | AC9: =EXP(MAX(-50,MIN(50,AB9))) -> 1680
A10: Group_1.5-2l | B10: 0 | C10: =IFERROR(B10+$B$1*B80/COUNT(Design_Matrix!A2:A65),B10) -> -0.00070421875 | D10: =IFERROR(C10+$B$1*C80/COUNT(Design_Matrix!A2:A65),C10) -> -0.0014084375 | E10: =IFERROR(D10+$B$1*D80/COUNT(Design_Matrix!A2:A65),D10) -> -0.0021126562 | F10: =IFERROR(E10+$B$1*E80/COUNT(Design_Matrix!A2:A65),E10) -> -0.002816875 | G10: =IFERROR(F10+$B$1*F80/COUNT(Design_Matrix!A2:A65),F10) -> -0.0035210937 | H10: =IFERROR(G10+$B$1*G80/COUNT(Design_Matrix!A2:A65),G10) -> -0.0042253125 | I10: =IFERROR(H10+$B$1*H80/COUNT(Design_Matrix!A2:A65),H10) -> -0.0049295312 | J10: =IFERROR(I10+$B$1*I80/COUNT(Design_Matrix!A2:A65),I10) -> -0.00563375 | L10: =IFERROR(SUMPRODUCT(Design_Matrix!B6:K6,$B$5:$B$14),0)+IFERROR(LN(Design_Matrix!M6),0) -> 5.6489742 | M10: =EXP(MAX(-50,MIN(50,L10))) -> 284 | N10: =IFERROR(SUMPRODUCT(Design_Matrix!B6:K6,$C$5:$C$14),0)+IFERROR(LN(Design_Matrix!M6),0) -> 5.6489742 | O10: =EXP(MAX(-50,MIN(50,N10))) -> 284 | P10: =IFERROR(SUMPRODUCT(Design_Matrix!B6:K6,$D$5:$D$14),0)+IFERROR(LN(Design_Matrix!M6),0) -> 5.6489742 | Q10: =EXP(MAX(-50,MIN(50,P10))) -> 284 | R10: =IFERROR(SUMPRODUCT(Design_Matrix!B6:K6,$E$5:$E$14),0)+IFERROR(LN(Design_Matrix!M6),0) -> 5.6489742 | S10: =EXP(MAX(-50,MIN(50,R10))) -> 284 | T10: =IFERROR(SUMPRODUCT(Design_Matrix!B6:K6,$F$5:$F$14),0)+IFERROR(LN(Design_Matrix!M6),0) -> 5.6489742 | U10: =EXP(MAX(-50,MIN(50,T10))) -> 284 | V10: =IFERROR(SUMPRODUCT(Design_Matrix!B6:K6,$G$5:$G$14),0)+IFERROR(LN(Design_Matrix!M6),0) -> 5.6489742 | W10: =EXP(MAX(-50,MIN(50,V10))) -> 284 | X10: =IFERROR(SUMPRODUCT(Design_Matrix!B6:K6,$H$5:$H$14),0)+IFERROR(LN(Design_Matrix!M6),0) -> 5.6489742 | Y10: =EXP(MAX(-50,MIN(50,X10))) -> 284 | Z10: =IFERROR(SUMPRODUCT(Design_Matrix!B6:K6,$I$5:$I$14),0)+IFERROR(LN(Design_Matrix!M6),0) -> 5.6489742 | AA10: =EXP(MAX(-50,MIN(50,Z10))) -> 284 | AB10: =IFERROR(SUMPRODUCT(Design_Matrix!B6:K6,$J$5:$J$14),0)+IFERROR(LN(Design_Matrix!M6),0) -> 5.6489742 | AC10: =EXP(MAX(-50,MIN(50,AB10))) -> 284
A11: Group_>2l | B11: 0 | C11: =IFERROR(B11+$B$1*B81/COUNT(Design_Matrix!A2:A65),B11) -> -0.0002 | D11: =IFERROR(C11+$B$1*C81/COUNT(Design_Matrix!A2:A65),C11) -> -0.0004 | E11: =IFERROR(D11+$B$1*D81/COUNT(Design_Matrix!A2:A65),D11) -> -0.0006 | F11: =IFERROR(E11+$B$1*E81/COUNT(Design_Matrix!A2:A65),E11) -> -0.0008 | G11: =IFERROR(F11+$B$1*F81/COUNT(Design_Matrix!A2:A65),F11) -> -0.001 | H11: =IFERROR(G11+$B$1*G81/COUNT(Design_Matrix!A2:A65),G11) -> -0.0012 | I11: =IFERROR(H11+$B$1*H81/COUNT(Design_Matrix!A2:A65),H11) -> -0.0014 | J11: =IFERROR(I11+$B$1*I81/COUNT(Design_Matrix!A2:A65),I11) -> -0.0016 | L11: =IFERROR(SUMPRODUCT(Design_Matrix!B7:K7,$B$5:$B$14),0)+IFERROR(LN(Design_Matrix!M7),0) -> 6.2841342 | M11: =EXP(MAX(-50,MIN(50,L11))) -> 536 | N11: =IFERROR(SUMPRODUCT(Design_Matrix!B7:K7,$C$5:$C$14),0)+IFERROR(LN(Design_Matrix!M7),0) -> 6.2841342 | O11: =EXP(MAX(-50,MIN(50,N11))) -> 536 | P11: =IFERROR(SUMPRODUCT(Design_Matrix!B7:K7,$D$5:$D$14),0)+IFERROR(LN(Design_Matrix!M7),0) -> 6.2841342 | Q11: =EXP(MAX(-50,MIN(50,P11))) -> 536 | R11: =IFERROR(SUMPRODUCT(Design_Matrix!B7:K7,$E$5:$E$14),0)+IFERROR(LN(Design_Matrix!M7),0) -> 6.2841342 | S11: =EXP(MAX(-50,MIN(50,R11))) -> 536 | T11: =IFERROR(SUMPRODUCT(Design_Matrix!B7:K7,$F$5:$F$14),0)+IFERROR(LN(Design_Matrix!M7),0) -> 6.2841342 | U11: =EXP(MAX(-50,MIN(50,T11))) -> 536 | V11: =IFERROR(SUMPRODUCT(Design_Matrix!B7:K7,$G$5:$G$14),0)+IFERROR(LN(Design_Matrix!M7),0) -> 6.2841342 | W11: =EXP(MAX(-50,MIN(50,V11))) -> 536 | X11: =IFERROR(SUMPRODUCT(Design_Matrix!B7:K7,$H$5:$H$14),0)+IFERROR(LN(Design_Matrix!M7),0) -> 6.2841342 | Y11: =EXP(MAX(-50,MIN(50,X11))) -> 536 | Z11: =IFERROR(SUMPRODUCT(Design_Matrix!B7:K7,$I$5:$I$14),0)+IFERROR(LN(Design_Matrix!M7),0) -> 6.2841342 | AA11: =EXP(MAX(-50,MIN(50,Z11))) -> 536 | AB11: =IFERROR(SUMPRODUCT(Design_Matrix!B7:K7,$J$5:$J$14),0)+IFERROR(LN(Design_Matrix!M7),0) -> 6.2841342 | AC11: =EXP(MAX(-50,MIN(50,AB11))) -> 536
A12: Age_25-29 | B12: 0 | C12: =IFERROR(B12+$B$1*B82/COUNT(Design_Matrix!A2:A65),B12) -> -0.000301875 | D12: =IFERROR(C12+$B$1*C82/COUNT(Design_Matrix!A2:A65),C12) -> -0.00060375 | E12: =IFERROR(D12+$B$1*D82/COUNT(Design_Matrix!A2:A65),D12) -> -0.000905625 | F12: =IFERROR(E12+$B$1*E82/COUNT(Design_Matrix!A2:A65),E12) -> -0.0012075 | G12: =IFERROR(F12+$B$1*F82/COUNT(Design_Matrix!A2:A65),F12) -> -0.001509375 | H12: =IFERROR(G12+$B$1*G82/COUNT(Design_Matrix!A2:A65),G12) -> -0.00181125 | I12: =IFERROR(H12+$B$1*H82/COUNT(Design_Matrix!A2:A65),H12) -> -0.002113125 | J12: =IFERROR(I12+$B$1*I82/COUNT(Design_Matrix!A2:A65),I12) -> -0.002415 | L12: =IFERROR(SUMPRODUCT(Design_Matrix!B8:K8,$B$5:$B$14),0)+IFERROR(LN(Design_Matrix!M8),0) -> 6.5453497 | M12: =EXP(MAX(-50,MIN(50,L12))) -> 696 | N12: =IFERROR(SUMPRODUCT(Design_Matrix!B8:K8,$C$5:$C$14),0)+IFERROR(LN(Design_Matrix!M8),0) -> 6.5453497 | O12: =EXP(MAX(-50,MIN(50,N12))) -> 696 | P12: =IFERROR(SUMPRODUCT(Design_Matrix!B8:K8,$D$5:$D$14),0)+IFERROR(LN(Design_Matrix!M8),0) -> 6.5453497 | Q12: =EXP(MAX(-50,MIN(50,P12))) -> 696 | R12: =IFERROR(SUMPRODUCT(Design_Matrix!B8:K8,$E$5:$E$14),0)+IFERROR(LN(Design_Matrix!M8),0) -> 6.5453497 | S12: =EXP(MAX(-50,MIN(50,R12))) -> 696 | T12: =IFERROR(SUMPRODUCT(Design_Matrix!B8:K8,$F$5:$F$14),0)+IFERROR(LN(Design_Matrix!M8),0) -> 6.5453497 | U12: =EXP(MAX(-50,MIN(50,T12))) -> 696 | V12: =IFERROR(SUMPRODUCT(Design_Matrix!B8:K8,$G$5:$G$14),0)+IFERROR(LN(Design_Matrix!M8),0) -> 6.5453497 | W12: =EXP(MAX(-50,MIN(50,V12))) -> 696 | X12: =IFERROR(SUMPRODUCT(Design_Matrix!B8:K8,$H$5:$H$14),0)+IFERROR(LN(Design_Matrix!M8),0) -> 6.5453497 | Y12: =EXP(MAX(-50,MIN(50,X12))) -> 696 | Z12: =IFERROR(SUMPRODUCT(Design_Matrix!B8:K8,$I$5:$I$14),0)+IFERROR(LN(Design_Matrix!M8),0) -> 6.5453497 | AA12: =EXP(MAX(-50,MIN(50,Z12))) -> 696 | AB12: =IFERROR(SUMPRODUCT(Design_Matrix!B8:K8,$J$5:$J$14),0)+IFERROR(LN(Design_Matrix!M8),0) -> 6.5453497 | AC12: =EXP(MAX(-50,MIN(50,AB12))) -> 696
A13: Age_30-35 | B13: 0 | C13: =IFERROR(B13+$B$1*B83/COUNT(Design_Matrix!A2:A65),B13) -> -0.0003990625 | D13: =IFERROR(C13+$B$1*C83/COUNT(Design_Matrix!A2:A65),C13) -> -0.000798125 | E13: =IFERROR(D13+$B$1*D83/COUNT(Design_Matrix!A2:A65),D13) -> -0.0011971875 | F13: =IFERROR(E13+$B$1*E83/COUNT(Design_Matrix!A2:A65),E13) -> -0.00159625 | G13: =IFERROR(F13+$B$1*F83/COUNT(Design_Matrix!A2:A65),F13) -> -0.0019953125 | H13: =IFERROR(G13+$B$1*G83/COUNT(Design_Matrix!A2:A65),G13) -> -0.002394375 | I13: =IFERROR(H13+$B$1*H83/COUNT(Design_Matrix!A2:A65),H13) -> -0.0027934375 | J13: =IFERROR(I13+$B$1*I83/COUNT(Design_Matrix!A2:A65),I13) -> -0.0031925 | L13: =IFERROR(SUMPRODUCT(Design_Matrix!B9:K9,$B$5:$B$14),0)+IFERROR(LN(Design_Matrix!M9),0) -> 8.1836766 | M13: =EXP(MAX(-50,MIN(50,L13))) -> 3582 | N13: =IFERROR(SUMPRODUCT(Design_Matrix!B9:K9,$C$5:$C$14),0)+IFERROR(LN(Design_Matrix!M9),0) -> 8.1836766 | O13: =EXP(MAX(-50,MIN(50,N13))) -> 3582 | P13: =IFERROR(SUMPRODUCT(Design_Matrix!B9:K9,$D$5:$D$14),0)+IFERROR(LN(Design_Matrix!M9),0) -> 8.1836766 | Q13: =EXP(MAX(-50,MIN(50,P13))) -> 3582 | R13: =IFERROR(SUMPRODUCT(Design_Matrix!B9:K9,$E$5:$E$14),0)+IFERROR(LN(Design_Matrix!M9),0) -> 8.1836766 | S13: =EXP(MAX(-50,MIN(50,R13))) -> 3582 | T13: =IFERROR(SUMPRODUCT(Design_Matrix!B9:K9,$F$5:$F$14),0)+IFERROR(LN(Design_Matrix!M9),0) -> 8.1836766 | U13: =EXP(MAX(-50,MIN(50,T13))) -> 3582 | V13: =IFERROR(SUMPRODUCT(Design_Matrix!B9:K9,$G$5:$G$14),0)+IFERROR(LN(Design_Matrix!M9),0) -> 8.1836766 | W13: =EXP(MAX(-50,MIN(50,V13))) -> 3582 | X13: =IFERROR(SUMPRODUCT(Design_Matrix!B9:K9,$H$5:$H$14),0)+IFERROR(LN(Design_Matrix!M9),0) -> 8.1836766 | Y13: =EXP(MAX(-50,MIN(50,X13))) -> 3582 | Z13: =IFERROR(SUMPRODUCT(Design_Matrix!B9:K9,$I$5:$I$14),0)+IFERROR(LN(Design_Matrix!M9),0) -> 8.1836766 | AA13: =EXP(MAX(-50,MIN(50,Z13))) -> 3582 | AB13: =IFERROR(SUMPRODUCT(Design_Matrix!B9:K9,$J$5:$J$14),0)+IFERROR(LN(Design_Matrix!M9),0) -> 8.1836766 | AC13: =EXP(MAX(-50,MIN(50,AB13))) -> 3582
A14: Age_>35 | B14: 0 | C14: =IFERROR(B14+$B$1*B84/COUNT(Design_Matrix!A2:A65),B14) -> -0.0023145313 | D14: =IFERROR(C14+$B$1*C84/COUNT(Design_Matrix!A2:A65),C14) -> -0.0046290625 | E14: =IFERROR(D14+$B$1*D84/COUNT(Design_Matrix!A2:A65),D14) -> -0.0069435938 | F14: =IFERROR(E14+$B$1*E84/COUNT(Design_Matrix!A2:A65),E14) -> -0.009258125 | G14: =IFERROR(F14+$B$1*F84/COUNT(Design_Matrix!A2:A65),F14) -> -0.011572656 | H14: =IFERROR(G14+$B$1*G84/COUNT(Design_Matrix!A2:A65),G14) -> -0.013887188 | I14: =IFERROR(H14+$B$1*H84/COUNT(Design_Matrix!A2:A65),H14) -> -0.016201719 | J14: =IFERROR(I14+$B$1*I84/COUNT(Design_Matrix!A2:A65),I14) -> -0.01851625 | L14: =IFERROR(SUMPRODUCT(Design_Matrix!B10:K10,$B$5:$B$14),0)+IFERROR(LN(Design_Matrix!M10),0) -> 4.8903491 | M14: =EXP(MAX(-50,MIN(50,L14))) -> 133 | N14: =IFERROR(SUMPRODUCT(Design_Matrix!B10:K10,$C$5:$C$14),0)+IFERROR(LN(Design_Matrix!M10),0) -> 4.8903491 | O14: =EXP(MAX(-50,MIN(50,N14))) -> 133 | P14: =IFERROR(SUMPRODUCT(Design_Matrix!B10:K10,$D$5:$D$14),0)+IFERROR(LN(Design_Matrix!M10),0) -> 4.8903491 | Q14: =EXP(MAX(-50,MIN(50,P14))) -> 133 | R14: =IFERROR(SUMPRODUCT(Design_Matrix!B10:K10,$E$5:$E$14),0)+IFERROR(LN(Design_Matrix!M10),0) -> 4.8903491 | S14: =EXP(MAX(-50,MIN(50,R14))) -> 133 | T14: =IFERROR(SUMPRODUCT(Design_Matrix!B10:K10,$F$5:$F$14),0)+IFERROR(LN(Design_Matrix!M10),0) -> 4.8903491 | U14: =EXP(MAX(-50,MIN(50,T14))) -> 133 | V14: =IFERROR(SUMPRODUCT(Design_Matrix!B10:K10,$G$5:$G$14),0)+IFERROR(LN(Design_Matrix!M10),0) -> 4.8903491 | W14: =EXP(MAX(-50,MIN(50,V14))) -> 133 | X14: =IFERROR(SUMPRODUCT(Design_Matrix!B10:K10,$H$5:$H$14),0)+IFERROR(LN(Design_Matrix!M10),0) -> 4.8903491 | Y14: =EXP(MAX(-50,MIN(50,X14))) -> 133 | Z14: =IFERROR(SUMPRODUCT(Design_Matrix!B10:K10,$I$5:$I$14),0)+IFERROR(LN(Design_Matrix!M10),0) -> 4.8903491 | AA14: =EXP(MAX(-50,MIN(50,Z14))) -> 133 | AB14: =IFERROR(SUMPRODUCT(Design_Matrix!B10:K10,$J$5:$J$14),0)+IFERROR(LN(Design_Matrix!M10),0) -> 4.8903491 | AC14: =EXP(MAX(-50,MIN(50,AB14))) -> 133
L15: =IFERROR(SUMPRODUCT(Design_Matrix!B11:K11,$B$5:$B$14),0)+IFERROR(LN(Design_Matrix!M11),0) -> 5.6559918 | M15: =EXP(MAX(-50,MIN(50,L15))) -> 286 | N15: =IFERROR(SUMPRODUCT(Design_Matrix!B11:K11,$C$5:$C$14),0)+IFERROR(LN(Design_Matrix!M11),0) -> 5.6559918 | O15: =EXP(MAX(-50,MIN(50,N15))) -> 286 | P15: =IFERROR(SUMPRODUCT(Design_Matrix!B11:K11,$D$5:$D$14),0)+IFERROR(LN(Design_Matrix!M11),0) -> 5.6559918 | Q15: =EXP(MAX(-50,MIN(50,P15))) -> 286 | R15: =IFERROR(SUMPRODUCT(Design_Matrix!B11:K11,$E$5:$E$14),0)+IFERROR(LN(Design_Matrix!M11),0) -> 5.6559918 | S15: =EXP(MAX(-50,MIN(50,R15))) -> 286 | T15: =IFERROR(SUMPRODUCT(Design_Matrix!B11:K11,$F$5:$F$14),0)+IFERROR(LN(Design_Matrix!M11),0) -> 5.6559918 | U15: =EXP(MAX(-50,MIN(50,T15))) -> 286 | V15: =IFERROR(SUMPRODUCT(Design_Matrix!B11:K11,$G$5:$G$14),0)+IFERROR(LN(Design_Matrix!M11),0) -> 5.6559918 | W15: =EXP(MAX(-50,MIN(50,V15))) -> 286 | X15: =IFERROR(SUMPRODUCT(Design_Matrix!B11:K11,$H$5:$H$14),0)+IFERROR(LN(Design_Matrix!M11),0) -> 5.6559918 | Y15: =EXP(MAX(-50,MIN(50,X15))) -> 286 | Z15: =IFERROR(SUMPRODUCT(Design_Matrix!B11:K11,$I$5:$I$14),0)+IFERROR(LN(Design_Matrix!M11),0) -> 5.6559918 | AA15: =EXP(MAX(-50,MIN(50,Z15))) -> 286 | AB15: =IFERROR(SUMPRODUCT(Design_Matrix!B11:K11,$J$5:$J$14),0)+IFERROR(LN(Design_Matrix!M11),0) -> 5.6559918 | AC15: =EXP(MAX(-50,MIN(50,AB15))) -> 286
L16: =IFERROR(SUMPRODUCT(Design_Matrix!B12:K12,$B$5:$B$14),0)+IFERROR(LN(Design_Matrix!M12),0) -> 5.8721178 | M16: =EXP(MAX(-50,MIN(50,L16))) -> 355 | N16: =IFERROR(SUMPRODUCT(Design_Matrix!B12:K12,$C$5:$C$14),0)+IFERROR(LN(Design_Matrix!M12),0) -> 5.8721178 | O16: =EXP(MAX(-50,MIN(50,N16))) -> 355 | P16: =IFERROR(SUMPRODUCT(Design_Matrix!B12:K12,$D$5:$D$14),0)+IFERROR(LN(Design_Matrix!M12),0) -> 5.8721178 | Q16: =EXP(MAX(-50,MIN(50,P16))) -> 355 | R16: =IFERROR(SUMPRODUCT(Design_Matrix!B12:K12,$E$5:$E$14),0)+IFERROR(LN(Design_Matrix!M12),0) -> 5.8721178 | S16: =EXP(MAX(-50,MIN(50,R16))) -> 355 | T16: =IFERROR(SUMPRODUCT(Design_Matrix!B12:K12,$F$5:$F$14),0)+IFERROR(LN(Design_Matrix!M12),0) -> 5.8721178 | U16: =EXP(MAX(-50,MIN(50,T16))) -> 355 | V16: =IFERROR(SUMPRODUCT(Design_Matrix!B12:K12,$G$5:$G$14),0)+IFERROR(LN(Design_Matrix!M12),0) -> 5.8721178 | W16: =EXP(MAX(-50,MIN(50,V16))) -> 355 | X16: =IFERROR(SUMPRODUCT(Design_Matrix!B12:K12,$H$5:$H$14),0)+IFERROR(LN(Design_Matrix!M12),0) -> 5.8721178 | Y16: =EXP(MAX(-50,MIN(50,X16))) -> 355 | Z16: =IFERROR(SUMPRODUCT(Design_Matrix!B12:K12,$I$5:$I$14),0)+IFERROR(LN(Design_Matrix!M12),0) -> 5.8721178 | AA16: =EXP(MAX(-50,MIN(50,Z16))) -> 355 | AB16: =IFERROR(SUMPRODUCT(Design_Matrix!B12:K12,$J$5:$J$14),0)+IFERROR(LN(Design_Matrix!M12),0) -> 5.8721178 | AC16: =EXP(MAX(-50,MIN(50,AB16))) -> 355
L17: =IFERROR(SUMPRODUCT(Design_Matrix!B13:K13,$B$5:$B$14),0)+IFERROR(LN(Design_Matrix!M13),0) -> 7.4024515 | M17: =EXP(MAX(-50,MIN(50,L17))) -> 1640 | N17: =IFERROR(SUMPRODUCT(Design_Matrix!B13:K13,$C$5:$C$14),0)+IFERROR(LN(Design_Matrix!M13),0) -> 7.4024515 | O17: =EXP(MAX(-50,MIN(50,N17))) -> 1640 | P17: =IFERROR(SUMPRODUCT(Design_Matrix!B13:K13,$D$5:$D$14),0)+IFERROR(LN(Design_Matrix!M13),0) -> 7.4024515 | Q17: =EXP(MAX(-50,MIN(50,P17))) -> 1640 | R17: =IFERROR(SUMPRODUCT(Design_Matrix!B13:K13,$E$5:$E$14),0)+IFERROR(LN(Design_Matrix!M13),0) -> 7.4024515 | S17: =EXP(MAX(-50,MIN(50,R17))) -> 1640 | T17: =IFERROR(SUMPRODUCT(Design_Matrix!B13:K13,$F$5:$F$14),0)+IFERROR(LN(Design_Matrix!M13),0) -> 7.4024515 | U17: =EXP(MAX(-50,MIN(50,T17))) -> 1640 | V17: =IFERROR(SUMPRODUCT(Design_Matrix!B13:K13,$G$5:$G$14),0)+IFERROR(LN(Design_Matrix!M13),0) -> 7.4024515 | W17: =EXP(MAX(-50,MIN(50,V17))) -> 1640 | X17: =IFERROR(SUMPRODUCT(Design_Matrix!B13:K13,$H$5:$H$14),0)+IFERROR(LN(Design_Matrix!M13),0) -> 7.4024515 | Y17: =EXP(MAX(-50,MIN(50,X17))) -> 1640 | Z17: =IFERROR(SUMPRODUCT(Design_Matrix!B13:K13,$I$5:$I$14),0)+IFERROR(LN(Design_Matrix!M13),0) -> 7.4024515 | AA17: =EXP(MAX(-50,MIN(50,Z17))) -> 1640 | AB17: =IFERROR(SUMPRODUCT(Design_Matrix!B13:K13,$J$5:$J$14),0)+IFERROR(LN(Design_Matrix!M13),0) -> 7.4024515 | AC17: =EXP(MAX(-50,MIN(50,AB17))) -> 1640
L18: =IFERROR(SUMPRODUCT(Design_Matrix!B14:K14,$B$5:$B$14),0)+IFERROR(LN(Design_Matrix!M14),0) -> 3.1780538 | M18: =EXP(MAX(-50,MIN(50,L18))) -> 24 | N18: =IFERROR(SUMPRODUCT(Design_Matrix!B14:K14,$C$5:$C$14),0)+IFERROR(LN(Design_Matrix!M14),0) -> 3.1780538 | O18: =EXP(MAX(-50,MIN(50,N18))) -> 24 | P18: =IFERROR(SUMPRODUCT(Design_Matrix!B14:K14,$D$5:$D$14),0)+IFERROR(LN(Design_Matrix!M14),0) -> 3.1780538 | Q18: =EXP(MAX(-50,MIN(50,P18))) -> 24 | R18: =IFERROR(SUMPRODUCT(Design_Matrix!B14:K14,$E$5:$E$14),0)+IFERROR(LN(Design_Matrix!M14),0) -> 3.1780538 | S18: =EXP(MAX(-50,MIN(50,R18))) -> 24 | T18: =IFERROR(SUMPRODUCT(Design_Matrix!B14:K14,$F$5:$F$14),0)+IFERROR(LN(Design_Matrix!M14),0) -> 3.1780538 | U18: =EXP(MAX(-50,MIN(50,T18))) -> 24 | V18: =IFERROR(SUMPRODUCT(Design_Matrix!B14:K14,$G$5:$G$14),0)+IFERROR(LN(Design_Matrix!M14),0) -> 3.1780538 | W18: =EXP(MAX(-50,MIN(50,V18))) -> 24 | X18: =IFERROR(SUMPRODUCT(Design_Matrix!B14:K14,$H$5:$H$14),0)+IFERROR(LN(Design_Matrix!M14),0) -> 3.1780538 | Y18: =EXP(MAX(-50,MIN(50,X18))) -> 24 | Z18: =IFERROR(SUMPRODUCT(Design_Matrix!B14:K14,$I$5:$I$14),0)+IFERROR(LN(Design_Matrix!M14),0) -> 3.1780538 | AA18: =EXP(MAX(-50,MIN(50,Z18))) -> 24 | AB18: =IFERROR(SUMPRODUCT(Design_Matrix!B14:K14,$J$5:$J$14),0)+IFERROR(LN(Design_Matrix!M14),0) -> 3.1780538 | AC18: =EXP(MAX(-50,MIN(50,AB18))) -> 24
L19: =IFERROR(SUMPRODUCT(Design_Matrix!B15:K15,$B$5:$B$14),0)+IFERROR(LN(Design_Matrix!M15),0) -> 4.2626799 | M19: =EXP(MAX(-50,MIN(50,L19))) -> 71 | N19: =IFERROR(SUMPRODUCT(Design_Matrix!B15:K15,$C$5:$C$14),0)+IFERROR(LN(Design_Matrix!M15),0) -> 4.2626799 | O19: =EXP(MAX(-50,MIN(50,N19))) -> 71 | P19: =IFERROR(SUMPRODUCT(Design_Matrix!B15:K15,$D$5:$D$14),0)+IFERROR(LN(Design_Matrix!M15),0) -> 4.2626799 | Q19: =EXP(MAX(-50,MIN(50,P19))) -> 71 | R19: =IFERROR(SUMPRODUCT(Design_Matrix!B15:K15,$E$5:$E$14),0)+IFERROR(LN(Design_Matrix!M15),0) -> 4.2626799 | S19: =EXP(MAX(-50,MIN(50,R19))) -> 71 | T19: =IFERROR(SUMPRODUCT(Design_Matrix!B15:K15,$F$5:$F$14),0)+IFERROR(LN(Design_Matrix!M15),0) -> 4.2626799 | U19: =EXP(MAX(-50,MIN(50,T19))) -> 71 | V19: =IFERROR(SUMPRODUCT(Design_Matrix!B15:K15,$G$5:$G$14),0)+IFERROR(LN(Design_Matrix!M15),0) -> 4.2626799 | W19: =EXP(MAX(-50,MIN(50,V19))) -> 71 | X19: =IFERROR(SUMPRODUCT(Design_Matrix!B15:K15,$H$5:$H$14),0)+IFERROR(LN(Design_Matrix!M15),0) -> 4.2626799 | Y19: =EXP(MAX(-50,MIN(50,X19))) -> 71 | Z19: =IFERROR(SUMPRODUCT(Design_Matrix!B15:K15,$I$5:$I$14),0)+IFERROR(LN(Design_Matrix!M15),0) -> 4.2626799 | AA19: =EXP(MAX(-50,MIN(50,Z19))) -> 71 | AB19: =IFERROR(SUMPRODUCT(Design_Matrix!B15:K15,$J$5:$J$14),0)+IFERROR(LN(Design_Matrix!M15),0) -> 4.2626799 | AC19: =EXP(MAX(-50,MIN(50,AB19))) -> 71
L20: =IFERROR(SUMPRODUCT(Design_Matrix!B16:K16,$B$5:$B$14),0)+IFERROR(LN(Design_Matrix!M16),0) -> 4.5951199 | M20: =EXP(MAX(-50,MIN(50,L20))) -> 99 | N20: =IFERROR(SUMPRODUCT(Design_Matrix!B16:K16,$C$5:$C$14),0)+IFERROR(LN(Design_Matrix!M16),0) -> 4.5951199 | O20: =EXP(MAX(-50,MIN(50,N20))) -> 99 | P20: =IFERROR(SUMPRODUCT(Design_Matrix!B16:K16,$D$5:$D$14),0)+IFERROR(LN(Design_Matrix!M16),0) -> 4.5951199 | Q20: =EXP(MAX(-50,MIN(50,P20))) -> 99 | R20: =IFERROR(SUMPRODUCT(Design_Matrix!B16:K16,$E$5:$E$14),0)+IFERROR(LN(Design_Matrix!M16),0) -> 4.5951199 | S20: =EXP(MAX(-50,MIN(50,R20))) -> 99 | T20: =IFERROR(SUMPRODUCT(Design_Matrix!B16:K16,$F$5:$F$14),0)+IFERROR(LN(Design_Matrix!M16),0) -> 4.5951199 | U20: =EXP(MAX(-50,MIN(50,T20))) -> 99 | V20: =IFERROR(SUMPRODUCT(Design_Matrix!B16:K16,$G$5:$G$14),0)+IFERROR(LN(Design_Matrix!M16),0) -> 4.5951199 | W20: =EXP(MAX(-50,MIN(50,V20))) -> 99 | X20: =IFERROR(SUMPRODUCT(Design_Matrix!B16:K16,$H$5:$H$14),0)+IFERROR(LN(Design_Matrix!M16),0) -> 4.5951199 | Y20: =EXP(MAX(-50,MIN(50,X20))) -> 99 | Z20: =IFERROR(SUMPRODUCT(Design_Matrix!B16:K16,$I$5:$I$14),0)+IFERROR(LN(Design_Matrix!M16),0) -> 4.5951199 | AA20: =EXP(MAX(-50,MIN(50,Z20))) -> 99 | AB20: =IFERROR(SUMPRODUCT(Design_Matrix!B16:K16,$J$5:$J$14),0)+IFERROR(LN(Design_Matrix!M16),0) -> 4.5951199 | AC20: =EXP(MAX(-50,MIN(50,AB20))) -> 99
L21: =IFERROR(SUMPRODUCT(Design_Matrix!B17:K17,$B$5:$B$14),0)+IFERROR(LN(Design_Matrix!M17),0) -> 6.1136822 | M21: =EXP(MAX(-50,MIN(50,L21))) -> 452 | N21: =IFERROR(SUMPRODUCT(Design_Matrix!B17:K17,$C$5:$C$14),0)+IFERROR(LN(Design_Matrix!M17),0) -> 6.1136822 | O21: =EXP(MAX(-50,MIN(50,N21))) -> 452 | P21: =IFERROR(SUMPRODUCT(Design_Matrix!B17:K17,$D$5:$D$14),0)+IFERROR(LN(Design_Matrix!M17),0) -> 6.1136822 | Q21: =EXP(MAX(-50,MIN(50,P21))) -> 452 | R21: =IFERROR(SUMPRODUCT(Design_Matrix!B17:K17,$E$5:$E$14),0)+IFERROR(LN(Design_Matrix!M17),0) -> 6.1136822 | S21: =EXP(MAX(-50,MIN(50,R21))) -> 452 | T21: =IFERROR(SUMPRODUCT(Design_Matrix!B17:K17,$F$5:$F$14),0)+IFERROR(LN(Design_Matrix!M17),0) -> 6.1136822 | U21: =EXP(MAX(-50,MIN(50,T21))) -> 452 | V21: =IFERROR(SUMPRODUCT(Design_Matrix!B17:K17,$G$5:$G$14),0)+IFERROR(LN(Design_Matrix!M17),0) -> 6.1136822 | W21: =EXP(MAX(-50,MIN(50,V21))) -> 452 | X21: =IFERROR(SUMPRODUCT(Design_Matrix!B17:K17,$H$5:$H$14),0)+IFERROR(LN(Design_Matrix!M17),0) -> 6.1136822 | Y21: =EXP(MAX(-50,MIN(50,X21))) -> 452 | Z21: =IFERROR(SUMPRODUCT(Design_Matrix!B17:K17,$I$5:$I$14),0)+IFERROR(LN(Design_Matrix!M17),0) -> 6.1136822 | AA21: =EXP(MAX(-50,MIN(50,Z21))) -> 452 | AB21: =IFERROR(SUMPRODUCT(Design_Matrix!B17:K17,$J$5:$J$14),0)+IFERROR(LN(Design_Matrix!M17),0) -> 6.1136822 | AC21: =EXP(MAX(-50,MIN(50,AB21))) -> 452
L22: =IFERROR(SUMPRODUCT(Design_Matrix!B18:K18,$B$5:$B$14),0)+IFERROR(LN(Design_Matrix!M18),0) -> 4.4426513 | M22: =EXP(MAX(-50,MIN(50,L22))) -> 85 | N22: =IFERROR(SUMPRODUCT(Design_Matrix!B18:K18,$C$5:$C$14),0)+IFERROR(LN(Design_Matrix!M18),0) -> 4.4426513 | O22: =EXP(MAX(-50,MIN(50,N22))) -> 85 | P22: =IFERROR(SUMPRODUCT(Design_Matrix!B18:K18,$D$5:$D$14),0)+IFERROR(LN(Design_Matrix!M18),0) -> 4.4426513 | Q22: =EXP(MAX(-50,MIN(50,P22))) -> 85 | R22: =IFERROR(SUMPRODUCT(Design_Matrix!B18:K18,$E$5:$E$14),0)+IFERROR(LN(Design_Matrix!M18),0) -> 4.4426513 | S22: =EXP(MAX(-50,MIN(50,R22))) -> 85 | T22: =IFERROR(SUMPRODUCT(Design_Matrix!B18:K18,$F$5:$F$14),0)+IFERROR(LN(Design_Matrix!M18),0) -> 4.4426513 | U22: =EXP(MAX(-50,MIN(50,T22))) -> 85 | V22: =IFERROR(SUMPRODUCT(Design_Matrix!B18:K18,$G$5:$G$14),0)+IFERROR(LN(Design_Matrix!M18),0) -> 4.4426513 | W22: =EXP(MAX(-50,MIN(50,V22))) -> 85 | X22: =IFERROR(SUMPRODUCT(Design_Matrix!B18:K18,$H$5:$H$14),0)+IFERROR(LN(Design_Matrix!M18),0) -> 4.4426513 | Y22: =EXP(MAX(-50,MIN(50,X22))) -> 85 | Z22: =IFERROR(SUMPRODUCT(Design_Matrix!B18:K18,$I$5:$I$14),0)+IFERROR(LN(Design_Matrix!M18),0) -> 4.4426513 | AA22: =EXP(MAX(-50,MIN(50,Z22))) -> 85 | AB22: =IFERROR(SUMPRODUCT(Design_Matrix!B18:K18,$J$5:$J$14),0)+IFERROR(LN(Design_Matrix!M18),0) -> 4.4426513 | AC22: =EXP(MAX(-50,MIN(50,AB22))) -> 85
L23: =IFERROR(SUMPRODUCT(Design_Matrix!B19:K19,$B$5:$B$14),0)+IFERROR(LN(Design_Matrix!M19),0) -> 4.9344739 | M23: =EXP(MAX(-50,MIN(50,L23))) -> 139 | N23: =IFERROR(SUMPRODUCT(Design_Matrix!B19:K19,$C$5:$C$14),0)+IFERROR(LN(Design_Matrix!M19),0) -> 4.9344739 | O23: =EXP(MAX(-50,MIN(50,N23))) -> 139 | P23: =IFERROR(SUMPRODUCT(Design_Matrix!B19:K19,$D$5:$D$14),0)+IFERROR(LN(Design_Matrix!M19),0) -> 4.9344739 | Q23: =EXP(MAX(-50,MIN(50,P23))) -> 139 | R23: =IFERROR(SUMPRODUCT(Design_Matrix!B19:K19,$E$5:$E$14),0)+IFERROR(LN(Design_Matrix!M19),0) -> 4.9344739 | S23: =EXP(MAX(-50,MIN(50,R23))) -> 139 | T23: =IFERROR(SUMPRODUCT(Design_Matrix!B19:K19,$F$5:$F$14),0)+IFERROR(LN(Design_Matrix!M19),0) -> 4.9344739 | U23: =EXP(MAX(-50,MIN(50,T23))) -> 139 | V23: =IFERROR(SUMPRODUCT(Design_Matrix!B19:K19,$G$5:$G$14),0)+IFERROR(LN(Design_Matrix!M19),0) -> 4.9344739 | W23: =EXP(MAX(-50,MIN(50,V23))) -> 139 | X23: =IFERROR(SUMPRODUCT(Design_Matrix!B19:K19,$H$5:$H$14),0)+IFERROR(LN(Design_Matrix!M19),0) -> 4.9344739 | Y23: =EXP(MAX(-50,MIN(50,X23))) -> 139 | Z23: =IFERROR(SUMPRODUCT(Design_Matrix!B19:K19,$I$5:$I$14),0)+IFERROR(LN(Design_Matrix!M19),0) -> 4.9344739 | AA23: =EXP(MAX(-50,MIN(50,Z23))) -> 139 | AB23: =IFERROR(SUMPRODUCT(Design_Matrix!B19:K19,$J$5:$J$14),0)+IFERROR(LN(Design_Matrix!M19),0) -> 4.9344739 | AC23: =EXP(MAX(-50,MIN(50,AB23))) -> 139
L24: =IFERROR(SUMPRODUCT(Design_Matrix!B20:K20,$B$5:$B$14),0)+IFERROR(LN(Design_Matrix!M20),0) -> 5.0172798 | M24: =EXP(MAX(-50,MIN(50,L24))) -> 151 | N24: =IFERROR(SUMPRODUCT(Design_Matrix!B20:K20,$C$5:$C$14),0)+IFERROR(LN(Design_Matrix!M20),0) -> 5.0172798 | O24: =EXP(MAX(-50,MIN(50,N24))) -> 151 | P24: =IFERROR(SUMPRODUCT(Design_Matrix!B20:K20,$D$5:$D$14),0)+IFERROR(LN(Design_Matrix!M20),0) -> 5.0172798 | Q24: =EXP(MAX(-50,MIN(50,P24))) -> 151 | R24: =IFERROR(SUMPRODUCT(Design_Matrix!B20:K20,$E$5:$E$14),0)+IFERROR(LN(Design_Matrix!M20),0) -> 5.0172798 | S24: =EXP(MAX(-50,MIN(50,R24))) -> 151 | T24: =IFERROR(SUMPRODUCT(Design_Matrix!B20:K20,$F$5:$F$14),0)+IFERROR(LN(Design_Matrix!M20),0) -> 5.0172798 | U24: =EXP(MAX(-50,MIN(50,T24))) -> 151 | V24: =IFERROR(SUMPRODUCT(Design_Matrix!B20:K20,$G$5:$G$14),0)+IFERROR(LN(Design_Matrix!M20),0) -> 5.0172798 | W24: =EXP(MAX(-50,MIN(50,V24))) -> 151 | X24: =IFERROR(SUMPRODUCT(Design_Matrix!B20:K20,$H$5:$H$14),0)+IFERROR(LN(Design_Matrix!M20),0) -> 5.0172798 | Y24: =EXP(MAX(-50,MIN(50,X24))) -> 151 | Z24: =IFERROR(SUMPRODUCT(Design_Matrix!B20:K20,$I$5:$I$14),0)+IFERROR(LN(Design_Matrix!M20),0) -> 5.0172798 | AA24: =EXP(MAX(-50,MIN(50,Z24))) -> 151 | AB24: =IFERROR(SUMPRODUCT(Design_Matrix!B20:K20,$J$5:$J$14),0)+IFERROR(LN(Design_Matrix!M20),0) -> 5.0172798 | AC24: =EXP(MAX(-50,MIN(50,AB24))) -> 151
L25: =IFERROR(SUMPRODUCT(Design_Matrix!B21:K21,$B$5:$B$14),0)+IFERROR(LN(Design_Matrix!M21),0) -> 6.8362593 | M25: =EXP(MAX(-50,MIN(50,L25))) -> 931 | N25: =IFERROR(SUMPRODUCT(Design_Matrix!B21:K21,$C$5:$C$14),0)+IFERROR(LN(Design_Matrix!M21),0) -> 6.8362593 | O25: =EXP(MAX(-50,MIN(50,N25))) -> 931 | P25: =IFERROR(SUMPRODUCT(Design_Matrix!B21:K21,$D$5:$D$14),0)+IFERROR(LN(Design_Matrix!M21),0) -> 6.8362593 | Q25: =EXP(MAX(-50,MIN(50,P25))) -> 931 | R25: =IFERROR(SUMPRODUCT(Design_Matrix!B21:K21,$E$5:$E$14),0)+IFERROR(LN(Design_Matrix!M21),0) -> 6.8362593 | S25: =EXP(MAX(-50,MIN(50,R25))) -> 931 | T25: =IFERROR(SUMPRODUCT(Design_Matrix!B21:K21,$F$5:$F$14),0)+IFERROR(LN(Design_Matrix!M21),0) -> 6.8362593 | U25: =EXP(MAX(-50,MIN(50,T25))) -> 931 | V25: =IFERROR(SUMPRODUCT(Design_Matrix!B21:K21,$G$5:$G$14),0)+IFERROR(LN(Design_Matrix!M21),0) -> 6.8362593 | W25: =EXP(MAX(-50,MIN(50,V25))) -> 931 | X25: =IFERROR(SUMPRODUCT(Design_Matrix!B21:K21,$H$5:$H$14),0)+IFERROR(LN(Design_Matrix!M21),0) -> 6.8362593 | Y25: =EXP(MAX(-50,MIN(50,X25))) -> 931 | Z25: =IFERROR(SUMPRODUCT(Design_Matrix!B21:K21,$I$5:$I$14),0)+IFERROR(LN(Design_Matrix!M21),0) -> 6.8362593 | AA25: =EXP(MAX(-50,MIN(50,Z25))) -> 931 | AB25: =IFERROR(SUMPRODUCT(Design_Matrix!B21:K21,$J$5:$J$14),0)+IFERROR(LN(Design_Matrix!M21),0) -> 6.8362593 | AC25: =EXP(MAX(-50,MIN(50,AB25))) -> 931
L26: =IFERROR(SUMPRODUCT(Design_Matrix!B22:K22,$B$5:$B$14),0)+IFERROR(LN(Design_Matrix!M22),0) -> 5.0039463 | M26: =EXP(MAX(-50,MIN(50,L26))) -> 149 | N26: =IFERROR(SUMPRODUCT(Design_Matrix!B22:K22,$C$5:$C$14),0)+IFERROR(LN(Design_Matrix!M22),0) -> 5.0039463 | O26: =EXP(MAX(-50,MIN(50,N26))) -> 149 | P26: =IFERROR(SUMPRODUCT(Design_Matrix!B22:K22,$D$5:$D$14),0)+IFERROR(LN(Design_Matrix!M22),0) -> 5.0039463 | Q26: =EXP(MAX(-50,MIN(50,P26))) -> 149 | R26: =IFERROR(SUMPRODUCT(Design_Matrix!B22:K22,$E$5:$E$14),0)+IFERROR(LN(Design_Matrix!M22),0) -> 5.0039463 | S26: =EXP(MAX(-50,MIN(50,R26))) -> 149 | T26: =IFERROR(SUMPRODUCT(Design_Matrix!B22:K22,$F$5:$F$14),0)+IFERROR(LN(Design_Matrix!M22),0) -> 5.0039463 | U26: =EXP(MAX(-50,MIN(50,T26))) -> 149 | V26: =IFERROR(SUMPRODUCT(Design_Matrix!B22:K22,$G$5:$G$14),0)+IFERROR(LN(Design_Matrix!M22),0) -> 5.0039463 | W26: =EXP(MAX(-50,MIN(50,V26))) -> 149 | X26: =IFERROR(SUMPRODUCT(Design_Matrix!B22:K22,$H$5:$H$14),0)+IFERROR(LN(Design_Matrix!M22),0) -> 5.0039463 | Y26: =EXP(MAX(-50,MIN(50,X26))) -> 149 | Z26: =IFERROR(SUMPRODUCT(Design_Matrix!B22:K22,$I$5:$I$14),0)+IFERROR(LN(Design_Matrix!M22),0) -> 5.0039463 | AA26: =EXP(MAX(-50,MIN(50,Z26))) -> 149 | AB26: =IFERROR(SUMPRODUCT(Design_Matrix!B22:K22,$J$5:$J$14),0)+IFERROR(LN(Design_Matrix!M22),0) -> 5.0039463 | AC26: =EXP(MAX(-50,MIN(50,AB26))) -> 149
... L69: =IFERROR(SUMPRODUCT(Design_Matrix!B65:K65,$B$5:$B$14),0)+IFERROR(LN(Design_Matrix!M65),0) -> 4.7361984 | M69: =EXP(MAX(-50,MIN(50,L69))) -> 114 | N69: =IFERROR(SUMPRODUCT(Design_Matrix!B65:K65,$C$5:$C$14),0)+IFERROR(LN(Design_Matrix!M65),0) -> 4.7361984 | O69: =EXP(MAX(-50,MIN(50,N69))) -> 114 | P69: =IFERROR(SUMPRODUCT(Design_Matrix!B65:K65,$D$5:$D$14),0)+IFERROR(LN(Design_Matrix!M65),0) -> 4.7361984 | Q69: =EXP(MAX(-50,MIN(50,P69))) -> 114 | R69: =IFERROR(SUMPRODUCT(Design_Matrix!B65:K65,$E$5:$E$14),0)+IFERROR(LN(Design_Matrix!M65),0) -> 4.7361984 | S69: =EXP(MAX(-50,MIN(50,R69))) -> 114 | T69: =IFERROR(SUMPRODUCT(Design_Matrix!B65:K65,$F$5:$F$14),0)+IFERROR(LN(Design_Matrix!M65),0) -> 4.7361984 | U69: =EXP(MAX(-50,MIN(50,T69))) -> 114 | V69: =IFERROR(SUMPRODUCT(Design_Matrix!B65:K65,$G$5:$G$14),0)+IFERROR(LN(Design_Matrix!M65),0) -> 4.7361984 | W69: =EXP(MAX(-50,MIN(50,V69))) -> 114 | X69: =IFERROR(SUMPRODUCT(Design_Matrix!B65:K65,$H$5:$H$14),0)+IFERROR(LN(Design_Matrix!M65),0) -> 4.7361984 | Y69: =EXP(MAX(-50,MIN(50,X69))) -> 114 | Z69: =IFERROR(SUMPRODUCT(Design_Matrix!B65:K65,$I$5:$I$14),0)+IFERROR(LN(Design_Matrix!M65),0) -> 4.7361984 | AA69: =EXP(MAX(-50,MIN(50,Z69))) -> 114 | AB69: =IFERROR(SUMPRODUCT(Design_Matrix!B65:K65,$J$5:$J$14),0)+IFERROR(LN(Design_Matrix!M65),0) -> 4.7361984 | AC69: =EXP(MAX(-50,MIN(50,AB69))) -> 114
A73: Gradient block (score equations)
A74: coef | B74: g_iter_0 | C74: g_iter_1 | D74: g_iter_2 | E74: g_iter_3 | F74: g_iter_4 | G74: g_iter_5 | H74: g_iter_6 | I74: g_iter_7
A75: Intercept | B75: =IFERROR(SUMPRODUCT(Design_Matrix!B2:B65,Design_Matrix!L2:L65)-SUMPRODUCT(Design_Matrix!B2:B65,M6:M69),0) -> -20208 | C75: =IFERROR(SUMPRODUCT(Design_Matrix!B2:B65,Design_Matrix!L2:L65)-SUMPRODUCT(Design_Matrix!B2:B65,O6:O69),0) -> -20208 | D75: =IFERROR(SUMPRODUCT(Design_Matrix!B2:B65,Design_Matrix!L2:L65)-SUMPRODUCT(Design_Matrix!B2:B65,Q6:Q69),0) -> -20208 | E75: =IFERROR(SUMPRODUCT(Design_Matrix!B2:B65,Design_Matrix!L2:L65)-SUMPRODUCT(Design_Matrix!B2:B65,S6:S69),0) -> -20208 | F75: =IFERROR(SUMPRODUCT(Design_Matrix!B2:B65,Design_Matrix!L2:L65)-SUMPRODUCT(Design_Matrix!B2:B65,U6:U69),0) -> -20208 | G75: =IFERROR(SUMPRODUCT(Design_Matrix!B2:B65,Design_Matrix!L2:L65)-SUMPRODUCT(Design_Matrix!B2:B65,W6:W69),0) -> -20208 | H75: =IFERROR(SUMPRODUCT(Design_Matrix!B2:B65,Design_Matrix!L2:L65)-SUMPRODUCT(Design_Matrix!B2:B65,Y6:Y69),0) -> -20208 | I75: =IFERROR(SUMPRODUCT(Design_Matrix!B2:B65,Design_Matrix!L2:L65)-SUMPRODUCT(Design_Matrix!B2:B65,AA6:AA69),0) -> -20208
A76: District_2 | B76: =IFERROR(SUMPRODUCT(Design_Matrix!C2:C65,Design_Matrix!L2:L65)-SUMPRODUCT(Design_Matrix!C2:C65,M6:M69),0) -> -5762 | C76: =IFERROR(SUMPRODUCT(Design_Matrix!C2:C65,Design_Matrix!L2:L65)-SUMPRODUCT(Design_Matrix!C2:C65,O6:O69),0) -> -5762 | D76: =IFERROR(SUMPRODUCT(Design_Matrix!C2:C65,Design_Matrix!L2:L65)-SUMPRODUCT(Design_Matrix!C2:C65,Q6:Q69),0) -> -5762 | E76: =IFERROR(SUMPRODUCT(Design_Matrix!C2:C65,Design_Matrix!L2:L65)-SUMPRODUCT(Design_Matrix!C2:C65,S6:S69),0) -> -5762 | F76: =IFERROR(SUMPRODUCT(Design_Matrix!C2:C65,Design_Matrix!L2:L65)-SUMPRODUCT(Design_Matrix!C2:C65,U6:U69),0) -> -5762 | G76: =IFERROR(SUMPRODUCT(Design_Matrix!C2:C65,Design_Matrix!L2:L65)-SUMPRODUCT(Design_Matrix!C2:C65,W6:W69),0) -> -5762 | H76: =IFERROR(SUMPRODUCT(Design_Matrix!C2:C65,Design_Matrix!L2:L65)-SUMPRODUCT(Design_Matrix!C2:C65,Y6:Y69),0) -> -5762 | I76: =IFERROR(SUMPRODUCT(Design_Matrix!C2:C65,Design_Matrix!L2:L65)-SUMPRODUCT(Design_Matrix!C2:C65,AA6:AA69),0) -> -5762
A77: District_3 | B77: =IFERROR(SUMPRODUCT(Design_Matrix!D2:D65,Design_Matrix!L2:L65)-SUMPRODUCT(Design_Matrix!D2:D65,M6:M69),0) -> -3614 | C77: =IFERROR(SUMPRODUCT(Design_Matrix!D2:D65,Design_Matrix!L2:L65)-SUMPRODUCT(Design_Matrix!D2:D65,O6:O69),0) -> -3614 | D77: =IFERROR(SUMPRODUCT(Design_Matrix!D2:D65,Design_Matrix!L2:L65)-SUMPRODUCT(Design_Matrix!D2:D65,Q6:Q69),0) -> -3614 | E77: =IFERROR(SUMPRODUCT(Design_Matrix!D2:D65,Design_Matrix!L2:L65)-SUMPRODUCT(Design_Matrix!D2:D65,S6:S69),0) -> -3614 | F77: =IFERROR(SUMPRODUCT(Design_Matrix!D2:D65,Design_Matrix!L2:L65)-SUMPRODUCT(Design_Matrix!D2:D65,U6:U69),0) -> -3614 | G77: =IFERROR(SUMPRODUCT(Design_Matrix!D2:D65,Design_Matrix!L2:L65)-SUMPRODUCT(Design_Matrix!D2:D65,W6:W69),0) -> -3614 | H77: =IFERROR(SUMPRODUCT(Design_Matrix!D2:D65,Design_Matrix!L2:L65)-SUMPRODUCT(Design_Matrix!D2:D65,Y6:Y69),0) -> -3614 | I77: =IFERROR(SUMPRODUCT(Design_Matrix!D2:D65,Design_Matrix!L2:L65)-SUMPRODUCT(Design_Matrix!D2:D65,AA6:AA69),0) -> -3614
A78: District_4 | B78: =IFERROR(SUMPRODUCT(Design_Matrix!E2:E65,Design_Matrix!L2:L65)-SUMPRODUCT(Design_Matrix!E2:E65,M6:M69),0) -> -1668 | C78: =IFERROR(SUMPRODUCT(Design_Matrix!E2:E65,Design_Matrix!L2:L65)-SUMPRODUCT(Design_Matrix!E2:E65,O6:O69),0) -> -1668 | D78: =IFERROR(SUMPRODUCT(Design_Matrix!E2:E65,Design_Matrix!L2:L65)-SUMPRODUCT(Design_Matrix!E2:E65,Q6:Q69),0) -> -1668 | E78: =IFERROR(SUMPRODUCT(Design_Matrix!E2:E65,Design_Matrix!L2:L65)-SUMPRODUCT(Design_Matrix!E2:E65,S6:S69),0) -> -1668 | F78: =IFERROR(SUMPRODUCT(Design_Matrix!E2:E65,Design_Matrix!L2:L65)-SUMPRODUCT(Design_Matrix!E2:E65,U6:U69),0) -> -1668 | G78: =IFERROR(SUMPRODUCT(Design_Matrix!E2:E65,Design_Matrix!L2:L65)-SUMPRODUCT(Design_Matrix!E2:E65,W6:W69),0) -> -1668 | H78: =IFERROR(SUMPRODUCT(Design_Matrix!E2:E65,Design_Matrix!L2:L65)-SUMPRODUCT(Design_Matrix!E2:E65,Y6:Y69),0) -> -1668 | I78: =IFERROR(SUMPRODUCT(Design_Matrix!E2:E65,Design_Matrix!L2:L65)-SUMPRODUCT(Design_Matrix!E2:E65,AA6:AA69),0) -> -1668
A79: Group_1-1.5l | B79: =IFERROR(SUMPRODUCT(Design_Matrix!F2:F65,Design_Matrix!L2:L65)-SUMPRODUCT(Design_Matrix!F2:F65,M6:M69),0) -> -10013 | C79: =IFERROR(SUMPRODUCT(Design_Matrix!F2:F65,Design_Matrix!L2:L65)-SUMPRODUCT(Design_Matrix!F2:F65,O6:O69),0) -> -10013 | D79: =IFERROR(SUMPRODUCT(Design_Matrix!F2:F65,Design_Matrix!L2:L65)-SUMPRODUCT(Design_Matrix!F2:F65,Q6:Q69),0) -> -10013 | E79: =IFERROR(SUMPRODUCT(Design_Matrix!F2:F65,Design_Matrix!L2:L65)-SUMPRODUCT(Design_Matrix!F2:F65,S6:S69),0) -> -10013 | F79: =IFERROR(SUMPRODUCT(Design_Matrix!F2:F65,Design_Matrix!L2:L65)-SUMPRODUCT(Design_Matrix!F2:F65,U6:U69),0) -> -10013 | G79: =IFERROR(SUMPRODUCT(Design_Matrix!F2:F65,Design_Matrix!L2:L65)-SUMPRODUCT(Design_Matrix!F2:F65,W6:W69),0) -> -10013 | H79: =IFERROR(SUMPRODUCT(Design_Matrix!F2:F65,Design_Matrix!L2:L65)-SUMPRODUCT(Design_Matrix!F2:F65,Y6:Y69),0) -> -10013 | I79: =IFERROR(SUMPRODUCT(Design_Matrix!F2:F65,Design_Matrix!L2:L65)-SUMPRODUCT(Design_Matrix!F2:F65,AA6:AA69),0) -> -10013
A80: Group_1.5-2l | B80: =IFERROR(SUMPRODUCT(Design_Matrix!G2:G65,Design_Matrix!L2:L65)-SUMPRODUCT(Design_Matrix!G2:G65,M6:M69),0) -> -4507 | C80: =IFERROR(SUMPRODUCT(Design_Matrix!G2:G65,Design_Matrix!L2:L65)-SUMPRODUCT(Design_Matrix!G2:G65,O6:O69),0) -> -4507 | D80: =IFERROR(SUMPRODUCT(Design_Matrix!G2:G65,Design_Matrix!L2:L65)-SUMPRODUCT(Design_Matrix!G2:G65,Q6:Q69),0) -> -4507 | E80: =IFERROR(SUMPRODUCT(Design_Matrix!G2:G65,Design_Matrix!L2:L65)-SUMPRODUCT(Design_Matrix!G2:G65,S6:S69),0) -> -4507 | F80: =IFERROR(SUMPRODUCT(Design_Matrix!G2:G65,Design_Matrix!L2:L65)-SUMPRODUCT(Design_Matrix!G2:G65,U6:U69),0) -> -4507 | G80: =IFERROR(SUMPRODUCT(Design_Matrix!G2:G65,Design_Matrix!L2:L65)-SUMPRODUCT(Design_Matrix!G2:G65,W6:W69),0) -> -4507 | H80: =IFERROR(SUMPRODUCT(Design_Matrix!G2:G65,Design_Matrix!L2:L65)-SUMPRODUCT(Design_Matrix!G2:G65,Y6:Y69),0) -> -4507 | I80: =IFERROR(SUMPRODUCT(Design_Matrix!G2:G65,Design_Matrix!L2:L65)-SUMPRODUCT(Design_Matrix!G2:G65,AA6:AA69),0) -> -4507
A81: Group_>2l | B81: =IFERROR(SUMPRODUCT(Design_Matrix!H2:H65,Design_Matrix!L2:L65)-SUMPRODUCT(Design_Matrix!H2:H65,M6:M69),0) -> -1280 | C81: =IFERROR(SUMPRODUCT(Design_Matrix!H2:H65,Design_Matrix!L2:L65)-SUMPRODUCT(Design_Matrix!H2:H65,O6:O69),0) -> -1280 | D81: =IFERROR(SUMPRODUCT(Design_Matrix!H2:H65,Design_Matrix!L2:L65)-SUMPRODUCT(Design_Matrix!H2:H65,Q6:Q69),0) -> -1280 | E81: =IFERROR(SUMPRODUCT(Design_Matrix!H2:H65,Design_Matrix!L2:L65)-SUMPRODUCT(Design_Matrix!H2:H65,S6:S69),0) -> -1280 | F81: =IFERROR(SUMPRODUCT(Design_Matrix!H2:H65,Design_Matrix!L2:L65)-SUMPRODUCT(Design_Matrix!H2:H65,U6:U69),0) -> -1280 | G81: =IFERROR(SUMPRODUCT(Design_Matrix!H2:H65,Design_Matrix!L2:L65)-SUMPRODUCT(Design_Matrix!H2:H65,W6:W69),0) -> -1280 | H81: =IFERROR(SUMPRODUCT(Design_Matrix!H2:H65,Design_Matrix!L2:L65)-SUMPRODUCT(Design_Matrix!H2:H65,Y6:Y69),0) -> -1280 | I81: =IFERROR(SUMPRODUCT(Design_Matrix!H2:H65,Design_Matrix!L2:L65)-SUMPRODUCT(Design_Matrix!H2:H65,AA6:AA69),0) -> -1280
A82: Age_25-29 | B82: =IFERROR(SUMPRODUCT(Design_Matrix!I2:I65,Design_Matrix!L2:L65)-SUMPRODUCT(Design_Matrix!I2:I65,M6:M69),0) -> -1932 | C82: =IFERROR(SUMPRODUCT(Design_Matrix!I2:I65,Design_Matrix!L2:L65)-SUMPRODUCT(Design_Matrix!I2:I65,O6:O69),0) -> -1932 | D82: =IFERROR(SUMPRODUCT(Design_Matrix!I2:I65,Design_Matrix!L2:L65)-SUMPRODUCT(Design_Matrix!I2:I65,Q6:Q69),0) -> -1932 | E82: =IFERROR(SUMPRODUCT(Design_Matrix!I2:I65,Design_Matrix!L2:L65)-SUMPRODUCT(Design_Matrix!I2:I65,S6:S69),0) -> -1932 | F82: =IFERROR(SUMPRODUCT(Design_Matrix!I2:I65,Design_Matrix!L2:L65)-SUMPRODUCT(Design_Matrix!I2:I65,U6:U69),0) -> -1932 | G82: =IFERROR(SUMPRODUCT(Design_Matrix!I2:I65,Design_Matrix!L2:L65)-SUMPRODUCT(Design_Matrix!I2:I65,W6:W69),0) -> -1932 | H82: =IFERROR(SUMPRODUCT(Design_Matrix!I2:I65,Design_Matrix!L2:L65)-SUMPRODUCT(Design_Matrix!I2:I65,Y6:Y69),0) -> -1932 | I82: =IFERROR(SUMPRODUCT(Design_Matrix!I2:I65,Design_Matrix!L2:L65)-SUMPRODUCT(Design_Matrix!I2:I65,AA6:AA69),0) -> -1932
A83: Age_30-35 | B83: =IFERROR(SUMPRODUCT(Design_Matrix!J2:J65,Design_Matrix!L2:L65)-SUMPRODUCT(Design_Matrix!J2:J65,M6:M69),0) -> -2554 | C83: =IFERROR(SUMPRODUCT(Design_Matrix!J2:J65,Design_Matrix!L2:L65)-SUMPRODUCT(Design_Matrix!J2:J65,O6:O69),0) -> -2554 | D83: =IFERROR(SUMPRODUCT(Design_Matrix!J2:J65,Design_Matrix!L2:L65)-SUMPRODUCT(Design_Matrix!J2:J65,Q6:Q69),0) -> -2554 | E83: =IFERROR(SUMPRODUCT(Design_Matrix!J2:J65,Design_Matrix!L2:L65)-SUMPRODUCT(Design_Matrix!J2:J65,S6:S69),0) -> -2554 | F83: =IFERROR(SUMPRODUCT(Design_Matrix!J2:J65,Design_Matrix!L2:L65)-SUMPRODUCT(Design_Matrix!J2:J65,U6:U69),0) -> -2554 | G83: =IFERROR(SUMPRODUCT(Design_Matrix!J2:J65,Design_Matrix!L2:L65)-SUMPRODUCT(Design_Matrix!J2:J65,W6:W69),0) -> -2554 | H83: =IFERROR(SUMPRODUCT(Design_Matrix!J2:J65,Design_Matrix!L2:L65)-SUMPRODUCT(Design_Matrix!J2:J65,Y6:Y69),0) -> -2554 | I83: =IFERROR(SUMPRODUCT(Design_Matrix!J2:J65,Design_Matrix!L2:L65)-SUMPRODUCT(Design_Matrix!J2:J65,AA6:AA69),0) -> -2554
A84: Age_>35 | B84: =IFERROR(SUMPRODUCT(Design_Matrix!K2:K65,Design_Matrix!L2:L65)-SUMPRODUCT(Design_Matrix!K2:K65,M6:M69),0) -> -14813 | C84: =IFERROR(SUMPRODUCT(Design_Matrix!K2:K65,Design_Matrix!L2:L65)-SUMPRODUCT(Design_Matrix!K2:K65,O6:O69),0) -> -14813 | D84: =IFERROR(SUMPRODUCT(Design_Matrix!K2:K65,Design_Matrix!L2:L65)-SUMPRODUCT(Design_Matrix!K2:K65,Q6:Q69),0) -> -14813 | E84: =IFERROR(SUMPRODUCT(Design_Matrix!K2:K65,Design_Matrix!L2:L65)-SUMPRODUCT(Design_Matrix!K2:K65,S6:S69),0) -> -14813 | F84: =IFERROR(SUMPRODUCT(Design_Matrix!K2:K65,Design_Matrix!L2:L65)-SUMPRODUCT(Design_Matrix!K2:K65,U6:U69),0) -> -14813 | G84: =IFERROR(SUMPRODUCT(Design_Matrix!K2:K65,Design_Matrix!L2:L65)-SUMPRODUCT(Design_Matrix!K2:K65,W6:W69),0) -> -14813 | H84: =IFERROR(SUMPRODUCT(Design_Matrix!K2:K65,Design_Matrix!L2:L65)-SUMPRODUCT(Design_Matrix!K2:K65,Y6:Y69),0) -> -14813 | I84: =IFERROR(SUMPRODUCT(Design_Matrix!K2:K65,Design_Matrix!L2:L65)-SUMPRODUCT(Design_Matrix!K2:K65,AA6:AA69),0) -> -14813
A90: SSE | B90: =SUMXMY2(Design_Matrix!L2:L65,AC6:AC69) -> 25629248 | D90: iter | E90: sse_iter
A91: mean_pred | B91: =AVERAGE(AC6:AC69) -> 364.98438 | D91: 0 | E91: =SUMXMY2(Design_Matrix!L2:L65,M6:M69) -> 25629248
D92: 1 | E92: =SUMXMY2(Design_Matrix!L2:L65,O6:O69) -> 25629248
D93: 2 | E93: =SUMXMY2(Design_Matrix!L2:L65,Q6:Q69) -> 25629248
D94: 3 | E94: =SUMXMY2(Design_Matrix!L2:L65,S6:S69) -> 25629248
D95: 4 | E95: =SUMXMY2(Design_Matrix!L2:L65,U6:U69) -> 25629248
D96: 5 | E96: =SUMXMY2(Design_Matrix!L2:L65,W6:W69) -> 25629248
D97: 6 | E97: =SUMXMY2(Design_Matrix!L2:L65,Y6:Y69) -> 25629248
D98: 7 | E98: =SUMXMY2(Design_Matrix!L2:L65,AA6:AA69) -> 25629248
D99: 8 | E99: =SUMXMY2(Design_Matrix!L2:L65,AC6:AC69) -> 25629248

Sheet Gaussian_Models
A1: mod3/mod4/mod5 mechanics (matrix formulas)
A2: mod3 (gaussian on Claims) | M2: mod4 (gaussian on AvgClaims) | AB2: mod5 (weighted gaussian on AvgClaims, weights=Holders)
A4: XTX | L4: XTy_claims | M4: beta_mod3 | N4: XTy_avgclaims | O4: beta_mod4 | Q4: Weighted X = X*sqrt(w) | AA4: Weighted y = AvgClaims*sqrt(w) | AC4: X'WX | AM4: X'Wy
A5: {=MMULT(TRANSPOSE(Design_Matrix!B2:K65),Design_Matrix!B2:K65)} -> 64 | B5: 16 | C5: 16 | D5: 16 | E5: 16 | F5: 16 | G5: 16 | H5: 16 | I5: 16 | J5: 16 | L5: {=MMULT(TRANSPOSE(Design_Matrix!B2:K65),Design_Matrix!L2:L65)} -> 3151 | M5: {=MMULT(MINVERSE(A5:J14),L5:L14)} -> 35.84375 | N5: {=MMULT(TRANSPOSE(Design_Matrix!B2:K65),Design_Matrix!N2:N65)} -> 11.518165 | O5: {=MMULT(MINVERSE(A5:J14),N5:N14)} -> 0.15186022 | Q5: =Design_Matrix!B2*SQRT(Design_Matrix!M2) -> 14.035669 | R5: =Design_Matrix!C2*SQRT(Design_Matrix!M2) -> 0 | S5: =Design_Matrix!D2*SQRT(Design_Matrix!M2) -> 0 | T5: =Design_Matrix!E2*SQRT(Design_Matrix!M2) -> 0 | U5: =Design_Matrix!F2*SQRT(Design_Matrix!M2) -> 0 | V5: =Design_Matrix!G2*SQRT(Design_Matrix!M2) -> 0 | W5: =Design_Matrix!H2*SQRT(Design_Matrix!M2) -> 0 | X5: =Design_Matrix!I2*SQRT(Design_Matrix!M2) -> 0 | Y5: =Design_Matrix!J2*SQRT(Design_Matrix!M2) -> 0 | Z5: =Design_Matrix!K2*SQRT(Design_Matrix!M2) -> 0 | AA5: =Design_Matrix!N2*SQRT(Design_Matrix!M2) -> 2.7073879
A6: 16 | B6: 16 | C6: 0 | D6: 0 | E6: 4 | F6: 4 | G6: 4 | H6: 4 | I6: 4 | J6: 4 | L6: 891 | M6: -30.625 | N6: 3.0695188 | O6: 0.030883815 | Q6: =Design_Matrix!B3*SQRT(Design_Matrix!M3) -> 16.248077 | R6: =Design_Matrix!C3*SQRT(Design_Matrix!M3) -> 0 | S6: =Design_Matrix!D3*SQRT(Design_Matrix!M3) -> 0 | T6: =Design_Matrix!E3*SQRT(Design_Matrix!M3) -> 0 | U6: =Design_Matrix!F3*SQRT(Design_Matrix!M3) -> 0 | V6: =Design_Matrix!G3*SQRT(Design_Matrix!M3) -> 0 | W6: =Design_Matrix!H3*SQRT(Design_Matrix!M3) -> 0 | X6: =Design_Matrix!I3*SQRT(Design_Matrix!M3) -> 16.248077 | Y6: =Design_Matrix!J3*SQRT(Design_Matrix!M3) -> 0 | Z6: =Design_Matrix!K3*SQRT(Design_Matrix!M3) -> 0 | AA6: =Design_Matrix!N3*SQRT(Design_Matrix!M3) -> 2.1541011
A7: 16 | B7: 0 | C7: 16 | D7: 0 | E7: 4 | F7: 4 | G7: 4 | H7: 4 | I7: 4 | J7: 4 | L7: 553 | M7: -51.75 | N7: 2.8771822 | O7: 0.018862781 | Q7: =Design_Matrix!B4*SQRT(Design_Matrix!M4) -> 15.684387 | R7: =Design_Matrix!C4*SQRT(Design_Matrix!M4) -> 0 | S7: =Design_Matrix!D4*SQRT(Design_Matrix!M4) -> 0 | T7: =Design_Matrix!E4*SQRT(Design_Matrix!M4) -> 0 | U7: =Design_Matrix!F4*SQRT(Design_Matrix!M4) -> 0 | V7: =Design_Matrix!G4*SQRT(Design_Matrix!M4) -> 0 | W7: =Design_Matrix!H4*SQRT(Design_Matrix!M4) -> 0 | X7: =Design_Matrix!I4*SQRT(Design_Matrix!M4) -> 0 | Y7: =Design_Matrix!J4*SQRT(Design_Matrix!M4) -> 15.684387 | Z7: =Design_Matrix!K4*SQRT(Design_Matrix!M4) -> 0 | AA7: =Design_Matrix!N4*SQRT(Design_Matrix!M4) -> 1.2751534
A8: 16 | B8: 0 | C8: 0 | D8: 16 | E8: 4 | F8: 4 | G8: 4 | H8: 4 | I8: 4 | J8: 4 | L8: 326 | M8: -65.9375 | N8: 2.9960866 | O8: 0.026294305 | Q8: =Design_Matrix!B5*SQRT(Design_Matrix!M5) -> 40.987803 | R8: =Design_Matrix!C5*SQRT(Design_Matrix!M5) -> 0 | S8: =Design_Matrix!D5*SQRT(Design_Matrix!M5) -> 0 | T8: =Design_Matrix!E5*SQRT(Design_Matrix!M5) -> 0 | U8: =Design_Matrix!F5*SQRT(Design_Matrix!M5) -> 0 | V8: =Design_Matrix!G5*SQRT(Design_Matrix!M5) -> 0 | W8: =Design_Matrix!H5*SQRT(Design_Matrix!M5) -> 0 | X8: =Design_Matrix!I5*SQRT(Design_Matrix!M5) -> 0 | Y8: =Design_Matrix!J5*SQRT(Design_Matrix!M5) -> 0 | Z8: =Design_Matrix!K5*SQRT(Design_Matrix!M5) -> 40.987803 | AA8: =Design_Matrix!N5*SQRT(Design_Matrix!M5) -> 3.8060103
A9: 16 | B9: 4 | C9: 4 | D9: 4 | E9: 16 | F9: 0 | G9: 0 | H9: 4 | I9: 4 | J9: 4 | L9: 1450 | M9: 56.9375 | N9: 2.4669994 | O9: 0.022373683 | Q9: =Design_Matrix!B6*SQRT(Design_Matrix!M6) -> 16.8523 | R9: =Design_Matrix!C6*SQRT(Design_Matrix!M6) -> 0 | S9: =Design_Matrix!D6*SQRT(Design_Matrix!M6) -> 0 | T9: =Design_Matrix!E6*SQRT(Design_Matrix!M6) -> 0 | U9: =Design_Matrix!F6*SQRT(Design_Matrix!M6) -> 16.8523 | V9: =Design_Matrix!G6*SQRT(Design_Matrix!M6) -> 0 | W9: =Design_Matrix!H6*SQRT(Design_Matrix!M6) -> 0 | X9: =Design_Matrix!I6*SQRT(Design_Matrix!M6) -> 0 | Y9: =Design_Matrix!J6*SQRT(Design_Matrix!M6) -> 0 | Z9: =Design_Matrix!K6*SQRT(Design_Matrix!M6) -> 0 | AA9: =Design_Matrix!N6*SQRT(Design_Matrix!M6) -> 3.7383622
A10: 16 | B10: 4 | C10: 4 | D10: 4 | E10: 0 | F10: 16 | G10: 0 | H10: 4 | I10: 4 | J10: 4 | L10: 863 | M10: 20.25 | N10: 3.2523995 | O10: 0.071461192 | Q10: =Design_Matrix!B7*SQRT(Design_Matrix!M7) -> 23.151674 | R10: =Design_Matrix!C7*SQRT(Design_Matrix!M7) -> 0 | S10: =Design_Matrix!D7*SQRT(Design_Matrix!M7) -> 0 | T10: =Design_Matrix!E7*SQRT(Design_Matrix!M7) -> 0 | U10: =Design_Matrix!F7*SQRT(Design_Matrix!M7) -> 23.151674 | V10: =Design_Matrix!G7*SQRT(Design_Matrix!M7) -> 0 | W10: =Design_Matrix!H7*SQRT(Design_Matrix!M7) -> 0 | X10: =Design_Matrix!I7*SQRT(Design_Matrix!M7) -> 23.151674 | Y10: =Design_Matrix!J7*SQRT(Design_Matrix!M7) -> 0 | Z10: =Design_Matrix!K7*SQRT(Design_Matrix!M7) -> 0 | AA10: =Design_Matrix!N7*SQRT(Design_Matrix!M7) -> 3.6282474
A11: 16 | B11: 4 | C11: 4 | D11: 4 | E11: 0 | F11: 0 | G11: 16 | H11: 4 | I11: 4 | J11: 4 | L11: 299 | M11: -15 | N11: 3.6897459 | O11: 0.098795341 | Q11: =Design_Matrix!B8*SQRT(Design_Matrix!M8) -> 26.381812 | R11: =Design_Matrix!C8*SQRT(Design_Matrix!M8) -> 0 | S11: =Design_Matrix!D8*SQRT(Design_Matrix!M8) -> 0 | T11: =Design_Matrix!E8*SQRT(Design_Matrix!M8) -> 0 | U11: =Design_Matrix!F8*SQRT(Design_Matrix!M8) -> 26.381812 | V11: =Design_Matrix!G8*SQRT(Design_Matrix!M8) -> 0 | W11: =Design_Matrix!H8*SQRT(Design_Matrix!M8) -> 0 | X11: =Design_Matrix!I8*SQRT(Design_Matrix!M8) -> 0 | Y11: =Design_Matrix!J8*SQRT(Design_Matrix!M8) -> 26.381812 | Z11: =Design_Matrix!K8*SQRT(Design_Matrix!M8) -> 0 | AA11: =Design_Matrix!N8*SQRT(Design_Matrix!M8) -> 3.3735363
A12: 16 | B12: 4 | C12: 4 | D12: 4 | E12: 4 | F12: 4 | G12: 4 | H12: 16 | I12: 0 | J12: 0 | L12: 404 | M12: 10.9375 | N12: 3.0471566 | O12: -0.028580713 | Q12: =Design_Matrix!B9*SQRT(Design_Matrix!M9) -> 59.849812 | R12: =Design_Matrix!C9*SQRT(Design_Matrix!M9) -> 0 | S12: =Design_Matrix!D9*SQRT(Design_Matrix!M9) -> 0 | T12: =Design_Matrix!E9*SQRT(Design_Matrix!M9) -> 0 | U12: =Design_Matrix!F9*SQRT(Design_Matrix!M9) -> 59.849812 | V12: =Design_Matrix!G9*SQRT(Design_Matrix!M9) -> 0 | W12: =Design_Matrix!H9*SQRT(Design_Matrix!M9) -> 0 | X12: =Design_Matrix!I9*SQRT(Design_Matrix!M9) -> 0 | Y12: =Design_Matrix!J9*SQRT(Design_Matrix!M9) -> 0 | Z12: =Design_Matrix!K9*SQRT(Design_Matrix!M9) -> 59.849812 | AA12: =Design_Matrix!N9*SQRT(Design_Matrix!M9) -> 6.6833961
A13: 16 | B13: 4 | C13: 4 | D13: 4 | E13: 4 | F13: 4 | G13: 4 | H13: 0 | I13: 16 | J13: 0 | L13: 453 | M13: 14 | N13: 2.7018638 | O13: -0.050161511 | Q13: =Design_Matrix!B10*SQRT(Design_Matrix!M10) -> 11.532563 | R13: =Design_Matrix!C10*SQRT(Design_Matrix!M10) -> 0 | S13: =Design_Matrix!D10*SQRT(Design_Matrix!M10) -> 0 | T13: =Design_Matrix!E10*SQRT(Design_Matrix!M10) -> 0 | U13: =Design_Matrix!F10*SQRT(Design_Matrix!M10) -> 0 | V13: =Design_Matrix!G10*SQRT(Design_Matrix!M10) -> 11.532563 | W13: =Design_Matrix!H10*SQRT(Design_Matrix!M10) -> 0 | X13: =Design_Matrix!I10*SQRT(Design_Matrix!M10) -> 0 | Y13: =Design_Matrix!J10*SQRT(Design_Matrix!M10) -> 0 | Z13: =Design_Matrix!K10*SQRT(Design_Matrix!M10) -> 0 | AA13: =Design_Matrix!N10*SQRT(Design_Matrix!M10) -> 1.6475089
A14: 16 | B14: 4 | C14: 4 | D14: 4 | E14: 4 | F14: 4 | G14: 4 | H14: 0 | I14: 0 | J14: 16 | L14: 2065 | M14: 114.75 | N14: 2.2646968 | O14: -0.077484448 | Q14: =Design_Matrix!B11*SQRT(Design_Matrix!M11) -> 16.911535 | R14: =Design_Matrix!C11*SQRT(Design_Matrix!M11) -> 0 | S14: =Design_Matrix!D11*SQRT(Design_Matrix!M11) -> 0 | T14: =Design_Matrix!E11*SQRT(Design_Matrix!M11) -> 0 | U14: =Design_Matrix!F11*SQRT(Design_Matrix!M11) -> 0 | V14: =Design_Matrix!G11*SQRT(Design_Matrix!M11) -> 16.911535 | W14: =Design_Matrix!H11*SQRT(Design_Matrix!M11) -> 0 | X14: =Design_Matrix!I11*SQRT(Design_Matrix!M11) -> 16.911535 | Y14: =Design_Matrix!J11*SQRT(Design_Matrix!M11) -> 0 | Z14: =Design_Matrix!K11*SQRT(Design_Matrix!M11) -> 0 | AA14: =Design_Matrix!N11*SQRT(Design_Matrix!M11) -> 3.0748245
Q15: =Design_Matrix!B12*SQRT(Design_Matrix!M12) -> 18.841444 | R15: =Design_Matrix!C12*SQRT(Design_Matrix!M12) -> 0 | S15: =Design_Matrix!D12*SQRT(Design_Matrix!M12) -> 0 | T15: =Design_Matrix!E12*SQRT(Design_Matrix!M12) -> 0 | U15: =Design_Matrix!F12*SQRT(Design_Matrix!M12) -> 0 | V15: =Design_Matrix!G12*SQRT(Design_Matrix!M12) -> 18.841444 | W15: =Design_Matrix!H12*SQRT(Design_Matrix!M12) -> 0 | X15: =Design_Matrix!I12*SQRT(Design_Matrix!M12) -> 0 | Y15: =Design_Matrix!J12*SQRT(Design_Matrix!M12) -> 18.841444 | Z15: =Design_Matrix!K12*SQRT(Design_Matrix!M12) -> 0 | AA15: =Design_Matrix!N12*SQRT(Design_Matrix!M12) -> 3.9275122
A16: {=MINVERSE(A5:J14)} -> 0.15625 | B16: -0.0625 | C16: -0.0625 | D16: -0.0625 | E16: -0.0625 | F16: -0.0625 | G16: -0.0625 | H16: -0.0625 | I16: -0.0625 | J16: -0.0625 | Q16: =Design_Matrix!B13*SQRT(Design_Matrix!M13) -> 40.496913 | R16: =Design_Matrix!C13*SQRT(Design_Matrix!M13) -> 0 | S16: =Design_Matrix!D13*SQRT(Design_Matrix!M13) -> 0 | T16: =Design_Matrix!E13*SQRT(Design_Matrix!M13) -> 0 | U16: =Design_Matrix!F13*SQRT(Design_Matrix!M13) -> 0 | V16: =Design_Matrix!G13*SQRT(Design_Matrix!M13) -> 40.496913 | W16: =Design_Matrix!H13*SQRT(Design_Matrix!M13) -> 0 | X16: =Design_Matrix!I13*SQRT(Design_Matrix!M13) -> 0 | Y16: =Design_Matrix!J13*SQRT(Design_Matrix!M13) -> 0 | Z16: =Design_Matrix!K13*SQRT(Design_Matrix!M13) -> 40.496913 | AA16: =Design_Matrix!N13*SQRT(Design_Matrix!M13) -> 5.7535249 | AC16: {=MMULT(TRANSPOSE(Q5:Z68),Q5:Z68)} -> 23359 | AD16: 6653 | AE16: 4167 | AF16: 1994 | AG16: 11463 | AH16: 5370 | AI16: 1579 | AJ16: 2336 | AK16: 3007 | AL16: 16878 | AM16: =SUMPRODUCT(Q5:Q68,$AA$5:$AA$68) -> 3151
A17: -0.0625 | B17: 0.125 | C17: 0.0625 | D17: 0.0625 | E17: 0 | F17: 0 | G17: 0 | H17: 0 | I17: 0 | J17: 0 | Q17: =Design_Matrix!B14*SQRT(Design_Matrix!M14) -> 4.8989795 | R17: =Design_Matrix!C14*SQRT(Design_Matrix!M14) -> 0 | S17: =Design_Matrix!D14*SQRT(Design_Matrix!M14) -> 0 | T17: =Design_Matrix!E14*SQRT(Design_Matrix!M14) -> 0 | U17: =Design_Matrix!F14*SQRT(Design_Matrix!M14) -> 0 | V17: =Design_Matrix!G14*SQRT(Design_Matrix!M14) -> 0 | W17: =Design_Matrix!H14*SQRT(Design_Matrix!M14) -> 4.8989795 | X17: =Design_Matrix!I14*SQRT(Design_Matrix!M14) -> 0 | Y17: =Design_Matrix!J14*SQRT(Design_Matrix!M14) -> 0 | Z17: =Design_Matrix!K14*SQRT(Design_Matrix!M14) -> 0 | AA17: =Design_Matrix!N14*SQRT(Design_Matrix!M14) -> 0.81649658 | AC17: 6653 | AD17: 6653 | AE17: 0 | AF17: 0 | AG17: 3324 | AH17: 1572 | AI17: 451 | AJ17: 675 | AK17: 863 | AL17: 4806 | AM17: =SUMPRODUCT(R5:R68,$AA$5:$AA$68) -> 891
A18: -0.0625 | B18: 0.0625 | C18: 0.125 | D18: 0.0625 | E18: 0 | F18: 0 | G18: 0 | H18: 0 | I18: 0 | J18: 0 | Q18: =Design_Matrix!B15*SQRT(Design_Matrix!M15) -> 8.4261498 | R18: =Design_Matrix!C15*SQRT(Design_Matrix!M15) -> 0 | S18: =Design_Matrix!D15*SQRT(Design_Matrix!M15) -> 0 | T18: =Design_Matrix!E15*SQRT(Design_Matrix!M15) -> 0 | U18: =Design_Matrix!F15*SQRT(Design_Matrix!M15) -> 0 | V18: =Design_Matrix!G15*SQRT(Design_Matrix!M15) -> 0 | W18: =Design_Matrix!H15*SQRT(Design_Matrix!M15) -> 8.4261498 | X18: =Design_Matrix!I15*SQRT(Design_Matrix!M15) -> 8.4261498 | Y18: =Design_Matrix!J15*SQRT(Design_Matrix!M15) -> 0 | Z18: =Design_Matrix!K15*SQRT(Design_Matrix!M15) -> 0 | AA18: =Design_Matrix!N15*SQRT(Design_Matrix!M15) -> 2.136207 | AC18: 4167 | AD18: 0 | AE18: 4167 | AF18: 0 | AG18: 2083 | AH18: 915 | AI18: 324 | AJ18: 335 | AK18: 493 | AL18: 3220 | AM18: =SUMPRODUCT(S5:S68,$AA$5:$AA$68) -> 553
A19: -0.0625 | B19: 0.0625 | C19: 0.0625 | D19: 0.125 | E19: 0 | F19: 0 | G19: 0 | H19: 0 | I19: 0 | J19: 0 | Q19: =Design_Matrix!B16*SQRT(Design_Matrix!M16) -> 9.9498744 | R19: =Design_Matrix!C16*SQRT(Design_Matrix!M16) -> 0 | S19: =Design_Matrix!D16*SQRT(Design_Matrix!M16) -> 0 | T19: =Design_Matrix!E16*SQRT(Design_Matrix!M16) -> 0 | U19: =Design_Matrix!F16*SQRT(Design_Matrix!M16) -> 0 | V19: =Design_Matrix!G16*SQRT(Design_Matrix!M16) -> 0 | W19: =Design_Matrix!H16*SQRT(Design_Matrix!M16) -> 9.9498744 | X19: =Design_Matrix!I16*SQRT(Design_Matrix!M16) -> 0 | Y19: =Design_Matrix!J16*SQRT(Design_Matrix!M16) -> 9.9498744 | Z19: =Design_Matrix!K16*SQRT(Design_Matrix!M16) -> 0 | AA19: =Design_Matrix!N16*SQRT(Design_Matrix!M16) -> 1.9095718 | AC19: 1994 | AD19: 0 | AE19: 0 | AF19: 1994 | AG19: 958 | AH19: 469 | AI19: 158 | AJ19: 169 | AK19: 255 | AL19: 1498 | AM19: =SUMPRODUCT(T5:T68,$AA$5:$AA$68) -> 326
A20: -0.0625 | B20: 0 | C20: 0 | D20: 0 | E20: 0.125 | F20: 0.0625 | G20: 0.0625 | H20: 0 | I20: 0 | J20: 0 | Q20: =Design_Matrix!B17*SQRT(Design_Matrix!M17) -> 21.260292 | R20: =Design_Matrix!C17*SQRT(Design_Matrix!M17) -> 0 | S20: =Design_Matrix!D17*SQRT(Design_Matrix!M17) -> 0 | T20: =Design_Matrix!E17*SQRT(Design_Matrix!M17) -> 0 | U20: =Design_Matrix!F17*SQRT(Design_Matrix!M17) -> 0 | V20: =Design_Matrix!G17*SQRT(Design_Matrix!M17) -> 0 | W20: =Design_Matrix!H17*SQRT(Design_Matrix!M17) -> 21.260292 | X20: =Design_Matrix!I17*SQRT(Design_Matrix!M17) -> 0 | Y20: =Design_Matrix!J17*SQRT(Design_Matrix!M17) -> 0 | Z20: =Design_Matrix!K17*SQRT(Design_Matrix!M17) -> 21.260292 | AA20: =Design_Matrix!N17*SQRT(Design_Matrix!M17) -> 3.6217753 | AC20: 11463 | AD20: 3324 | AE20: 2083 | AF20: 958 | AG20: 11463 | AH20: 0 | AI20: 0 | AJ20: 1085 | AK20: 1477 | AL20: 8384 | AM20: =SUMPRODUCT(U5:U68,$AA$5:$AA$68) -> 1450
A21: -0.0625 | B21: 0 | C21: 0 | D21: 0 | E21: 0.0625 | F21: 0.125 | G21: 0.0625 | H21: 0 | I21: 0 | J21: 0 | Q21: =Design_Matrix!B18*SQRT(Design_Matrix!M18) -> 9.2195445 | R21: =Design_Matrix!C18*SQRT(Design_Matrix!M18) -> 9.2195445 | S21: =Design_Matrix!D18*SQRT(Design_Matrix!M18) -> 0 | T21: =Design_Matrix!E18*SQRT(Design_Matrix!M18) -> 0 | U21: =Design_Matrix!F18*SQRT(Design_Matrix!M18) -> 0 | V21: =Design_Matrix!G18*SQRT(Design_Matrix!M18) -> 0 | W21: =Design_Matrix!H18*SQRT(Design_Matrix!M18) -> 0 | X21: =Design_Matrix!I18*SQRT(Design_Matrix!M18) -> 0 | Y21: =Design_Matrix!J18*SQRT(Design_Matrix!M18) -> 0 | Z21: =Design_Matrix!K18*SQRT(Design_Matrix!M18) -> 0 | AA21: =Design_Matrix!N18*SQRT(Design_Matrix!M18) -> 2.386235 | AC21: 5370 | AD21: 1572 | AE21: 915 | AF21: 469 | AG21: 0 | AH21: 5370 | AI21: 0 | AJ21: 578 | AK21: 765 | AL21: 3786 | AM21: =SUMPRODUCT(V5:V68,$AA$5:$AA$68) -> 863
A22: -0.0625 | B22: 0 | C22: 0 | D22: 0 | E22: 0.0625 | F22: 0.0625 | G22: 0.125 | H22: 0 | I22: 0 | J22: 0 | Q22: =Design_Matrix!B19*SQRT(Design_Matrix!M19) -> 11.789826 | R22: =Design_Matrix!C19*SQRT(Design_Matrix!M19) -> 11.789826 | S22: =Design_Matrix!D19*SQRT(Design_Matrix!M19) -> 0 | T22: =Design_Matrix!E19*SQRT(Design_Matrix!M19) -> 0 | U22: =Design_Matrix!F19*SQRT(Design_Matrix!M19) -> 0 | V22: =Design_Matrix!G19*SQRT(Design_Matrix!M19) -> 0 | W22: =Design_Matrix!H19*SQRT(Design_Matrix!M19) -> 0 | X22: =Design_Matrix!I19*SQRT(Design_Matrix!M19) -> 11.789826 | Y22: =Design_Matrix!J19*SQRT(Design_Matrix!M19) -> 0 | Z22: =Design_Matrix!K19*SQRT(Design_Matrix!M19) -> 0 | AA22: =Design_Matrix!N19*SQRT(Design_Matrix!M19) -> 1.611559 | AC22: 1579 | AD22: 451 | AE22: 324 | AF22: 158 | AG22: 0 | AH22: 0 | AI22: 1579 | AJ22: 164 | AK22: 239 | AL22: 1133 | AM22: =SUMPRODUCT(W5:W68,$AA$5:$AA$68) -> 299
A23: -0.0625 | B23: 0 | C23: 0 | D23: 0 | E23: 0 | F23: 0 | G23: 0 | H23: 0.125 | I23: 0.0625 | J23: 0.0625 | Q23: =Design_Matrix!B20*SQRT(Design_Matrix!M20) -> 12.288206 | R23: =Design_Matrix!C20*SQRT(Design_Matrix!M20) -> 12.288206 | S23: =Design_Matrix!D20*SQRT(Design_Matrix!M20) -> 0 | T23: =Design_Matrix!E20*SQRT(Design_Matrix!M20) -> 0 | U23: =Design_Matrix!F20*SQRT(Design_Matrix!M20) -> 0 | V23: =Design_Matrix!G20*SQRT(Design_Matrix!M20) -> 0 | W23: =Design_Matrix!H20*SQRT(Design_Matrix!M20) -> 0 | X23: =Design_Matrix!I20*SQRT(Design_Matrix!M20) -> 0 | Y23: =Design_Matrix!J20*SQRT(Design_Matrix!M20) -> 12.288206 | Z23: =Design_Matrix!K20*SQRT(Design_Matrix!M20) -> 0 | AA23: =Design_Matrix!N20*SQRT(Design_Matrix!M20) -> 1.7903346 | AC23: 2336 | AD23: 675 | AE23: 335 | AF23: 169 | AG23: 1085 | AH23: 578 | AI23: 164 | AJ23: 2336 | AK23: 0 | AL23: 0 | AM23: =SUMPRODUCT(X5:X68,$AA$5:$AA$68) -> 404
A24: -0.0625 | B24: 0 | C24: 0 | D24: 0 | E24: 0 | F24: 0 | G24: 0 | H24: 0.0625 | I24: 0.125 | J24: 0.0625 | Q24: =Design_Matrix!B21*SQRT(Design_Matrix!M21) -> 30.512293 | R24: =Design_Matrix!C21*SQRT(Design_Matrix!M21) -> 30.512293 | S24: =Design_Matrix!D21*SQRT(Design_Matrix!M21) -> 0 | T24: =Design_Matrix!E21*SQRT(Design_Matrix!M21) -> 0 | U24: =Design_Matrix!F21*SQRT(Design_Matrix!M21) -> 0 | V24: =Design_Matrix!G21*SQRT(Design_Matrix!M21) -> 0 | W24: =Design_Matrix!H21*SQRT(Design_Matrix!M21) -> 0 | X24: =Design_Matrix!I21*SQRT(Design_Matrix!M21) -> 0 | Y24: =Design_Matrix!J21*SQRT(Design_Matrix!M21) -> 0 | Z24: =Design_Matrix!K21*SQRT(Design_Matrix!M21) -> 30.512293 | AA24: =Design_Matrix!N21*SQRT(Design_Matrix!M21) -> 2.8513098 | AC24: 3007 | AD24: 863 | AE24: 493 | AF24: 255 | AG24: 1477 | AH24: 765 | AI24: 239 | AJ24: 0 | AK24: 3007 | AL24: 0 | AM24: =SUMPRODUCT(Y5:Y68,$AA$5:$AA$68) -> 453
A25: -0.0625 | B25: 0 | C25: 0 | D25: 0 | E25: 0 | F25: 0 | G25: 0 | H25: 0.0625 | I25: 0.0625 | J25: 0.125 | Q25: =Design_Matrix!B22*SQRT(Design_Matrix!M22) -> 12.206556 | R25: =Design_Matrix!C22*SQRT(Design_Matrix!M22) -> 12.206556 | S25: =Design_Matrix!D22*SQRT(Design_Matrix!M22) -> 0 | T25: =Design_Matrix!E22*SQRT(Design_Matrix!M22) -> 0 | U25: =Design_Matrix!F22*SQRT(Design_Matrix!M22) -> 12.206556 | V25: =Design_Matrix!G22*SQRT(Design_Matrix!M22) -> 0 | W25: =Design_Matrix!H22*SQRT(Design_Matrix!M22) -> 0 | X25: =Design_Matrix!I22*SQRT(Design_Matrix!M22) -> 0 | Y25: =Design_Matrix!J22*SQRT(Design_Matrix!M22) -> 0 | Z25: =Design_Matrix!K22*SQRT(Design_Matrix!M22) -> 0 | AA25: =Design_Matrix!N22*SQRT(Design_Matrix!M22) -> 2.0480798 | AC25: 16878 | AD25: 4806 | AE25: 3220 | AF25: 1498 | AG25: 8384 | AH25: 3786 | AI25: 1133 | AJ25: 0 | AK25: 0 | AL25: 16878 | AM25: =SUMPRODUCT(Z5:Z68,$AA$5:$AA$68) -> 2065
Q26: =Design_Matrix!B23*SQRT(Design_Matrix!M23) -> 17.691806 | R26: =Design_Matrix!C23*SQRT(Design_Matrix!M23) -> 17.691806 | S26: =Design_Matrix!D23*SQRT(Design_Matrix!M23) -> 0 | T26: =Design_Matrix!E23*SQRT(Design_Matrix!M23) -> 0 | U26: =Design_Matrix!F23*SQRT(Design_Matrix!M23) -> 17.691806 | V26: =Design_Matrix!G23*SQRT(Design_Matrix!M23) -> 0 | W26: =Design_Matrix!H23*SQRT(Design_Matrix!M23) -> 0 | X26: =Design_Matrix!I23*SQRT(Design_Matrix!M23) -> 17.691806 | Y26: =Design_Matrix!J23*SQRT(Design_Matrix!M23) -> 0 | Z26: =Design_Matrix!K23*SQRT(Design_Matrix!M23) -> 0 | AA26: =Design_Matrix!N23*SQRT(Design_Matrix!M23) -> 2.8826904 | AM26: beta_mod5
Q27: =Design_Matrix!B24*SQRT(Design_Matrix!M24) -> 20.469489 | R27: =Design_Matrix!C24*SQRT(Design_Matrix!M24) -> 20.469489 | S27: =Design_Matrix!D24*SQRT(Design_Matrix!M24) -> 0 | T27: =Design_Matrix!E24*SQRT(Design_Matrix!M24) -> 0 | U27: =Design_Matrix!F24*SQRT(Design_Matrix!M24) -> 20.469489 | V27: =Design_Matrix!G24*SQRT(Design_Matrix!M24) -> 0 | W27: =Design_Matrix!H24*SQRT(Design_Matrix!M24) -> 0 | X27: =Design_Matrix!I24*SQRT(Design_Matrix!M24) -> 0 | Y27: =Design_Matrix!J24*SQRT(Design_Matrix!M24) -> 20.469489 | Z27: =Design_Matrix!K24*SQRT(Design_Matrix!M24) -> 0 | AA27: =Design_Matrix!N24*SQRT(Design_Matrix!M24) -> 2.3938066 | AC27: {=MINVERSE(AC16:AL25)} -> 0.0010368192 | AD27: -7.7539435e-05 | AE27: -6.3625488e-05 | AF27: -7.0554016e-05 | AG27: -0.00017981575 | AH27: -0.00017986393 | AI27: -0.00016226164 | AJ27: -0.00086077052 | AK27: -0.00085117251 | AL27: -0.00085577869 | AM27: {=MMULT(MINVERSE(AC16:AL25),AM16:AM25)} -> 0.17475696
A28: row_id | B28: pred3 | C28: pred4_avgclaims | D28: pred4_claims | F28: pred5_avgclaims | G28: pred5_claims | Q28: =Design_Matrix!B25*SQRT(Design_Matrix!M25) -> 49.426713 | R28: =Design_Matrix!C25*SQRT(Design_Matrix!M25) -> 49.426713 | S28: =Design_Matrix!D25*SQRT(Design_Matrix!M25) -> 0 | T28: =Design_Matrix!E25*SQRT(Design_Matrix!M25) -> 0 | U28: =Design_Matrix!F25*SQRT(Design_Matrix!M25) -> 49.426713 | V28: =Design_Matrix!G25*SQRT(Design_Matrix!M25) -> 0 | W28: =Design_Matrix!H25*SQRT(Design_Matrix!M25) -> 0 | X28: =Design_Matrix!I25*SQRT(Design_Matrix!M25) -> 0 | Y28: =Design_Matrix!J25*SQRT(Design_Matrix!M25) -> 0 | Z28: =Design_Matrix!K25*SQRT(Design_Matrix!M25) -> 49.426713 | AA28: =Design_Matrix!N25*SQRT(Design_Matrix!M25) -> 5.8672726 | AC28: -7.7539435e-05 | AD28: 0.00024560933 | AE28: 9.5653131e-05 | AF28: 9.5493329e-05 | AG28: -7.2235377e-06 | AH28: -7.276904e-06 | AI28: -9.8452843e-06 | AJ28: -8.2098192e-06 | AK28: -1.0548237e-05 | AL28: -1.3240477e-05 | AM28: 0.0034036247
A29: =Design_Matrix!A2 -> 1 | B29: =MMULT(Design_Matrix!B2:K2,$M$5:$M$14) -> 35.84375 | C29: =MMULT(Design_Matrix!B2:K2,$O$5:$O$14) -> 0.15186022 | D29: =Design_Matrix!M2*C29 -> 29.916463 | F29: =MMULT(Design_Matrix!B2:K2,$AM$27:$AM$36) -> 0.17475696 | G29: =Design_Matrix!M2*F29 -> 34.427122 | Q29: =Design_Matrix!B26*SQRT(Design_Matrix!M26) -> 8.1240384 | R29: =Design_Matrix!C26*SQRT(Design_Matrix!M26) -> 8.1240384 | S29: =Design_Matrix!D26*SQRT(Design_Matrix!M26) -> 0 | T29: =Design_Matrix!E26*SQRT(Design_Matrix!M26) -> 0 | U29: =Design_Matrix!F26*SQRT(Design_Matrix!M26) -> 0 | V29: =Design_Matrix!G26*SQRT(Design_Matrix!M26) -> 8.1240384 | W29: =Design_Matrix!H26*SQRT(Design_Matrix!M26) -> 0 | X29: =Design_Matrix!I26*SQRT(Design_Matrix!M26) -> 0 | Y29: =Design_Matrix!J26*SQRT(Design_Matrix!M26) -> 0 | Z29: =Design_Matrix!K26*SQRT(Design_Matrix!M26) -> 0 | AA29: =Design_Matrix!N26*SQRT(Design_Matrix!M26) -> 1.7232809 | AC29: -6.3625488e-05 | AD29: 9.5653131e-05 | AE29: 0.00033677411 | AF29: 9.63423e-05 | AG29: -5.5775011e-06 | AH29: -2.733273e-06 | AI29: -1.4453257e-05 | AJ29: -1.499835e-05 | AK29: -2.2627363e-05 | AL29: -3.205865e-05 | AM29: 0.0051083455
A30: =Design_Matrix!A3 -> 2 | B30: =MMULT(Design_Matrix!B3:K3,$M$5:$M$14) -> 46.78125 | C30: =MMULT(Design_Matrix!B3:K3,$O$5:$O$14) -> 0.12327951 | D30: =Design_Matrix!M3*C30 -> 32.54579 | F30: =MMULT(Design_Matrix!B3:K3,$AM$27:$AM$36) -> 0.14119427 | G30: =Design_Matrix!M3*F30 -> 37.275287 | Q30: =Design_Matrix!B27*SQRT(Design_Matrix!M27) -> 13.228757 | R30: =Design_Matrix!C27*SQRT(Design_Matrix!M27) -> 13.228757 | S30: =Design_Matrix!D27*SQRT(Design_Matrix!M27) -> 0 | T30: =Design_Matrix!E27*SQRT(Design_Matrix!M27) -> 0 | U30: =Design_Matrix!F27*SQRT(Design_Matrix!M27) -> 0 | V30: =Design_Matrix!G27*SQRT(Design_Matrix!M27) -> 13.228757 | W30: =Design_Matrix!H27*SQRT(Design_Matrix!M27) -> 0 | X30: =Design_Matrix!I27*SQRT(Design_Matrix!M27) -> 13.228757 | Y30: =Design_Matrix!J27*SQRT(Design_Matrix!M27) -> 0 | Z30: =Design_Matrix!K27*SQRT(Design_Matrix!M27) -> 0 | AA30: =Design_Matrix!N27*SQRT(Design_Matrix!M27) -> 3.4772732 | AC30: -7.0554016e-05 | AD30: 9.5493329e-05 | AE30: 9.63423e-05 | AF30: 0.00059758994 | AG30: -3.5097785e-06 | AH30: -5.1771028e-06 | AI30: -1.5021871e-05 | AJ30: -1.0122913e-05 | AK30: -1.9089575e-05 | AL30: -2.4143614e-05 | AM30: 0.034218109
A31: =Design_Matrix!A4 -> 3 | B31: =MMULT(Design_Matrix!B4:K4,$M$5:$M$14) -> 49.84375 | C31: =MMULT(Design_Matrix!B4:K4,$O$5:$O$14) -> 0.10169871 | D31: =Design_Matrix!M4*C31 -> 25.017883 | F31: =MMULT(Design_Matrix!B4:K4,$AM$27:$AM$36) -> 0.11673884 | G31: =Design_Matrix!M4*F31 -> 28.717754 | Q31: =Design_Matrix!B28*SQRT(Design_Matrix!M28) -> 14.866069 | R31: =Design_Matrix!C28*SQRT(Design_Matrix!M28) -> 14.866069 | S31: =Design_Matrix!D28*SQRT(Design_Matrix!M28) -> 0 | T31: =Design_Matrix!E28*SQRT(Design_Matrix!M28) -> 0 | U31: =Design_Matrix!F28*SQRT(Design_Matrix!M28) -> 0 | V31: =Design_Matrix!G28*SQRT(Design_Matrix!M28) -> 14.866069 | W31: =Design_Matrix!H28*SQRT(Design_Matrix!M28) -> 0 | X31: =Design_Matrix!I28*SQRT(Design_Matrix!M28) -> 0 | Y31: =Design_Matrix!J28*SQRT(Design_Matrix!M28) -> 14.866069 | Z31: =Design_Matrix!K28*SQRT(Design_Matrix!M28) -> 0 | AA31: =Design_Matrix!N28*SQRT(Design_Matrix!M28) -> 2.6234239 | AC31: -0.00017981575 | AD31: -7.2235377e-06 | AE31: -5.5775011e-06 | AF31: -3.5097785e-06 | AG31: 0.00029028825 | AH31: 0.00020307424 | AI31: 0.0002036956 | AJ31: -1.6420649e-05 | AK31: -2.7338277e-05 | AL31: -2.0176505e-05 | AM31: 0.019129192
A32: =Design_Matrix!A5 -> 4 | B32: =MMULT(Design_Matrix!B5:K5,$M$5:$M$14) -> 150.59375 | C32: =MMULT(Design_Matrix!B5:K5,$O$5:$O$14) -> 0.074375773 | D32: =Design_Matrix!M5*C32 -> 124.9513 | F32: =MMULT(Design_Matrix!B5:K5,$AM$27:$AM$36) -> 0.090651049 | G32: =Design_Matrix!M5*F32 -> 152.29376 | Q32: =Design_Matrix!B29*SQRT(Design_Matrix!M29) -> 33.316662 | R32: =Design_Matrix!C29*SQRT(Design_Matrix!M29) -> 33.316662 | S32: =Design_Matrix!D29*SQRT(Design_Matrix!M29) -> 0 | T32: =Design_Matrix!E29*SQRT(Design_Matrix!M29) -> 0 | U32: =Design_Matrix!F29*SQRT(Design_Matrix!M29) -> 0 | V32: =Design_Matrix!G29*SQRT(Design_Matrix!M29) -> 33.316662 | W32: =Design_Matrix!H29*SQRT(Design_Matrix!M29) -> 0 | X32: =Design_Matrix!I29*SQRT(Design_Matrix!M29) -> 0 | Y32: =Design_Matrix!J29*SQRT(Design_Matrix!M29) -> 0 | Z32: =Design_Matrix!K29*SQRT(Design_Matrix!M29) -> 33.316662 | AA32: =Design_Matrix!N29*SQRT(Design_Matrix!M29) -> 4.2921466 | AC32: -0.00017986393 | AD32: -7.276904e-06 | AE32: -2.733273e-06 | AF32: -5.1771028e-06 | AG32: 0.00020307424 | AH32: 0.00038952867 | AI32: 0.00020385894 | AJ32: -2.2282261e-05 | AK32: -3.2209479e-05 | AL32: -1.9020589e-05 | AM32: 0.05227007
A33: =Design_Matrix!A6 -> 5 | B33: =MMULT(Design_Matrix!B6:K6,$M$5:$M$14) -> 92.78125 | C33: =MMULT(Design_Matrix!B6:K6,$O$5:$O$14) -> 0.1742339 | D33: =Design_Matrix!M6*C33 -> 49.482429 | F33: =MMULT(Design_Matrix!B6:K6,$AM$27:$AM$36) -> 0.19388615 | G33: =Design_Matrix!M6*F33 -> 55.063668 | Q33: =Design_Matrix!B30*SQRT(Design_Matrix!M30) -> 3 | R33: =Design_Matrix!C30*SQRT(Design_Matrix!M30) -> 3 | S33: =Design_Matrix!D30*SQRT(Design_Matrix!M30) -> 0 | T33: =Design_Matrix!E30*SQRT(Design_Matrix!M30) -> 0 | U33: =Design_Matrix!F30*SQRT(Design_Matrix!M30) -> 0 | V33: =Design_Matrix!G30*SQRT(Design_Matrix!M30) -> 0 | W33: =Design_Matrix!H30*SQRT(Design_Matrix!M30) -> 3 | X33: =Design_Matrix!I30*SQRT(Design_Matrix!M30) -> 0 | Y33: =Design_Matrix!J30*SQRT(Design_Matrix!M30) -> 0 | Z33: =Design_Matrix!K30*SQRT(Design_Matrix!M30) -> 0 | AA33: =Design_Matrix!N30*SQRT(Design_Matrix!M30) -> 1.3333333 | AC33: -0.00016226164 | AD33: -9.8452843e-06 | AE33: -1.4453257e-05 | AF33: -1.5021871e-05 | AG33: 0.0002036956 | AH33: 0.00020385894 | AI33: 0.00083853059 | AJ33: -3.5654935e-05 | AK33: -4.9832409e-05 | AL33: -3.4046597e-05 | AM33: 0.081776295
A34: =Design_Matrix!A7 -> 6 | B34: =MMULT(Design_Matrix!B7:K7,$M$5:$M$14) -> 103.71875 | C34: =MMULT(Design_Matrix!B7:K7,$O$5:$O$14) -> 0.14565319 | D34: =Design_Matrix!M7*C34 -> 78.07011 | F34: =MMULT(Design_Matrix!B7:K7,$AM$27:$AM$36) -> 0.16032346 | G34: =Design_Matrix!M7*F34 -> 85.933375 | Q34: =Design_Matrix!B31*SQRT(Design_Matrix!M31) -> 6.9282032 | R34: =Design_Matrix!C31*SQRT(Design_Matrix!M31) -> 6.9282032 | S34: =Design_Matrix!D31*SQRT(Design_Matrix!M31) -> 0 | T34: =Design_Matrix!E31*SQRT(Design_Matrix!M31) -> 0 | U34: =Design_Matrix!F31*SQRT(Design_Matrix!M31) -> 0 | V34: =Design_Matrix!G31*SQRT(Design_Matrix!M31) -> 0 | W34: =Design_Matrix!H31*SQRT(Design_Matrix!M31) -> 6.9282032 | X34: =Design_Matrix!I31*SQRT(Design_Matrix!M31) -> 6.9282032 | Y34: =Design_Matrix!J31*SQRT(Design_Matrix!M31) -> 0 | Z34: =Design_Matrix!K31*SQRT(Design_Matrix!M31) -> 0 | AA34: =Design_Matrix!N31*SQRT(Design_Matrix!M31) -> 2.1650635 | AC34: -0.00086077052 | AD34: -8.2098192e-06 | AE34: -1.499835e-05 | AF34: -1.0122913e-05 | AG34: -1.6420649e-05 | AH34: -2.2282261e-05 | AI34: -3.5654935e-05 | AJ34: 0.0013097516 | AK34: 0.00088301241 | AL34: 0.00088241666 | AM34: -0.033562694
A35: =Design_Matrix!A8 -> 7 | B35: =MMULT(Design_Matrix!B8:K8,$M$5:$M$14) -> 106.78125 | C35: =MMULT(Design_Matrix!B8:K8,$O$5:$O$14) -> 0.12407239 | D35: =Design_Matrix!M8*C35 -> 86.354385 | F35: =MMULT(Design_Matrix!B8:K8,$AM$27:$AM$36) -> 0.13586803 | G35: =Design_Matrix!M8*F35 -> 94.564149 | Q35: =Design_Matrix!B32*SQRT(Design_Matrix!M32) -> 8.4852814 | R35: =Design_Matrix!C32*SQRT(Design_Matrix!M32) -> 8.4852814 | S35: =Design_Matrix!D32*SQRT(Design_Matrix!M32) -> 0 | T35: =Design_Matrix!E32*SQRT(Design_Matrix!M32) -> 0 | U35: =Design_Matrix!F32*SQRT(Design_Matrix!M32) -> 0 | V35: =Design_Matrix!G32*SQRT(Design_Matrix!M32) -> 0 | W35: =Design_Matrix!H32*SQRT(Design_Matrix!M32) -> 8.4852814 | X35: =Design_Matrix!I32*SQRT(Design_Matrix!M32) -> 0 | Y35: =Design_Matrix!J32*SQRT(Design_Matrix!M32) -> 8.4852814 | Z35: =Design_Matrix!K32*SQRT(Design_Matrix!M32) -> 0 | AA35: =Design_Matrix!N32*SQRT(Design_Matrix!M32) -> 1.4142136 | AC35: -0.00085117251 | AD35: -1.0548237e-05 | AE35: -2.2627363e-05 | AF35: -1.9089575e-05 | AG35: -2.7338277e-05 | AH35: -3.2209479e-05 | AI35: -4.9832409e-05 | AJ35: 0.00088301241 | AK35: 0.0012176691 | AL35: 0.00088433761 | AM35: -0.058018125
A36: =Design_Matrix!A9 -> 8 | B36: =MMULT(Design_Matrix!B9:K9,$M$5:$M$14) -> 207.53125 | C36: =MMULT(Design_Matrix!B9:K9,$O$5:$O$14) -> 0.096749456 | D36: =Design_Matrix!M9*C36 -> 346.55655 | F36: =MMULT(Design_Matrix!B9:K9,$AM$27:$AM$36) -> 0.10978024 | G36: =Design_Matrix!M9*F36 -> 393.23282 | Q36: =Design_Matrix!B33*SQRT(Design_Matrix!M33) -> 17.944358 | R36: =Design_Matrix!C33*SQRT(Design_Matrix!M33) -> 17.944358 | S36: =Design_Matrix!D33*SQRT(Design_Matrix!M33) -> 0 | T36: =Design_Matrix!E33*SQRT(Design_Matrix!M33) -> 0 | U36: =Design_Matrix!F33*SQRT(Design_Matrix!M33) -> 0 | V36: =Design_Matrix!G33*SQRT(Design_Matrix!M33) -> 0 | W36: =Design_Matrix!H33*SQRT(Design_Matrix!M33) -> 17.944358 | X36: =Design_Matrix!I33*SQRT(Design_Matrix!M33) -> 0 | Y36: =Design_Matrix!J33*SQRT(Design_Matrix!M33) -> 0 | Z36: =Design_Matrix!K33*SQRT(Design_Matrix!M33) -> 17.944358 | AA36: =Design_Matrix!N33*SQRT(Design_Matrix!M33) -> 2.9535745 | AC36: -0.00085577869 | AD36: -1.3240477e-05 | AE36: -3.205865e-05 | AF36: -2.4143614e-05 | AG36: -2.0176505e-05 | AH36: -1.9020589e-05 | AI36: -3.4046597e-05 | AJ36: 0.00088241666 | AK36: 0.00088433761 | AL36: 0.0009436313 | AM36: -0.084105913
A37: =Design_Matrix!A10 -> 9 | B37: =MMULT(Design_Matrix!B10:K10,$M$5:$M$14) -> 56.09375 | C37: =MMULT(Design_Matrix!B10:K10,$O$5:$O$14) -> 0.22332141 | D37: =Design_Matrix!M10*C37 -> 29.701748 | F37: =MMULT(Design_Matrix!B10:K10,$AM$27:$AM$36) -> 0.22702703 | G37: =Design_Matrix!M10*F37 -> 30.194595 | Q37: =Design_Matrix!B34*SQRT(Design_Matrix!M34) -> 5.9160798 | R37: =Design_Matrix!C34*SQRT(Design_Matrix!M34) -> 0 | S37: =Design_Matrix!D34*SQRT(Design_Matrix!M34) -> 5.9160798 | T37: =Design_Matrix!E34*SQRT(Design_Matrix!M34) -> 0 | U37: =Design_Matrix!F34*SQRT(Design_Matrix!M34) -> 0 | V37: =Design_Matrix!G34*SQRT(Design_Matrix!M34) -> 0 | W37: =Design_Matrix!H34*SQRT(Design_Matrix!M34) -> 0 | X37: =Design_Matrix!I34*SQRT(Design_Matrix!M34) -> 0 | Y37: =Design_Matrix!J34*SQRT(Design_Matrix!M34) -> 0 | Z37: =Design_Matrix!K34*SQRT(Design_Matrix!M34) -> 0 | AA37: =Design_Matrix!N34*SQRT(Design_Matrix!M34) -> 0.84515425
A38: =Design_Matrix!A11 -> 10 | B38: =MMULT(Design_Matrix!B11:K11,$M$5:$M$14) -> 67.03125 | C38: =MMULT(Design_Matrix!B11:K11,$O$5:$O$14) -> 0.1947407 | D38: =Design_Matrix!M11*C38 -> 55.69584 | F38: =MMULT(Design_Matrix!B11:K11,$AM$27:$AM$36) -> 0.19346434 | G38: =Design_Matrix!M11*F38 -> 55.330801 | Q38: =Design_Matrix!B35*SQRT(Design_Matrix!M35) -> 8.5440037 | R38: =Design_Matrix!C35*SQRT(Design_Matrix!M35) -> 0 | S38: =Design_Matrix!D35*SQRT(Design_Matrix!M35) -> 8.5440037 | T38: =Design_Matrix!E35*SQRT(Design_Matrix!M35) -> 0 | U38: =Design_Matrix!F35*SQRT(Design_Matrix!M35) -> 0 | V38: =Design_Matrix!G35*SQRT(Design_Matrix!M35) -> 0 | W38: =Design_Matrix!H35*SQRT(Design_Matrix!M35) -> 0 | X38: =Design_Matrix!I35*SQRT(Design_Matrix!M35) -> 8.5440037 | Y38: =Design_Matrix!J35*SQRT(Design_Matrix!M35) -> 0 | Z38: =Design_Matrix!K35*SQRT(Design_Matrix!M35) -> 0 | AA38: =Design_Matrix!N35*SQRT(Design_Matrix!M35) -> 1.2874526
A39: =Design_Matrix!A12 -> 11 | B39: =MMULT(Design_Matrix!B12:K12,$M$5:$M$14) -> 70.09375 | C39: =MMULT(Design_Matrix!B12:K12,$O$5:$O$14) -> 0.1731599 | D39: =Design_Matrix!M12*C39 -> 61.471765 | F39: =MMULT(Design_Matrix!B12:K12,$AM$27:$AM$36) -> 0.16900891 | G39: =Design_Matrix!M12*F39 -> 59.998162 | Q39: =Design_Matrix!B36*SQRT(Design_Matrix!M36) -> 9.4339811 | R39: =Design_Matrix!C36*SQRT(Design_Matrix!M36) -> 0 | S39: =Design_Matrix!D36*SQRT(Design_Matrix!M36) -> 9.4339811 | T39: =Design_Matrix!E36*SQRT(Design_Matrix!M36) -> 0 | U39: =Design_Matrix!F36*SQRT(Design_Matrix!M36) -> 0 | V39: =Design_Matrix!G36*SQRT(Design_Matrix!M36) -> 0 | W39: =Design_Matrix!H36*SQRT(Design_Matrix!M36) -> 0 | X39: =Design_Matrix!I36*SQRT(Design_Matrix!M36) -> 0 | Y39: =Design_Matrix!J36*SQRT(Design_Matrix!M36) -> 9.4339811 | Z39: =Design_Matrix!K36*SQRT(Design_Matrix!M36) -> 0 | AA39: =Design_Matrix!N36*SQRT(Design_Matrix!M36) -> 1.0599979
A40: =Design_Matrix!A13 -> 12 | B40: =MMULT(Design_Matrix!B13:K13,$M$5:$M$14) -> 170.84375 | C40: =MMULT(Design_Matrix!B13:K13,$O$5:$O$14) -> 0.14583697 | D40: =Design_Matrix!M13*C40 -> 239.17262 | F40: =MMULT(Design_Matrix!B13:K13,$AM$27:$AM$36) -> 0.14292112 | G40: =Design_Matrix!M13*F40 -> 234.39064 | Q40: =Design_Matrix!B37*SQRT(Design_Matrix!M37) -> 25.455844 | R40: =Design_Matrix!C37*SQRT(Design_Matrix!M37) -> 0 | S40: =Design_Matrix!D37*SQRT(Design_Matrix!M37) -> 25.455844 | T40: =Design_Matrix!E37*SQRT(Design_Matrix!M37) -> 0 | U40: =Design_Matrix!F37*SQRT(Design_Matrix!M37) -> 0 | V40: =Design_Matrix!G37*SQRT(Design_Matrix!M37) -> 0 | W40: =Design_Matrix!H37*SQRT(Design_Matrix!M37) -> 0 | X40: =Design_Matrix!I37*SQRT(Design_Matrix!M37) -> 0 | Y40: =Design_Matrix!J37*SQRT(Design_Matrix!M37) -> 0 | Z40: =Design_Matrix!K37*SQRT(Design_Matrix!M37) -> 25.455844 | AA40: =Design_Matrix!N37*SQRT(Design_Matrix!M37) -> 2.6320086
A41: =Design_Matrix!A14 -> 13 | B41: =MMULT(Design_Matrix!B14:K14,$M$5:$M$14) -> 20.84375 | C41: =MMULT(Design_Matrix!B14:K14,$O$5:$O$14) -> 0.25065556 | D41: =Design_Matrix!M14*C41 -> 6.0157335 | F41: =MMULT(Design_Matrix!B14:K14,$AM$27:$AM$36) -> 0.25653326 | G41: =Design_Matrix!M14*F41 -> 6.1567982 | Q41: =Design_Matrix!B38*SQRT(Design_Matrix!M38) -> 7.2801099 | R41: =Design_Matrix!C38*SQRT(Design_Matrix!M38) -> 0 | S41: =Design_Matrix!D38*SQRT(Design_Matrix!M38) -> 7.2801099 | T41: =Design_Matrix!E38*SQRT(Design_Matrix!M38) -> 0 | U41: =Design_Matrix!F38*SQRT(Design_Matrix!M38) -> 7.2801099 | V41: =Design_Matrix!G38*SQRT(Design_Matrix!M38) -> 0 | W41: =Design_Matrix!H38*SQRT(Design_Matrix!M38) -> 0 | X41: =Design_Matrix!I38*SQRT(Design_Matrix!M38) -> 0 | Y41: =Design_Matrix!J38*SQRT(Design_Matrix!M38) -> 0 | Z41: =Design_Matrix!K38*SQRT(Design_Matrix!M38) -> 0 | AA41: =Design_Matrix!N38*SQRT(Design_Matrix!M38) -> 1.3736056
A42: =Design_Matrix!A15 -> 14 | B42: =MMULT(Design_Matrix!B15:K15,$M$5:$M$14) -> 31.78125 | C42: =MMULT(Design_Matrix!B15:K15,$O$5:$O$14) -> 0.22207485 | D42: =Design_Matrix!M15*C42 -> 15.767314 | F42: =MMULT(Design_Matrix!B15:K15,$AM$27:$AM$36) -> 0.22297056 | G42: =Design_Matrix!M15*F42 -> 15.83091 | Q42: =Design_Matrix!B39*SQRT(Design_Matrix!M39) -> 12.4499 | R42: =Design_Matrix!C39*SQRT(Design_Matrix!M39) -> 0 | S42: =Design_Matrix!D39*SQRT(Design_Matrix!M39) -> 12.4499 | T42: =Design_Matrix!E39*SQRT(Design_Matrix!M39) -> 0 | U42: =Design_Matrix!F39*SQRT(Design_Matrix!M39) -> 12.4499 | V42: =Design_Matrix!G39*SQRT(Design_Matrix!M39) -> 0 | W42: =Design_Matrix!H39*SQRT(Design_Matrix!M39) -> 0 | X42: =Design_Matrix!I39*SQRT(Design_Matrix!M39) -> 12.4499 | Y42: =Design_Matrix!J39*SQRT(Design_Matrix!M39) -> 0 | Z42: =Design_Matrix!K39*SQRT(Design_Matrix!M39) -> 0 | AA42: =Design_Matrix!N39*SQRT(Design_Matrix!M39) -> 1.9277264
A43: =Design_Matrix!A16 -> 15 | B43: =MMULT(Design_Matrix!B16:K16,$M$5:$M$14) -> 34.84375 | C43: =MMULT(Design_Matrix!B16:K16,$O$5:$O$14) -> 0.20049405 | D43: =Design_Matrix!M16*C43 -> 19.848911 | F43: =MMULT(Design_Matrix!B16:K16,$AM$27:$AM$36) -> 0.19851513 | G43: =Design_Matrix!M16*F43 -> 19.652998 | Q43: =Design_Matrix!B40*SQRT(Design_Matrix!M40) -> 15.491933 | R43: =Design_Matrix!C40*SQRT(Design_Matrix!M40) -> 0 | S43: =Design_Matrix!D40*SQRT(Design_Matrix!M40) -> 15.491933 | T43: =Design_Matrix!E40*SQRT(Design_Matrix!M40) -> 0 | U43: =Design_Matrix!F40*SQRT(Design_Matrix!M40) -> 15.491933 | V43: =Design_Matrix!G40*SQRT(Design_Matrix!M40) -> 0 | W43: =Design_Matrix!H40*SQRT(Design_Matrix!M40) -> 0 | X43: =Design_Matrix!I40*SQRT(Design_Matrix!M40) -> 0 | Y43: =Design_Matrix!J40*SQRT(Design_Matrix!M40) -> 15.491933 | Z43: =Design_Matrix!K40*SQRT(Design_Matrix!M40) -> 0 | AA43: =Design_Matrix!N40*SQRT(Design_Matrix!M40) -> 2.3883397
A44: =Design_Matrix!A17 -> 16 | B44: =MMULT(Design_Matrix!B17:K17,$M$5:$M$14) -> 135.59375 | C44: =MMULT(Design_Matrix!B17:K17,$O$5:$O$14) -> 0.17317111 | D44: =Design_Matrix!M17*C44 -> 78.273343 | F44: =MMULT(Design_Matrix!B17:K17,$AM$27:$AM$36) -> 0.17242734 | G44: =Design_Matrix!M17*F44 -> 77.93716 | Q44: =Design_Matrix!B41*SQRT(Design_Matrix!M41) -> 40.435133 | R44: =Design_Matrix!C41*SQRT(Design_Matrix!M41) -> 0 | S44: =Design_Matrix!D41*SQRT(Design_Matrix!M41) -> 40.435133 | T44: =Design_Matrix!E41*SQRT(Design_Matrix!M41) -> 0 | U44: =Design_Matrix!F41*SQRT(Design_Matrix!M41) -> 40.435133 | V44: =Design_Matrix!G41*SQRT(Design_Matrix!M41) -> 0 | W44: =Design_Matrix!H41*SQRT(Design_Matrix!M41) -> 0 | X44: =Design_Matrix!I41*SQRT(Design_Matrix!M41) -> 0 | Y44: =Design_Matrix!J41*SQRT(Design_Matrix!M41) -> 0 | Z44: =Design_Matrix!K41*SQRT(Design_Matrix!M41) -> 40.435133 | AA44: =Design_Matrix!N41*SQRT(Design_Matrix!M41) -> 4.6246911
A45: =Design_Matrix!A18 -> 17 | B45: =MMULT(Design_Matrix!B18:K18,$M$5:$M$14) -> 5.21875 | C45: =MMULT(Design_Matrix!B18:K18,$O$5:$O$14) -> 0.18274404 | D45: =Design_Matrix!M18*C45 -> 15.533243 | F45: =MMULT(Design_Matrix!B18:K18,$AM$27:$AM$36) -> 0.17816059 | G45: =Design_Matrix!M18*F45 -> 15.14365 | Q45: =Design_Matrix!B42*SQRT(Design_Matrix!M42) -> 4.8989795 | R45: =Design_Matrix!C42*SQRT(Design_Matrix!M42) -> 0 | S45: =Design_Matrix!D42*SQRT(Design_Matrix!M42) -> 4.8989795 | T45: =Design_Matrix!E42*SQRT(Design_Matrix!M42) -> 0 | U45: =Design_Matrix!F42*SQRT(Design_Matrix!M42) -> 0 | V45: =Design_Matrix!G42*SQRT(Design_Matrix!M42) -> 4.8989795 | W45: =Design_Matrix!H42*SQRT(Design_Matrix!M42) -> 0 | X45: =Design_Matrix!I42*SQRT(Design_Matrix!M42) -> 0 | Y45: =Design_Matrix!J42*SQRT(Design_Matrix!M42) -> 0 | Z45: =Design_Matrix!K42*SQRT(Design_Matrix!M42) -> 0 | AA45: =Design_Matrix!N42*SQRT(Design_Matrix!M42) -> 1.6329932
A46: =Design_Matrix!A19 -> 18 | B46: =MMULT(Design_Matrix!B19:K19,$M$5:$M$14) -> 16.15625 | C46: =MMULT(Design_Matrix!B19:K19,$O$5:$O$14) -> 0.15416332 | D46: =Design_Matrix!M19*C46 -> 21.428702 | F46: =MMULT(Design_Matrix!B19:K19,$AM$27:$AM$36) -> 0.14459789 | G46: =Design_Matrix!M19*F46 -> 20.099107 | Q46: =Design_Matrix!B43*SQRT(Design_Matrix!M43) -> 8.8317609 | R46: =Design_Matrix!C43*SQRT(Design_Matrix!M43) -> 0 | S46: =Design_Matrix!D43*SQRT(Design_Matrix!M43) -> 8.8317609 | T46: =Design_Matrix!E43*SQRT(Design_Matrix!M43) -> 0 | U46: =Design_Matrix!F43*SQRT(Design_Matrix!M43) -> 0 | V46: =Design_Matrix!G43*SQRT(Design_Matrix!M43) -> 8.8317609 | W46: =Design_Matrix!H43*SQRT(Design_Matrix!M43) -> 0 | X46: =Design_Matrix!I43*SQRT(Design_Matrix!M43) -> 8.8317609 | Y46: =Design_Matrix!J43*SQRT(Design_Matrix!M43) -> 0 | Z46: =Design_Matrix!K43*SQRT(Design_Matrix!M43) -> 0 | AA46: =Design_Matrix!N43*SQRT(Design_Matrix!M43) -> 2.1513264
A47: =Design_Matrix!A20 -> 19 | B47: =MMULT(Design_Matrix!B20:K20,$M$5:$M$14) -> 19.21875 | C47: =MMULT(Design_Matrix!B20:K20,$O$5:$O$14) -> 0.13258252 | D47: =Design_Matrix!M20*C47 -> 20.019961 | F47: =MMULT(Design_Matrix!B20:K20,$AM$27:$AM$36) -> 0.12014246 | G47: =Design_Matrix!M20*F47 -> 18.141512 | Q47: =Design_Matrix!B44*SQRT(Design_Matrix!M44) -> 11 | R47: =Design_Matrix!C44*SQRT(Design_Matrix!M44) -> 0 | S47: =Design_Matrix!D44*SQRT(Design_Matrix!M44) -> 11 | T47: =Design_Matrix!E44*SQRT(Design_Matrix!M44) -> 0 | U47: =Design_Matrix!F44*SQRT(Design_Matrix!M44) -> 0 | V47: =Design_Matrix!G44*SQRT(Design_Matrix!M44) -> 11 | W47: =Design_Matrix!H44*SQRT(Design_Matrix!M44) -> 0 | X47: =Design_Matrix!I44*SQRT(Design_Matrix!M44) -> 0 | Y47: =Design_Matrix!J44*SQRT(Design_Matrix!M44) -> 11 | Z47: =Design_Matrix!K44*SQRT(Design_Matrix!M44) -> 0 | AA47: =Design_Matrix!N44*SQRT(Design_Matrix!M44) -> 2.1818182
A48: =Design_Matrix!A21 -> 20 | B48: =MMULT(Design_Matrix!B21:K21,$M$5:$M$14) -> 119.96875 | C48: =MMULT(Design_Matrix!B21:K21,$O$5:$O$14) -> 0.10525959 | D48: =Design_Matrix!M21*C48 -> 97.996677 | F48: =MMULT(Design_Matrix!B21:K21,$AM$27:$AM$36) -> 0.094054674 | G48: =Design_Matrix!M21*F48 -> 87.564901 | Q48: =Design_Matrix!B45*SQRT(Design_Matrix!M45) -> 26.305893 | R48: =Design_Matrix!C45*SQRT(Design_Matrix!M45) -> 0 | S48: =Design_Matrix!D45*SQRT(Design_Matrix!M45) -> 26.305893 | T48: =Design_Matrix!E45*SQRT(Design_Matrix!M45) -> 0 | U48: =Design_Matrix!F45*SQRT(Design_Matrix!M45) -> 0 | V48: =Design_Matrix!G45*SQRT(Design_Matrix!M45) -> 26.305893 | W48: =Design_Matrix!H45*SQRT(Design_Matrix!M45) -> 0 | X48: =Design_Matrix!I45*SQRT(Design_Matrix!M45) -> 0 | Y48: =Design_Matrix!J45*SQRT(Design_Matrix!M45) -> 0 | Z48: =Design_Matrix!K45*SQRT(Design_Matrix!M45) -> 26.305893 | AA48: =Design_Matrix!N45*SQRT(Design_Matrix!M45) -> 3.8394439
... A68: =Design_Matrix!A41 -> 40 | B68: =MMULT(Design_Matrix!B41:K41,$M$5:$M$14) -> 155.78125 | C68: =MMULT(Design_Matrix!B41:K41,$O$5:$O$14) -> 0.11561224 | D68: =Design_Matrix!M41*C68 -> 189.02601 | F68: =MMULT(Design_Matrix!B41:K41,$AM$27:$AM$36) -> 0.11488859 | G68: =Design_Matrix!M41*F68 -> 187.84284 | Q68: =Design_Matrix!B65*SQRT(Design_Matrix!M65) -> 10.677078 | R68: =Design_Matrix!C65*SQRT(Design_Matrix!M65) -> 0 | S68: =Design_Matrix!D65*SQRT(Design_Matrix!M65) -> 0 | T68: =Design_Matrix!E65*SQRT(Design_Matrix!M65) -> 10.677078 | U68: =Design_Matrix!F65*SQRT(Design_Matrix!M65) -> 0 | V68: =Design_Matrix!G65*SQRT(Design_Matrix!M65) -> 0 | W68: =Design_Matrix!H65*SQRT(Design_Matrix!M65) -> 10.677078 | X68: =Design_Matrix!I65*SQRT(Design_Matrix!M65) -> 0 | Y68: =Design_Matrix!J65*SQRT(Design_Matrix!M65) -> 0 | Z68: =Design_Matrix!K65*SQRT(Design_Matrix!M65) -> 10.677078 | AA68: =Design_Matrix!N65*SQRT(Design_Matrix!M65) -> 3.0907332
A69: =Design_Matrix!A42 -> 41 | B69: =MMULT(Design_Matrix!B42:K42,$M$5:$M$14) -> 4.34375 | C69: =MMULT(Design_Matrix!B42:K42,$O$5:$O$14) -> 0.24218419 | D69: =Design_Matrix!M42*C69 -> 5.8124207 | F69: =MMULT(Design_Matrix!B42:K42,$AM$27:$AM$36) -> 0.23213538 | G69: =Design_Matrix!M42*F69 -> 5.5712491
A70: =Design_Matrix!A43 -> 42 | B70: =MMULT(Design_Matrix!B43:K43,$M$5:$M$14) -> 15.28125 | C70: =MMULT(Design_Matrix!B43:K43,$O$5:$O$14) -> 0.21360348 | D70: =Design_Matrix!M43*C70 -> 16.661072 | F70: =MMULT(Design_Matrix!B43:K43,$AM$27:$AM$36) -> 0.19857268 | G70: =Design_Matrix!M43*F70 -> 15.488669
A71: =Design_Matrix!A44 -> 43 | B71: =MMULT(Design_Matrix!B44:K44,$M$5:$M$14) -> 18.34375 | C71: =MMULT(Design_Matrix!B44:K44,$O$5:$O$14) -> 0.19202268 | D71: =Design_Matrix!M44*C71 -> 23.234745 | F71: =MMULT(Design_Matrix!B44:K44,$AM$27:$AM$36) -> 0.17411725 | G71: =Design_Matrix!M44*F71 -> 21.068188
A72: =Design_Matrix!A45 -> 44 | B72: =MMULT(Design_Matrix!B45:K45,$M$5:$M$14) -> 119.09375 | C72: =MMULT(Design_Matrix!B45:K45,$O$5:$O$14) -> 0.16469975 | D72: =Design_Matrix!M45*C72 -> 113.97222 | F72: =MMULT(Design_Matrix!B45:K45,$AM$27:$AM$36) -> 0.14802946 | G72: =Design_Matrix!M45*F72 -> 102.43639
A73: =Design_Matrix!A46 -> 45 | B73: =MMULT(Design_Matrix!B46:K46,$M$5:$M$14) -> -30.90625 | C73: =MMULT(Design_Matrix!B46:K46,$O$5:$O$14) -> 0.26951834 | D73: =Design_Matrix!M46*C73 -> 1.8866284 | F73: =MMULT(Design_Matrix!B46:K46,$AM$27:$AM$36) -> 0.2616416 | G73: =Design_Matrix!M46*F73 -> 1.8314912
A74: =Design_Matrix!A47 -> 46 | B74: =MMULT(Design_Matrix!B47:K47,$M$5:$M$14) -> -19.96875 | C74: =MMULT(Design_Matrix!B47:K47,$O$5:$O$14) -> 0.24093763 | D74: =Design_Matrix!M47*C74 -> 6.9871913 | F74: =MMULT(Design_Matrix!B47:K47,$AM$27:$AM$36) -> 0.22807891 | G74: =Design_Matrix!M47*F74 -> 6.6142884
A75: =Design_Matrix!A48 -> 47 | B75: =MMULT(Design_Matrix!B48:K48,$M$5:$M$14) -> -16.90625 | C75: =MMULT(Design_Matrix!B48:K48,$O$5:$O$14) -> 0.21935683 | D75: =Design_Matrix!M48*C75 -> 9.4323438 | F75: =MMULT(Design_Matrix!B48:K48,$AM$27:$AM$36) -> 0.20362348 | G75: =Design_Matrix!M48*F75 -> 8.7558096
A76: =Design_Matrix!A49 -> 48 | B76: =MMULT(Design_Matrix!B49:K49,$M$5:$M$14) -> 83.84375 | C76: =MMULT(Design_Matrix!B49:K49,$O$5:$O$14) -> 0.19203389 | D76: =Design_Matrix!M49*C76 -> 47.048304 | F76: =MMULT(Design_Matrix!B49:K49,$AM$27:$AM$36) -> 0.17753569 | G76: =Design_Matrix!M49*F76 -> 43.496244
A77: =Design_Matrix!A50 -> 49 | B77: =MMULT(Design_Matrix!B50:K50,$M$5:$M$14) -> -30.09375 | C77: =MMULT(Design_Matrix!B50:K50,$O$5:$O$14) -> 0.17815453 | D77: =Design_Matrix!M50*C77 -> 3.5630905 | F77: =MMULT(Design_Matrix!B50:K50,$AM$27:$AM$36) -> 0.20897507 | G77: =Design_Matrix!M50*F77 -> 4.1795014
A78: =Design_Matrix!A51 -> 50 | B78: =MMULT(Design_Matrix!B51:K51,$M$5:$M$14) -> -19.15625 | C78: =MMULT(Design_Matrix!B51:K51,$O$5:$O$14) -> 0.14957381 | D78: =Design_Matrix!M51*C78 -> 4.9359358 | F78: =MMULT(Design_Matrix!B51:K51,$AM$27:$AM$36) -> 0.17541238 | G78: =Design_Matrix!M51*F78 -> 5.7886084
A79: =Design_Matrix!A52 -> 51 | B79: =MMULT(Design_Matrix!B52:K52,$M$5:$M$14) -> -16.09375 | C79: =MMULT(Design_Matrix!B52:K52,$O$5:$O$14) -> 0.12799301 | D79: =Design_Matrix!M52*C79 -> 5.1197206 | F79: =MMULT(Design_Matrix!B52:K52,$AM$27:$AM$36) -> 0.15095695 | G79: =Design_Matrix!M52*F79 -> 6.0382779
A80: =Design_Matrix!A53 -> 52 | B80: =MMULT(Design_Matrix!B53:K53,$M$5:$M$14) -> 84.65625 | C80: =MMULT(Design_Matrix!B53:K53,$O$5:$O$14) -> 0.10067008 | D80: =Design_Matrix!M53*C80 -> 31.811745 | F80: =MMULT(Design_Matrix!B53:K53,$AM$27:$AM$36) -> 0.12486916 | G80: =Design_Matrix!M53*F80 -> 39.458654
... A92: =Design_Matrix!A65 -> 64 | B92: =MMULT(Design_Matrix!B65:K65,$M$5:$M$14) -> 69.65625 | C92: =MMULT(Design_Matrix!B65:K65,$O$5:$O$14) -> 0.19946542 | D92: =Design_Matrix!M65*C92 -> 22.739058 | F92: =MMULT(Design_Matrix!B65:K65,$AM$27:$AM$36) -> 0.20664545 | G92: =Design_Matrix!M65*F92 -> 23.557582
A95: sse3 | B95: =SUMXMY2(Design_Matrix!L2:L65,B29:B92) -> 95361.969
A96: sse4 | B96: =SUMXMY2(Design_Matrix!L2:L65,D29:D92) -> 9257.1854
A97: sse5 | B97: =SUMXMY2(Design_Matrix!L2:L65,G29:G92) -> 1807.9041

Sheet Model_Comparison
A1: Model | B1: SSE | C1: Source
A2: sse1_mod1_poisson_no_offset | B2: =Poisson_No_Offset!B90 -> 467937 | C2: Chunk 2
A3: sse2_mod2_poisson_with_offset | B3: =Poisson_With_Offset!B90 -> 25629248 | C3: Chunk 2
A4: sse3_mod3_gaussian_claims | B4: =Gaussian_Models!B95 -> 95361.969 | C4: Chunk 3
A5: sse4_mod4_gaussian_avgclaims | B5: =Gaussian_Models!B96 -> 9257.1854 | C5: Chunk 3
A6: sse5_mod5_weighted_gaussian | B6: =Gaussian_Models!B97 -> 1807.9041 | C6: Chunk 3
A8: Expected from the Rmd: offset helps Poisson, weighted gaussian helps among gaussian fits.
