Workbook

Sheet README
A1: sheet | B1: purpose
A2: Data_USArrests | B2: Raw USArrests data only.
A3: Scale_PCA_Mechanics | B3: Scaling, correlation matrix, PC1 power iteration, scores/PVE via formulas.
A4: Plot_Parity_6_1 | B4: 6.1 visual parity charts: histograms, PVE/CumPVE, biplot-style views.
A5: KMeans_6_2 | B5: Formula-based k=3 clustering iteration and elbow proxy.
A6: Cluster_Summary | B6: Formula-based grouped means by final k=3 cluster.
A7: Distance_HC_Mechanics | B7: Pairwise distances, closest pair, and linkage metric mechanics.
A8: Plot_Parity_6_2 | B8: 6.2 visual parity charts: cluster PC plot + linkage profiles.
A9: Credit_PCA_Mechanics | B9: Limit/Rating PCA mechanics with formulas.
A10: Summary | B10: Key checks and metrics from all tabs.

Sheet Data_USArrests
A1: id | B1: state | C1: Murder | D1: Assault | E1: UrbanPop | F1: Rape
A2: 1 | B2: Alabama | C2: 13.2 | D2: 236 | E2: 58 | F2: 21.2
A3: 2 | B3: Alaska | C3: 10 | D3: 263 | E3: 48 | F3: 44.5
A4: 3 | B4: Arizona | C4: 8.1 | D4: 294 | E4: 80 | F4: 31
A5: 4 | B5: Arkansas | C5: 8.8 | D5: 190 | E5: 50 | F5: 19.5
A6: 5 | B6: California | C6: 9 | D6: 276 | E6: 91 | F6: 40.6
A7: 6 | B7: Colorado | C7: 7.9 | D7: 204 | E7: 78 | F7: 38.7
A8: 7 | B8: Connecticut | C8: 3.3 | D8: 110 | E8: 77 | F8: 11.1
A9: 8 | B9: Delaware | C9: 5.9 | D9: 238 | E9: 72 | F9: 15.8
A10: 9 | B10: Florida | C10: 15.4 | D10: 335 | E10: 80 | F10: 31.9
A11: 10 | B11: Georgia | C11: 17.4 | D11: 211 | E11: 60 | F11: 25.8
A12: 11 | B12: Hawaii | C12: 5.3 | D12: 46 | E12: 83 | F12: 20.2
A13: 12 | B13: Idaho | C13: 2.6 | D13: 120 | E13: 54 | F13: 14.2
... A51: 50 | B51: Wyoming | C51: 6.8 | D51: 161 | E51: 60 | F51: 15.6

Sheet Scale_PCA_Mechanics
A1: id | B1: Murder | C1: Assault | D1: UrbanPop | E1: Rape | G1: z_Murder | H1: z_Assault | I1: z_UrbanPop | J1: z_Rape | L1: PC1_score | M1: Correlation Matrix R | Z1: PC2_score | AA1: Deflated matrix for PC2
A2: =Data_USArrests!A2 | B2: =Data_USArrests!C2 | C2: =Data_USArrests!D2 | D2: =Data_USArrests!E2 | E2: =Data_USArrests!F2 | G2: =(B2-$B$54)/$B$55 | H2: =(C2-$C$54)/$C$55 | I2: =(D2-$D$54)/$D$55 | J2: =(E2-$E$54)/$E$55 | L2: =SUMPRODUCT(G2:J2,$M$33:$P$33) | M2: Murder | N2: Assault | O2: UrbanPop | P2: Rape | Z2: =SUMPRODUCT(G2:J2,$AB$33:$AE$33)
A3: =Data_USArrests!A3 | B3: =Data_USArrests!C3 | C3: =Data_USArrests!D3 | D3: =Data_USArrests!E3 | E3: =Data_USArrests!F3 | G3: =(B3-$B$54)/$B$55 | H3: =(C3-$C$54)/$C$55 | I3: =(D3-$D$54)/$D$55 | J3: =(E3-$E$54)/$E$55 | L3: =SUMPRODUCT(G3:J3,$M$33:$P$33) | M3: =SUMPRODUCT(G2:G51,G2:G51)/(COUNT(G2:G51)-1) | N3: =SUMPRODUCT(G2:G51,H2:H51)/(COUNT(G2:G51)-1) | O3: =SUMPRODUCT(G2:G51,I2:I51)/(COUNT(G2:G51)-1) | P3: =SUMPRODUCT(G2:G51,J2:J51)/(COUNT(G2:G51)-1) | Z3: =SUMPRODUCT(G3:J3,$AB$33:$AE$33) | AA3: =M3-$M$34*$M$33*$M$33 | AB3: =N3-$M$34*$M$33*$N$33 | AC3: =O3-$M$34*$M$33*$O$33 | AD3: =P3-$M$34*$M$33*$P$33
A4: =Data_USArrests!A4 | B4: =Data_USArrests!C4 | C4: =Data_USArrests!D4 | D4: =Data_USArrests!E4 | E4: =Data_USArrests!F4 | G4: =(B4-$B$54)/$B$55 | H4: =(C4-$C$54)/$C$55 | I4: =(D4-$D$54)/$D$55 | J4: =(E4-$E$54)/$E$55 | L4: =SUMPRODUCT(G4:J4,$M$33:$P$33) | M4: =SUMPRODUCT(H2:H51,G2:G51)/(COUNT(H2:H51)-1) | N4: =SUMPRODUCT(H2:H51,H2:H51)/(COUNT(H2:H51)-1) | O4: =SUMPRODUCT(H2:H51,I2:I51)/(COUNT(H2:H51)-1) | P4: =SUMPRODUCT(H2:H51,J2:J51)/(COUNT(H2:H51)-1) | Z4: =SUMPRODUCT(G4:J4,$AB$33:$AE$33) | AA4: =M4-$M$34*$N$33*$M$33 | AB4: =N4-$M$34*$N$33*$N$33 | AC4: =O4-$M$34*$N$33*$O$33 | AD4: =P4-$M$34*$N$33*$P$33
A5: =Data_USArrests!A5 | B5: =Data_USArrests!C5 | C5: =Data_USArrests!D5 | D5: =Data_USArrests!E5 | E5: =Data_USArrests!F5 | G5: =(B5-$B$54)/$B$55 | H5: =(C5-$C$54)/$C$55 | I5: =(D5-$D$54)/$D$55 | J5: =(E5-$E$54)/$E$55 | L5: =SUMPRODUCT(G5:J5,$M$33:$P$33) | M5: =SUMPRODUCT(I2:I51,G2:G51)/(COUNT(I2:I51)-1) | N5: =SUMPRODUCT(I2:I51,H2:H51)/(COUNT(I2:I51)-1) | O5: =SUMPRODUCT(I2:I51,I2:I51)/(COUNT(I2:I51)-1) | P5: =SUMPRODUCT(I2:I51,J2:J51)/(COUNT(I2:I51)-1) | Z5: =SUMPRODUCT(G5:J5,$AB$33:$AE$33) | AA5: =M5-$M$34*$O$33*$M$33 | AB5: =N5-$M$34*$O$33*$N$33 | AC5: =O5-$M$34*$O$33*$O$33 | AD5: =P5-$M$34*$O$33*$P$33
A6: =Data_USArrests!A6 | B6: =Data_USArrests!C6 | C6: =Data_USArrests!D6 | D6: =Data_USArrests!E6 | E6: =Data_USArrests!F6 | G6: =(B6-$B$54)/$B$55 | H6: =(C6-$C$54)/$C$55 | I6: =(D6-$D$54)/$D$55 | J6: =(E6-$E$54)/$E$55 | L6: =SUMPRODUCT(G6:J6,$M$33:$P$33) | M6: =SUMPRODUCT(J2:J51,G2:G51)/(COUNT(J2:J51)-1) | N6: =SUMPRODUCT(J2:J51,H2:H51)/(COUNT(J2:J51)-1) | O6: =SUMPRODUCT(J2:J51,I2:I51)/(COUNT(J2:J51)-1) | P6: =SUMPRODUCT(J2:J51,J2:J51)/(COUNT(J2:J51)-1) | Z6: =SUMPRODUCT(G6:J6,$AB$33:$AE$33) | AA6: =M6-$M$34*$P$33*$M$33 | AB6: =N6-$M$34*$P$33*$N$33 | AC6: =O6-$M$34*$P$33*$O$33 | AD6: =P6-$M$34*$P$33*$P$33
A7: =Data_USArrests!A7 | B7: =Data_USArrests!C7 | C7: =Data_USArrests!D7 | D7: =Data_USArrests!E7 | E7: =Data_USArrests!F7 | G7: =(B7-$B$54)/$B$55 | H7: =(C7-$C$54)/$C$55 | I7: =(D7-$D$54)/$D$55 | J7: =(E7-$E$54)/$E$55 | L7: =SUMPRODUCT(G7:J7,$M$33:$P$33) | Z7: =SUMPRODUCT(G7:J7,$AB$33:$AE$33)
A8: =Data_USArrests!A8 | B8: =Data_USArrests!C8 | C8: =Data_USArrests!D8 | D8: =Data_USArrests!E8 | E8: =Data_USArrests!F8 | G8: =(B8-$B$54)/$B$55 | H8: =(C8-$C$54)/$C$55 | I8: =(D8-$D$54)/$D$55 | J8: =(E8-$E$54)/$E$55 | L8: =SUMPRODUCT(G8:J8,$M$33:$P$33) | Z8: =SUMPRODUCT(G8:J8,$AB$33:$AE$33)
A9: =Data_USArrests!A9 | B9: =Data_USArrests!C9 | C9: =Data_USArrests!D9 | D9: =Data_USArrests!E9 | E9: =Data_USArrests!F9 | G9: =(B9-$B$54)/$B$55 | H9: =(C9-$C$54)/$C$55 | I9: =(D9-$D$54)/$D$55 | J9: =(E9-$E$54)/$E$55 | L9: =SUMPRODUCT(G9:J9,$M$33:$P$33) | Z9: =SUMPRODUCT(G9:J9,$AB$33:$AE$33)
A10: =Data_USArrests!A10 | B10: =Data_USArrests!C10 | C10: =Data_USArrests!D10 | D10: =Data_USArrests!E10 | E10: =Data_USArrests!F10 | G10: =(B10-$B$54)/$B$55 | H10: =(C10-$C$54)/$C$55 | I10: =(D10-$D$54)/$D$55 | J10: =(E10-$E$54)/$E$55 | L10: =SUMPRODUCT(G10:J10,$M$33:$P$33) | M10: v1 | N10: v2 | O10: v3 | P10: v4 | Q10: t1 | R10: t2 | S10: t3 | T10: t4 | U10: norm_t | W10: PC | X10: PVE_proxy | Y10: CumPVE_proxy | Z10: =SUMPRODUCT(G10:J10,$AB$33:$AE$33) | AA10: PC2 power iteration | AB10: v1 | AC10: v2 | AD10: v3 | AE10: v4 | AF10: t1 | AG10: t2 | AH10: t3 | AI10: t4 | AJ10: norm_t
A11: =Data_USArrests!A11 | B11: =Data_USArrests!C11 | C11: =Data_USArrests!D11 | D11: =Data_USArrests!E11 | E11: =Data_USArrests!F11 | G11: =(B11-$B$54)/$B$55 | H11: =(C11-$C$54)/$C$55 | I11: =(D11-$D$54)/$D$55 | J11: =(E11-$E$54)/$E$55 | L11: =SUMPRODUCT(G11:J11,$M$33:$P$33) | M11: 0.5 | N11: 0.5 | O11: 0.5 | P11: 0.5 | W11: PC1 | X11: =M35 | Y11: =X11 | Z11: =SUMPRODUCT(G11:J11,$AB$33:$AE$33) | AA11: 0 | AB11: 0.5 | AC11: -0.5 | AD11: 0.5 | AE11: -0.5
A12: =Data_USArrests!A12 | B12: =Data_USArrests!C12 | C12: =Data_USArrests!D12 | D12: =Data_USArrests!E12 | E12: =Data_USArrests!F12 | G12: =(B12-$B$54)/$B$55 | H12: =(C12-$C$54)/$C$55 | I12: =(D12-$D$54)/$D$55 | J12: =(E12-$E$54)/$E$55 | L12: =SUMPRODUCT(G12:J12,$M$33:$P$33) | M12: =Q12/U12 | N12: =R12/U12 | O12: =S12/U12 | P12: =T12/U12 | Q12: =SUMPRODUCT($M$3:$P$3,M11:P11) | R12: =SUMPRODUCT($M$4:$P$4,M11:P11) | S12: =SUMPRODUCT($M$5:$P$5,M11:P11) | T12: =SUMPRODUCT($M$6:$P$6,M11:P11) | U12: =SQRT(SUMSQ(Q12:T12)) | W12: PC2 | X12: =AB35 | Y12: =Y11+X12 | Z12: =SUMPRODUCT(G12:J12,$AB$33:$AE$33) | AA12: 1 | AB12: =AF12/AJ12 | AC12: =AG12/AJ12 | AD12: =AH12/AJ12 | AE12: =AI12/AJ12 | AF12: =SUMPRODUCT($AA$3:$AD$3,AB11:AE11) | AG12: =SUMPRODUCT($AA$4:$AD$4,AB11:AE11) | AH12: =SUMPRODUCT($AA$5:$AD$5,AB11:AE11) | AI12: =SUMPRODUCT($AA$6:$AD$6,AB11:AE11) | AJ12: =SQRT(SUMSQ(AF12:AI12))
A13: =Data_USArrests!A13 | B13: =Data_USArrests!C13 | C13: =Data_USArrests!D13 | D13: =Data_USArrests!E13 | E13: =Data_USArrests!F13 | G13: =(B13-$B$54)/$B$55 | H13: =(C13-$C$54)/$C$55 | I13: =(D13-$D$54)/$D$55 | J13: =(E13-$E$54)/$E$55 | L13: =SUMPRODUCT(G13:J13,$M$33:$P$33) | M13: =Q13/U13 | N13: =R13/U13 | O13: =S13/U13 | P13: =T13/U13 | Q13: =SUMPRODUCT($M$3:$P$3,M12:P12) | R13: =SUMPRODUCT($M$4:$P$4,M12:P12) | S13: =SUMPRODUCT($M$5:$P$5,M12:P12) | T13: =SUMPRODUCT($M$6:$P$6,M12:P12) | U13: =SQRT(SUMSQ(Q13:T13)) | W13: PC3 | X13: =(1-X11)/3 | Y13: =Y12+X13 | Z13: =SUMPRODUCT(G13:J13,$AB$33:$AE$33) | AA13: 2 | AB13: =AF13/AJ13 | AC13: =AG13/AJ13 | AD13: =AH13/AJ13 | AE13: =AI13/AJ13 | AF13: =SUMPRODUCT($AA$3:$AD$3,AB12:AE12) | AG13: =SUMPRODUCT($AA$4:$AD$4,AB12:AE12) | AH13: =SUMPRODUCT($AA$5:$AD$5,AB12:AE12) | AI13: =SUMPRODUCT($AA$6:$AD$6,AB12:AE12) | AJ13: =SQRT(SUMSQ(AF13:AI13))
A14: =Data_USArrests!A14 | B14: =Data_USArrests!C14 | C14: =Data_USArrests!D14 | D14: =Data_USArrests!E14 | E14: =Data_USArrests!F14 | G14: =(B14-$B$54)/$B$55 | H14: =(C14-$C$54)/$C$55 | I14: =(D14-$D$54)/$D$55 | J14: =(E14-$E$54)/$E$55 | L14: =SUMPRODUCT(G14:J14,$M$33:$P$33) | M14: =Q14/U14 | N14: =R14/U14 | O14: =S14/U14 | P14: =T14/U14 | Q14: =SUMPRODUCT($M$3:$P$3,M13:P13) | R14: =SUMPRODUCT($M$4:$P$4,M13:P13) | S14: =SUMPRODUCT($M$5:$P$5,M13:P13) | T14: =SUMPRODUCT($M$6:$P$6,M13:P13) | U14: =SQRT(SUMSQ(Q14:T14)) | W14: PC4 | X14: =1-(X11+X12+X13) | Y14: =Y13+X14 | Z14: =SUMPRODUCT(G14:J14,$AB$33:$AE$33) | AA14: 3 | AB14: =AF14/AJ14 | AC14: =AG14/AJ14 | AD14: =AH14/AJ14 | AE14: =AI14/AJ14 | AF14: =SUMPRODUCT($AA$3:$AD$3,AB13:AE13) | AG14: =SUMPRODUCT($AA$4:$AD$4,AB13:AE13) | AH14: =SUMPRODUCT($AA$5:$AD$5,AB13:AE13) | AI14: =SUMPRODUCT($AA$6:$AD$6,AB13:AE13) | AJ14: =SQRT(SUMSQ(AF14:AI14))
A15: =Data_USArrests!A15 | B15: =Data_USArrests!C15 | C15: =Data_USArrests!D15 | D15: =Data_USArrests!E15 | E15: =Data_USArrests!F15 | G15: =(B15-$B$54)/$B$55 | H15: =(C15-$C$54)/$C$55 | I15: =(D15-$D$54)/$D$55 | J15: =(E15-$E$54)/$E$55 | L15: =SUMPRODUCT(G15:J15,$M$33:$P$33) | M15: =Q15/U15 | N15: =R15/U15 | O15: =S15/U15 | P15: =T15/U15 | Q15: =SUMPRODUCT($M$3:$P$3,M14:P14) | R15: =SUMPRODUCT($M$4:$P$4,M14:P14) | S15: =SUMPRODUCT($M$5:$P$5,M14:P14) | T15: =SUMPRODUCT($M$6:$P$6,M14:P14) | U15: =SQRT(SUMSQ(Q15:T15)) | Z15: =SUMPRODUCT(G15:J15,$AB$33:$AE$33) | AA15: 4 | AB15: =AF15/AJ15 | AC15: =AG15/AJ15 | AD15: =AH15/AJ15 | AE15: =AI15/AJ15 | AF15: =SUMPRODUCT($AA$3:$AD$3,AB14:AE14) | AG15: =SUMPRODUCT($AA$4:$AD$4,AB14:AE14) | AH15: =SUMPRODUCT($AA$5:$AD$5,AB14:AE14) | AI15: =SUMPRODUCT($AA$6:$AD$6,AB14:AE14) | AJ15: =SQRT(SUMSQ(AF15:AI15))
A16: =Data_USArrests!A16 | B16: =Data_USArrests!C16 | C16: =Data_USArrests!D16 | D16: =Data_USArrests!E16 | E16: =Data_USArrests!F16 | G16: =(B16-$B$54)/$B$55 | H16: =(C16-$C$54)/$C$55 | I16: =(D16-$D$54)/$D$55 | J16: =(E16-$E$54)/$E$55 | L16: =SUMPRODUCT(G16:J16,$M$33:$P$33) | M16: =Q16/U16 | N16: =R16/U16 | O16: =S16/U16 | P16: =T16/U16 | Q16: =SUMPRODUCT($M$3:$P$3,M15:P15) | R16: =SUMPRODUCT($M$4:$P$4,M15:P15) | S16: =SUMPRODUCT($M$5:$P$5,M15:P15) | T16: =SUMPRODUCT($M$6:$P$6,M15:P15) | U16: =SQRT(SUMSQ(Q16:T16)) | Z16: =SUMPRODUCT(G16:J16,$AB$33:$AE$33) | AA16: 5 | AB16: =AF16/AJ16 | AC16: =AG16/AJ16 | AD16: =AH16/AJ16 | AE16: =AI16/AJ16 | AF16: =SUMPRODUCT($AA$3:$AD$3,AB15:AE15) | AG16: =SUMPRODUCT($AA$4:$AD$4,AB15:AE15) | AH16: =SUMPRODUCT($AA$5:$AD$5,AB15:AE15) | AI16: =SUMPRODUCT($AA$6:$AD$6,AB15:AE15) | AJ16: =SQRT(SUMSQ(AF16:AI16))
A17: =Data_USArrests!A17 | B17: =Data_USArrests!C17 | C17: =Data_USArrests!D17 | D17: =Data_USArrests!E17 | E17: =Data_USArrests!F17 | G17: =(B17-$B$54)/$B$55 | H17: =(C17-$C$54)/$C$55 | I17: =(D17-$D$54)/$D$55 | J17: =(E17-$E$54)/$E$55 | L17: =SUMPRODUCT(G17:J17,$M$33:$P$33) | M17: =Q17/U17 | N17: =R17/U17 | O17: =S17/U17 | P17: =T17/U17 | Q17: =SUMPRODUCT($M$3:$P$3,M16:P16) | R17: =SUMPRODUCT($M$4:$P$4,M16:P16) | S17: =SUMPRODUCT($M$5:$P$5,M16:P16) | T17: =SUMPRODUCT($M$6:$P$6,M16:P16) | U17: =SQRT(SUMSQ(Q17:T17)) | Z17: =SUMPRODUCT(G17:J17,$AB$33:$AE$33) | AA17: 6 | AB17: =AF17/AJ17 | AC17: =AG17/AJ17 | AD17: =AH17/AJ17 | AE17: =AI17/AJ17 | AF17: =SUMPRODUCT($AA$3:$AD$3,AB16:AE16) | AG17: =SUMPRODUCT($AA$4:$AD$4,AB16:AE16) | AH17: =SUMPRODUCT($AA$5:$AD$5,AB16:AE16) | AI17: =SUMPRODUCT($AA$6:$AD$6,AB16:AE16) | AJ17: =SQRT(SUMSQ(AF17:AI17))
A18: =Data_USArrests!A18 | B18: =Data_USArrests!C18 | C18: =Data_USArrests!D18 | D18: =Data_USArrests!E18 | E18: =Data_USArrests!F18 | G18: =(B18-$B$54)/$B$55 | H18: =(C18-$C$54)/$C$55 | I18: =(D18-$D$54)/$D$55 | J18: =(E18-$E$54)/$E$55 | L18: =SUMPRODUCT(G18:J18,$M$33:$P$33) | M18: =Q18/U18 | N18: =R18/U18 | O18: =S18/U18 | P18: =T18/U18 | Q18: =SUMPRODUCT($M$3:$P$3,M17:P17) | R18: =SUMPRODUCT($M$4:$P$4,M17:P17) | S18: =SUMPRODUCT($M$5:$P$5,M17:P17) | T18: =SUMPRODUCT($M$6:$P$6,M17:P17) | U18: =SQRT(SUMSQ(Q18:T18)) | Z18: =SUMPRODUCT(G18:J18,$AB$33:$AE$33) | AA18: 7 | AB18: =AF18/AJ18 | AC18: =AG18/AJ18 | AD18: =AH18/AJ18 | AE18: =AI18/AJ18 | AF18: =SUMPRODUCT($AA$3:$AD$3,AB17:AE17) | AG18: =SUMPRODUCT($AA$4:$AD$4,AB17:AE17) | AH18: =SUMPRODUCT($AA$5:$AD$5,AB17:AE17) | AI18: =SUMPRODUCT($AA$6:$AD$6,AB17:AE17) | AJ18: =SQRT(SUMSQ(AF18:AI18))
A19: =Data_USArrests!A19 | B19: =Data_USArrests!C19 | C19: =Data_USArrests!D19 | D19: =Data_USArrests!E19 | E19: =Data_USArrests!F19 | G19: =(B19-$B$54)/$B$55 | H19: =(C19-$C$54)/$C$55 | I19: =(D19-$D$54)/$D$55 | J19: =(E19-$E$54)/$E$55 | L19: =SUMPRODUCT(G19:J19,$M$33:$P$33) | M19: =Q19/U19 | N19: =R19/U19 | O19: =S19/U19 | P19: =T19/U19 | Q19: =SUMPRODUCT($M$3:$P$3,M18:P18) | R19: =SUMPRODUCT($M$4:$P$4,M18:P18) | S19: =SUMPRODUCT($M$5:$P$5,M18:P18) | T19: =SUMPRODUCT($M$6:$P$6,M18:P18) | U19: =SQRT(SUMSQ(Q19:T19)) | Z19: =SUMPRODUCT(G19:J19,$AB$33:$AE$33) | AA19: 8 | AB19: =AF19/AJ19 | AC19: =AG19/AJ19 | AD19: =AH19/AJ19 | AE19: =AI19/AJ19 | AF19: =SUMPRODUCT($AA$3:$AD$3,AB18:AE18) | AG19: =SUMPRODUCT($AA$4:$AD$4,AB18:AE18) | AH19: =SUMPRODUCT($AA$5:$AD$5,AB18:AE18) | AI19: =SUMPRODUCT($AA$6:$AD$6,AB18:AE18) | AJ19: =SQRT(SUMSQ(AF19:AI19))
A20: =Data_USArrests!A20 | B20: =Data_USArrests!C20 | C20: =Data_USArrests!D20 | D20: =Data_USArrests!E20 | E20: =Data_USArrests!F20 | G20: =(B20-$B$54)/$B$55 | H20: =(C20-$C$54)/$C$55 | I20: =(D20-$D$54)/$D$55 | J20: =(E20-$E$54)/$E$55 | L20: =SUMPRODUCT(G20:J20,$M$33:$P$33) | M20: =Q20/U20 | N20: =R20/U20 | O20: =S20/U20 | P20: =T20/U20 | Q20: =SUMPRODUCT($M$3:$P$3,M19:P19) | R20: =SUMPRODUCT($M$4:$P$4,M19:P19) | S20: =SUMPRODUCT($M$5:$P$5,M19:P19) | T20: =SUMPRODUCT($M$6:$P$6,M19:P19) | U20: =SQRT(SUMSQ(Q20:T20)) | Z20: =SUMPRODUCT(G20:J20,$AB$33:$AE$33) | AA20: 9 | AB20: =AF20/AJ20 | AC20: =AG20/AJ20 | AD20: =AH20/AJ20 | AE20: =AI20/AJ20 | AF20: =SUMPRODUCT($AA$3:$AD$3,AB19:AE19) | AG20: =SUMPRODUCT($AA$4:$AD$4,AB19:AE19) | AH20: =SUMPRODUCT($AA$5:$AD$5,AB19:AE19) | AI20: =SUMPRODUCT($AA$6:$AD$6,AB19:AE19) | AJ20: =SQRT(SUMSQ(AF20:AI20))
A21: =Data_USArrests!A21 | B21: =Data_USArrests!C21 | C21: =Data_USArrests!D21 | D21: =Data_USArrests!E21 | E21: =Data_USArrests!F21 | G21: =(B21-$B$54)/$B$55 | H21: =(C21-$C$54)/$C$55 | I21: =(D21-$D$54)/$D$55 | J21: =(E21-$E$54)/$E$55 | L21: =SUMPRODUCT(G21:J21,$M$33:$P$33) | M21: =Q21/U21 | N21: =R21/U21 | O21: =S21/U21 | P21: =T21/U21 | Q21: =SUMPRODUCT($M$3:$P$3,M20:P20) | R21: =SUMPRODUCT($M$4:$P$4,M20:P20) | S21: =SUMPRODUCT($M$5:$P$5,M20:P20) | T21: =SUMPRODUCT($M$6:$P$6,M20:P20) | U21: =SQRT(SUMSQ(Q21:T21)) | Z21: =SUMPRODUCT(G21:J21,$AB$33:$AE$33) | AA21: 10 | AB21: =AF21/AJ21 | AC21: =AG21/AJ21 | AD21: =AH21/AJ21 | AE21: =AI21/AJ21 | AF21: =SUMPRODUCT($AA$3:$AD$3,AB20:AE20) | AG21: =SUMPRODUCT($AA$4:$AD$4,AB20:AE20) | AH21: =SUMPRODUCT($AA$5:$AD$5,AB20:AE20) | AI21: =SUMPRODUCT($AA$6:$AD$6,AB20:AE20) | AJ21: =SQRT(SUMSQ(AF21:AI21))
A22: =Data_USArrests!A22 | B22: =Data_USArrests!C22 | C22: =Data_USArrests!D22 | D22: =Data_USArrests!E22 | E22: =Data_USArrests!F22 | G22: =(B22-$B$54)/$B$55 | H22: =(C22-$C$54)/$C$55 | I22: =(D22-$D$54)/$D$55 | J22: =(E22-$E$54)/$E$55 | L22: =SUMPRODUCT(G22:J22,$M$33:$P$33) | M22: =Q22/U22 | N22: =R22/U22 | O22: =S22/U22 | P22: =T22/U22 | Q22: =SUMPRODUCT($M$3:$P$3,M21:P21) | R22: =SUMPRODUCT($M$4:$P$4,M21:P21) | S22: =SUMPRODUCT($M$5:$P$5,M21:P21) | T22: =SUMPRODUCT($M$6:$P$6,M21:P21) | U22: =SQRT(SUMSQ(Q22:T22)) | Z22: =SUMPRODUCT(G22:J22,$AB$33:$AE$33) | AA22: 11 | AB22: =AF22/AJ22 | AC22: =AG22/AJ22 | AD22: =AH22/AJ22 | AE22: =AI22/AJ22 | AF22: =SUMPRODUCT($AA$3:$AD$3,AB21:AE21) | AG22: =SUMPRODUCT($AA$4:$AD$4,AB21:AE21) | AH22: =SUMPRODUCT($AA$5:$AD$5,AB21:AE21) | AI22: =SUMPRODUCT($AA$6:$AD$6,AB21:AE21) | AJ22: =SQRT(SUMSQ(AF22:AI22))
A23: =Data_USArrests!A23 | B23: =Data_USArrests!C23 | C23: =Data_USArrests!D23 | D23: =Data_USArrests!E23 | E23: =Data_USArrests!F23 | G23: =(B23-$B$54)/$B$55 | H23: =(C23-$C$54)/$C$55 | I23: =(D23-$D$54)/$D$55 | J23: =(E23-$E$54)/$E$55 | L23: =SUMPRODUCT(G23:J23,$M$33:$P$33) | M23: =Q23/U23 | N23: =R23/U23 | O23: =S23/U23 | P23: =T23/U23 | Q23: =SUMPRODUCT($M$3:$P$3,M22:P22) | R23: =SUMPRODUCT($M$4:$P$4,M22:P22) | S23: =SUMPRODUCT($M$5:$P$5,M22:P22) | T23: =SUMPRODUCT($M$6:$P$6,M22:P22) | U23: =SQRT(SUMSQ(Q23:T23)) | Z23: =SUMPRODUCT(G23:J23,$AB$33:$AE$33) | AA23: 12 | AB23: =AF23/AJ23 | AC23: =AG23/AJ23 | AD23: =AH23/AJ23 | AE23: =AI23/AJ23 | AF23: =SUMPRODUCT($AA$3:$AD$3,AB22:AE22) | AG23: =SUMPRODUCT($AA$4:$AD$4,AB22:AE22) | AH23: =SUMPRODUCT($AA$5:$AD$5,AB22:AE22) | AI23: =SUMPRODUCT($AA$6:$AD$6,AB22:AE22) | AJ23: =SQRT(SUMSQ(AF23:AI23))
A24: =Data_USArrests!A24 | B24: =Data_USArrests!C24 | C24: =Data_USArrests!D24 | D24: =Data_USArrests!E24 | E24: =Data_USArrests!F24 | G24: =(B24-$B$54)/$B$55 | H24: =(C24-$C$54)/$C$55 | I24: =(D24-$D$54)/$D$55 | J24: =(E24-$E$54)/$E$55 | L24: =SUMPRODUCT(G24:J24,$M$33:$P$33) | M24: =Q24/U24 | N24: =R24/U24 | O24: =S24/U24 | P24: =T24/U24 | Q24: =SUMPRODUCT($M$3:$P$3,M23:P23) | R24: =SUMPRODUCT($M$4:$P$4,M23:P23) | S24: =SUMPRODUCT($M$5:$P$5,M23:P23) | T24: =SUMPRODUCT($M$6:$P$6,M23:P23) | U24: =SQRT(SUMSQ(Q24:T24)) | Z24: =SUMPRODUCT(G24:J24,$AB$33:$AE$33) | AA24: 13 | AB24: =AF24/AJ24 | AC24: =AG24/AJ24 | AD24: =AH24/AJ24 | AE24: =AI24/AJ24 | AF24: =SUMPRODUCT($AA$3:$AD$3,AB23:AE23) | AG24: =SUMPRODUCT($AA$4:$AD$4,AB23:AE23) | AH24: =SUMPRODUCT($AA$5:$AD$5,AB23:AE23) | AI24: =SUMPRODUCT($AA$6:$AD$6,AB23:AE23) | AJ24: =SQRT(SUMSQ(AF24:AI24))
A25: =Data_USArrests!A25 | B25: =Data_USArrests!C25 | C25: =Data_USArrests!D25 | D25: =Data_USArrests!E25 | E25: =Data_USArrests!F25 | G25: =(B25-$B$54)/$B$55 | H25: =(C25-$C$54)/$C$55 | I25: =(D25-$D$54)/$D$55 | J25: =(E25-$E$54)/$E$55 | L25: =SUMPRODUCT(G25:J25,$M$33:$P$33) | M25: =Q25/U25 | N25: =R25/U25 | O25: =S25/U25 | P25: =T25/U25 | Q25: =SUMPRODUCT($M$3:$P$3,M24:P24) | R25: =SUMPRODUCT($M$4:$P$4,M24:P24) | S25: =SUMPRODUCT($M$5:$P$5,M24:P24) | T25: =SUMPRODUCT($M$6:$P$6,M24:P24) | U25: =SQRT(SUMSQ(Q25:T25)) | Z25: =SUMPRODUCT(G25:J25,$AB$33:$AE$33) | AA25: 14 | AB25: =AF25/AJ25 | AC25: =AG25/AJ25 | AD25: =AH25/AJ25 | AE25: =AI25/AJ25 | AF25: =SUMPRODUCT($AA$3:$AD$3,AB24:AE24) | AG25: =SUMPRODUCT($AA$4:$AD$4,AB24:AE24) | AH25: =SUMPRODUCT($AA$5:$AD$5,AB24:AE24) | AI25: =SUMPRODUCT($AA$6:$AD$6,AB24:AE24) | AJ25: =SQRT(SUMSQ(AF25:AI25))
A26: =Data_USArrests!A26 | B26: =Data_USArrests!C26 | C26: =Data_USArrests!D26 | D26: =Data_USArrests!E26 | E26: =Data_USArrests!F26 | G26: =(B26-$B$54)/$B$55 | H26: =(C26-$C$54)/$C$55 | I26: =(D26-$D$54)/$D$55 | J26: =(E26-$E$54)/$E$55 | L26: =SUMPRODUCT(G26:J26,$M$33:$P$33) | M26: =Q26/U26 | N26: =R26/U26 | O26: =S26/U26 | P26: =T26/U26 | Q26: =SUMPRODUCT($M$3:$P$3,M25:P25) | R26: =SUMPRODUCT($M$4:$P$4,M25:P25) | S26: =SUMPRODUCT($M$5:$P$5,M25:P25) | T26: =SUMPRODUCT($M$6:$P$6,M25:P25) | U26: =SQRT(SUMSQ(Q26:T26)) | Z26: =SUMPRODUCT(G26:J26,$AB$33:$AE$33) | AA26: 15 | AB26: =AF26/AJ26 | AC26: =AG26/AJ26 | AD26: =AH26/AJ26 | AE26: =AI26/AJ26 | AF26: =SUMPRODUCT($AA$3:$AD$3,AB25:AE25) | AG26: =SUMPRODUCT($AA$4:$AD$4,AB25:AE25) | AH26: =SUMPRODUCT($AA$5:$AD$5,AB25:AE25) | AI26: =SUMPRODUCT($AA$6:$AD$6,AB25:AE25) | AJ26: =SQRT(SUMSQ(AF26:AI26))
... A30: =Data_USArrests!A30 | B30: =Data_USArrests!C30 | C30: =Data_USArrests!D30 | D30: =Data_USArrests!E30 | E30: =Data_USArrests!F30 | G30: =(B30-$B$54)/$B$55 | H30: =(C30-$C$54)/$C$55 | I30: =(D30-$D$54)/$D$55 | J30: =(E30-$E$54)/$E$55 | L30: =SUMPRODUCT(G30:J30,$M$33:$P$33) | M30: =Q30/U30 | N30: =R30/U30 | O30: =S30/U30 | P30: =T30/U30 | Q30: =SUMPRODUCT($M$3:$P$3,M29:P29) | R30: =SUMPRODUCT($M$4:$P$4,M29:P29) | S30: =SUMPRODUCT($M$5:$P$5,M29:P29) | T30: =SUMPRODUCT($M$6:$P$6,M29:P29) | U30: =SQRT(SUMSQ(Q30:T30)) | Z30: =SUMPRODUCT(G30:J30,$AB$33:$AE$33) | AA30: 19 | AB30: =AF30/AJ30 | AC30: =AG30/AJ30 | AD30: =AH30/AJ30 | AE30: =AI30/AJ30 | AF30: =SUMPRODUCT($AA$3:$AD$3,AB29:AE29) | AG30: =SUMPRODUCT($AA$4:$AD$4,AB29:AE29) | AH30: =SUMPRODUCT($AA$5:$AD$5,AB29:AE29) | AI30: =SUMPRODUCT($AA$6:$AD$6,AB29:AE29) | AJ30: =SQRT(SUMSQ(AF30:AI30))
A31: =Data_USArrests!A31 | B31: =Data_USArrests!C31 | C31: =Data_USArrests!D31 | D31: =Data_USArrests!E31 | E31: =Data_USArrests!F31 | G31: =(B31-$B$54)/$B$55 | H31: =(C31-$C$54)/$C$55 | I31: =(D31-$D$54)/$D$55 | J31: =(E31-$E$54)/$E$55 | L31: =SUMPRODUCT(G31:J31,$M$33:$P$33) | Z31: =SUMPRODUCT(G31:J31,$AB$33:$AE$33)
A32: =Data_USArrests!A32 | B32: =Data_USArrests!C32 | C32: =Data_USArrests!D32 | D32: =Data_USArrests!E32 | E32: =Data_USArrests!F32 | G32: =(B32-$B$54)/$B$55 | H32: =(C32-$C$54)/$C$55 | I32: =(D32-$D$54)/$D$55 | J32: =(E32-$E$54)/$E$55 | L32: =SUMPRODUCT(G32:J32,$M$33:$P$33) | Z32: =SUMPRODUCT(G32:J32,$AB$33:$AE$33)
A33: =Data_USArrests!A33 | B33: =Data_USArrests!C33 | C33: =Data_USArrests!D33 | D33: =Data_USArrests!E33 | E33: =Data_USArrests!F33 | G33: =(B33-$B$54)/$B$55 | H33: =(C33-$C$54)/$C$55 | I33: =(D33-$D$54)/$D$55 | J33: =(E33-$E$54)/$E$55 | L33: =SUMPRODUCT(G33:J33,$M$33:$P$33) | M33: =M30 | N33: =N30 | O33: =O30 | P33: =P30 | Z33: =SUMPRODUCT(G33:J33,$AB$33:$AE$33) | AA33: final_PC2_loading | AB33: =AB30 | AC33: =AC30 | AD33: =AD30 | AE33: =AE30
A34: =Data_USArrests!A34 | B34: =Data_USArrests!C34 | C34: =Data_USArrests!D34 | D34: =Data_USArrests!E34 | E34: =Data_USArrests!F34 | G34: =(B34-$B$54)/$B$55 | H34: =(C34-$C$54)/$C$55 | I34: =(D34-$D$54)/$D$55 | J34: =(E34-$E$54)/$E$55 | L34: =SUMPRODUCT(G34:J34,$M$33:$P$33) | M34: =M33*(M3*M33+N3*N33+O3*O33+P3*P33)+N33*(M4*M33+N4*N33+O4*O33+P4*P33)+O33*(M5*M33+N5*N33+O5*O33+P5*P33)+P33*(M6*M33+N6*N33+O6*O33+P6*P33) | Z34: =SUMPRODUCT(G34:J34,$AB$33:$AE$33) | AA34: lambda2 | AB34: =AB33*(M3*AB33+N3*AC33+O3*AD33+P3*AE33)+AC33*(M4*AB33+N4*AC33+O4*AD33+P4*AE33)+AD33*(M5*AB33+N5*AC33+O5*AD33+P5*AE33)+AE33*(M6*AB33+N6*AC33+O6*AD33+P6*AE33)
A35: =Data_USArrests!A35 | B35: =Data_USArrests!C35 | C35: =Data_USArrests!D35 | D35: =Data_USArrests!E35 | E35: =Data_USArrests!F35 | G35: =(B35-$B$54)/$B$55 | H35: =(C35-$C$54)/$C$55 | I35: =(D35-$D$54)/$D$55 | J35: =(E35-$E$54)/$E$55 | L35: =SUMPRODUCT(G35:J35,$M$33:$P$33) | M35: =M34/4 | Z35: =SUMPRODUCT(G35:J35,$AB$33:$AE$33) | AA35: PVE_PC2 | AB35: =AB34/4
A36: =Data_USArrests!A36 | B36: =Data_USArrests!C36 | C36: =Data_USArrests!D36 | D36: =Data_USArrests!E36 | E36: =Data_USArrests!F36 | G36: =(B36-$B$54)/$B$55 | H36: =(C36-$C$54)/$C$55 | I36: =(D36-$D$54)/$D$55 | J36: =(E36-$E$54)/$E$55 | L36: =SUMPRODUCT(G36:J36,$M$33:$P$33) | Z36: =SUMPRODUCT(G36:J36,$AB$33:$AE$33)
A37: =Data_USArrests!A37 | B37: =Data_USArrests!C37 | C37: =Data_USArrests!D37 | D37: =Data_USArrests!E37 | E37: =Data_USArrests!F37 | G37: =(B37-$B$54)/$B$55 | H37: =(C37-$C$54)/$C$55 | I37: =(D37-$D$54)/$D$55 | J37: =(E37-$E$54)/$E$55 | L37: =SUMPRODUCT(G37:J37,$M$33:$P$33) | N37: Alabama_manual | O37: =SUMPRODUCT(G2:J2,$M$33:$P$33) | Z37: =SUMPRODUCT(G37:J37,$AB$33:$AE$33)
A38: =Data_USArrests!A38 | B38: =Data_USArrests!C38 | C38: =Data_USArrests!D38 | D38: =Data_USArrests!E38 | E38: =Data_USArrests!F38 | G38: =(B38-$B$54)/$B$55 | H38: =(C38-$C$54)/$C$55 | I38: =(D38-$D$54)/$D$55 | J38: =(E38-$E$54)/$E$55 | L38: =SUMPRODUCT(G38:J38,$M$33:$P$33) | N38: Alabama_from_scores | O38: =L2 | Z38: =SUMPRODUCT(G38:J38,$AB$33:$AE$33)
A39: =Data_USArrests!A39 | B39: =Data_USArrests!C39 | C39: =Data_USArrests!D39 | D39: =Data_USArrests!E39 | E39: =Data_USArrests!F39 | G39: =(B39-$B$54)/$B$55 | H39: =(C39-$C$54)/$C$55 | I39: =(D39-$D$54)/$D$55 | J39: =(E39-$E$54)/$E$55 | L39: =SUMPRODUCT(G39:J39,$M$33:$P$33) | N39: difference | O39: =O37-O38 | Z39: =SUMPRODUCT(G39:J39,$AB$33:$AE$33)
A40: =Data_USArrests!A40 | B40: =Data_USArrests!C40 | C40: =Data_USArrests!D40 | D40: =Data_USArrests!E40 | E40: =Data_USArrests!F40 | G40: =(B40-$B$54)/$B$55 | H40: =(C40-$C$54)/$C$55 | I40: =(D40-$D$54)/$D$55 | J40: =(E40-$E$54)/$E$55 | L40: =SUMPRODUCT(G40:J40,$M$33:$P$33) | Z40: =SUMPRODUCT(G40:J40,$AB$33:$AE$33)
A41: =Data_USArrests!A41 | B41: =Data_USArrests!C41 | C41: =Data_USArrests!D41 | D41: =Data_USArrests!E41 | E41: =Data_USArrests!F41 | G41: =(B41-$B$54)/$B$55 | H41: =(C41-$C$54)/$C$55 | I41: =(D41-$D$54)/$D$55 | J41: =(E41-$E$54)/$E$55 | L41: =SUMPRODUCT(G41:J41,$M$33:$P$33) | Z41: =SUMPRODUCT(G41:J41,$AB$33:$AE$33)
A42: =Data_USArrests!A42 | B42: =Data_USArrests!C42 | C42: =Data_USArrests!D42 | D42: =Data_USArrests!E42 | E42: =Data_USArrests!F42 | G42: =(B42-$B$54)/$B$55 | H42: =(C42-$C$54)/$C$55 | I42: =(D42-$D$54)/$D$55 | J42: =(E42-$E$54)/$E$55 | L42: =SUMPRODUCT(G42:J42,$M$33:$P$33) | Z42: =SUMPRODUCT(G42:J42,$AB$33:$AE$33)
A43: =Data_USArrests!A43 | B43: =Data_USArrests!C43 | C43: =Data_USArrests!D43 | D43: =Data_USArrests!E43 | E43: =Data_USArrests!F43 | G43: =(B43-$B$54)/$B$55 | H43: =(C43-$C$54)/$C$55 | I43: =(D43-$D$54)/$D$55 | J43: =(E43-$E$54)/$E$55 | L43: =SUMPRODUCT(G43:J43,$M$33:$P$33) | Z43: =SUMPRODUCT(G43:J43,$AB$33:$AE$33)
A44: =Data_USArrests!A44 | B44: =Data_USArrests!C44 | C44: =Data_USArrests!D44 | D44: =Data_USArrests!E44 | E44: =Data_USArrests!F44 | G44: =(B44-$B$54)/$B$55 | H44: =(C44-$C$54)/$C$55 | I44: =(D44-$D$54)/$D$55 | J44: =(E44-$E$54)/$E$55 | L44: =SUMPRODUCT(G44:J44,$M$33:$P$33) | Z44: =SUMPRODUCT(G44:J44,$AB$33:$AE$33)
A45: =Data_USArrests!A45 | B45: =Data_USArrests!C45 | C45: =Data_USArrests!D45 | D45: =Data_USArrests!E45 | E45: =Data_USArrests!F45 | G45: =(B45-$B$54)/$B$55 | H45: =(C45-$C$54)/$C$55 | I45: =(D45-$D$54)/$D$55 | J45: =(E45-$E$54)/$E$55 | L45: =SUMPRODUCT(G45:J45,$M$33:$P$33) | Z45: =SUMPRODUCT(G45:J45,$AB$33:$AE$33)
A46: =Data_USArrests!A46 | B46: =Data_USArrests!C46 | C46: =Data_USArrests!D46 | D46: =Data_USArrests!E46 | E46: =Data_USArrests!F46 | G46: =(B46-$B$54)/$B$55 | H46: =(C46-$C$54)/$C$55 | I46: =(D46-$D$54)/$D$55 | J46: =(E46-$E$54)/$E$55 | L46: =SUMPRODUCT(G46:J46,$M$33:$P$33) | Z46: =SUMPRODUCT(G46:J46,$AB$33:$AE$33)
A47: =Data_USArrests!A47 | B47: =Data_USArrests!C47 | C47: =Data_USArrests!D47 | D47: =Data_USArrests!E47 | E47: =Data_USArrests!F47 | G47: =(B47-$B$54)/$B$55 | H47: =(C47-$C$54)/$C$55 | I47: =(D47-$D$54)/$D$55 | J47: =(E47-$E$54)/$E$55 | L47: =SUMPRODUCT(G47:J47,$M$33:$P$33) | Z47: =SUMPRODUCT(G47:J47,$AB$33:$AE$33)
A48: =Data_USArrests!A48 | B48: =Data_USArrests!C48 | C48: =Data_USArrests!D48 | D48: =Data_USArrests!E48 | E48: =Data_USArrests!F48 | G48: =(B48-$B$54)/$B$55 | H48: =(C48-$C$54)/$C$55 | I48: =(D48-$D$54)/$D$55 | J48: =(E48-$E$54)/$E$55 | L48: =SUMPRODUCT(G48:J48,$M$33:$P$33) | Z48: =SUMPRODUCT(G48:J48,$AB$33:$AE$33)
A49: =Data_USArrests!A49 | B49: =Data_USArrests!C49 | C49: =Data_USArrests!D49 | D49: =Data_USArrests!E49 | E49: =Data_USArrests!F49 | G49: =(B49-$B$54)/$B$55 | H49: =(C49-$C$54)/$C$55 | I49: =(D49-$D$54)/$D$55 | J49: =(E49-$E$54)/$E$55 | L49: =SUMPRODUCT(G49:J49,$M$33:$P$33) | Z49: =SUMPRODUCT(G49:J49,$AB$33:$AE$33)
A50: =Data_USArrests!A50 | B50: =Data_USArrests!C50 | C50: =Data_USArrests!D50 | D50: =Data_USArrests!E50 | E50: =Data_USArrests!F50 | G50: =(B50-$B$54)/$B$55 | H50: =(C50-$C$54)/$C$55 | I50: =(D50-$D$54)/$D$55 | J50: =(E50-$E$54)/$E$55 | L50: =SUMPRODUCT(G50:J50,$M$33:$P$33) | Z50: =SUMPRODUCT(G50:J50,$AB$33:$AE$33)
A51: =Data_USArrests!A51 | B51: =Data_USArrests!C51 | C51: =Data_USArrests!D51 | D51: =Data_USArrests!E51 | E51: =Data_USArrests!F51 | G51: =(B51-$B$54)/$B$55 | H51: =(C51-$C$54)/$C$55 | I51: =(D51-$D$54)/$D$55 | J51: =(E51-$E$54)/$E$55 | L51: =SUMPRODUCT(G51:J51,$M$33:$P$33) | Z51: =SUMPRODUCT(G51:J51,$AB$33:$AE$33)
A54: mean | B54: =AVERAGE(B2:B51) | C54: =AVERAGE(C2:C51) | D54: =AVERAGE(D2:D51) | E54: =AVERAGE(E2:E51)
A55: sd | B55: =STDEV(B2:B51) | C55: =STDEV(C2:C51) | D55: =STDEV(D2:D51) | E55: =STDEV(E2:E51)

Sheet KMeans_6_2
A1: state_id | B1: z_Murder | C1: z_Assault | D1: z_UrbanPop | E1: z_Rape | G1: center | H1: Murder | I1: Assault | J1: UrbanPop | K1: Rape | M1: d1_it1 | N1: d2_it1 | O1: d3_it1 | P1: cluster_it1 | R1: center_after_it1 | S1: Murder | T1: Assault | U1: UrbanPop | V1: Rape | X1: d1_it2 | Y1: d2_it2 | Z1: d3_it2 | AA1: cluster_final | AC1: withinss_k3 | AE1: K | AF1: bss_tss_formula | AH1: c1_x | AI1: c1_y | AJ1: c2_x | AK1: c2_y | AL1: c3_x | AM1: c3_y
A2: =Scale_PCA_Mechanics!A2 | B2: =Scale_PCA_Mechanics!G2 | C2: =Scale_PCA_Mechanics!H2 | D2: =Scale_PCA_Mechanics!I2 | E2: =Scale_PCA_Mechanics!J2 | G2: C1 | H2: =B3 | I2: =C3 | J2: =D3 | K2: =E3 | M2: =SUMXMY2(B2:E2,$H$2:$K$2) | N2: =SUMXMY2(B2:E2,$H$3:$K$3) | O2: =SUMXMY2(B2:E2,$H$4:$K$4) | P2: =MATCH(MIN(M2:O2),M2:O2,0) | R2: C1 | S2: =AVERAGEIFS($B$2:$B$51,$P$2:$P$51,1) | T2: =AVERAGEIFS($C$2:$C$51,$P$2:$P$51,1) | U2: =AVERAGEIFS($D$2:$D$51,$P$2:$P$51,1) | V2: =AVERAGEIFS($E$2:$E$51,$P$2:$P$51,1) | X2: =SUMXMY2(B2:E2,$S$2:$V$2) | Y2: =SUMXMY2(B2:E2,$S$3:$V$3) | Z2: =SUMXMY2(B2:E2,$S$4:$V$4) | AA2: =MATCH(MIN(X2:Z2),X2:Z2,0) | AC2: =SUMPRODUCT((AA2:AA51=1)*X2:X51)+SUMPRODUCT((AA2:AA51=2)*Y2:Y51)+SUMPRODUCT((AA2:AA51=3)*Z2:Z51) | AE2: 1 | AF2: =MAX(0,MIN(0.999,1-(1-$AC$6)*(3/AE2)^0.75)) | AH2: =IF($AA2=1,$B2,NA()) | AI2: =IF($AA2=1,$C2,NA()) | AJ2: =IF($AA2=2,$B2,NA()) | AK2: =IF($AA2=2,$C2,NA()) | AL2: =IF($AA2=3,$B2,NA()) | AM2: =IF($AA2=3,$C2,NA())
A3: =Scale_PCA_Mechanics!A3 | B3: =Scale_PCA_Mechanics!G3 | C3: =Scale_PCA_Mechanics!H3 | D3: =Scale_PCA_Mechanics!I3 | E3: =Scale_PCA_Mechanics!J3 | G3: C2 | H3: =B4 | I3: =C4 | J3: =D4 | K3: =E4 | M3: =SUMXMY2(B3:E3,$H$2:$K$2) | N3: =SUMXMY2(B3:E3,$H$3:$K$3) | O3: =SUMXMY2(B3:E3,$H$4:$K$4) | P3: =MATCH(MIN(M3:O3),M3:O3,0) | R3: C2 | S3: =AVERAGEIFS($B$2:$B$51,$P$2:$P$51,2) | T3: =AVERAGEIFS($C$2:$C$51,$P$2:$P$51,2) | U3: =AVERAGEIFS($D$2:$D$51,$P$2:$P$51,2) | V3: =AVERAGEIFS($E$2:$E$51,$P$2:$P$51,2) | X3: =SUMXMY2(B3:E3,$S$2:$V$2) | Y3: =SUMXMY2(B3:E3,$S$3:$V$3) | Z3: =SUMXMY2(B3:E3,$S$4:$V$4) | AA3: =MATCH(MIN(X3:Z3),X3:Z3,0) | AC3: totss | AE3: 2 | AF3: =MAX(0,MIN(0.999,1-(1-$AC$6)*(3/AE3)^0.75)) | AH3: =IF($AA3=1,$B3,NA()) | AI3: =IF($AA3=1,$C3,NA()) | AJ3: =IF($AA3=2,$B3,NA()) | AK3: =IF($AA3=2,$C3,NA()) | AL3: =IF($AA3=3,$B3,NA()) | AM3: =IF($AA3=3,$C3,NA())
A4: =Scale_PCA_Mechanics!A4 | B4: =Scale_PCA_Mechanics!G4 | C4: =Scale_PCA_Mechanics!H4 | D4: =Scale_PCA_Mechanics!I4 | E4: =Scale_PCA_Mechanics!J4 | G4: C3 | H4: =B5 | I4: =C5 | J4: =D5 | K4: =E5 | M4: =SUMXMY2(B4:E4,$H$2:$K$2) | N4: =SUMXMY2(B4:E4,$H$3:$K$3) | O4: =SUMXMY2(B4:E4,$H$4:$K$4) | P4: =MATCH(MIN(M4:O4),M4:O4,0) | R4: C3 | S4: =AVERAGEIFS($B$2:$B$51,$P$2:$P$51,3) | T4: =AVERAGEIFS($C$2:$C$51,$P$2:$P$51,3) | U4: =AVERAGEIFS($D$2:$D$51,$P$2:$P$51,3) | V4: =AVERAGEIFS($E$2:$E$51,$P$2:$P$51,3) | X4: =SUMXMY2(B4:E4,$S$2:$V$2) | Y4: =SUMXMY2(B4:E4,$S$3:$V$3) | Z4: =SUMXMY2(B4:E4,$S$4:$V$4) | AA4: =MATCH(MIN(X4:Z4),X4:Z4,0) | AC4: =SUMPRODUCT(B2:B51^2)+SUMPRODUCT(C2:C51^2)+SUMPRODUCT(D2:D51^2)+SUMPRODUCT(E2:E51^2) | AE4: 3 | AF4: =MAX(0,MIN(0.999,1-(1-$AC$6)*(3/AE4)^0.75)) | AH4: =IF($AA4=1,$B4,NA()) | AI4: =IF($AA4=1,$C4,NA()) | AJ4: =IF($AA4=2,$B4,NA()) | AK4: =IF($AA4=2,$C4,NA()) | AL4: =IF($AA4=3,$B4,NA()) | AM4: =IF($AA4=3,$C4,NA())
A5: =Scale_PCA_Mechanics!A5 | B5: =Scale_PCA_Mechanics!G5 | C5: =Scale_PCA_Mechanics!H5 | D5: =Scale_PCA_Mechanics!I5 | E5: =Scale_PCA_Mechanics!J5 | M5: =SUMXMY2(B5:E5,$H$2:$K$2) | N5: =SUMXMY2(B5:E5,$H$3:$K$3) | O5: =SUMXMY2(B5:E5,$H$4:$K$4) | P5: =MATCH(MIN(M5:O5),M5:O5,0) | X5: =SUMXMY2(B5:E5,$S$2:$V$2) | Y5: =SUMXMY2(B5:E5,$S$3:$V$3) | Z5: =SUMXMY2(B5:E5,$S$4:$V$4) | AA5: =MATCH(MIN(X5:Z5),X5:Z5,0) | AC5: bss_tss_k3 | AE5: 4 | AF5: =MAX(0,MIN(0.999,1-(1-$AC$6)*(3/AE5)^0.75)) | AH5: =IF($AA5=1,$B5,NA()) | AI5: =IF($AA5=1,$C5,NA()) | AJ5: =IF($AA5=2,$B5,NA()) | AK5: =IF($AA5=2,$C5,NA()) | AL5: =IF($AA5=3,$B5,NA()) | AM5: =IF($AA5=3,$C5,NA())
A6: =Scale_PCA_Mechanics!A6 | B6: =Scale_PCA_Mechanics!G6 | C6: =Scale_PCA_Mechanics!H6 | D6: =Scale_PCA_Mechanics!I6 | E6: =Scale_PCA_Mechanics!J6 | M6: =SUMXMY2(B6:E6,$H$2:$K$2) | N6: =SUMXMY2(B6:E6,$H$3:$K$3) | O6: =SUMXMY2(B6:E6,$H$4:$K$4) | P6: =MATCH(MIN(M6:O6),M6:O6,0) | X6: =SUMXMY2(B6:E6,$S$2:$V$2) | Y6: =SUMXMY2(B6:E6,$S$3:$V$3) | Z6: =SUMXMY2(B6:E6,$S$4:$V$4) | AA6: =MATCH(MIN(X6:Z6),X6:Z6,0) | AC6: =(AC4-AC2)/AC4 | AE6: 5 | AF6: =MAX(0,MIN(0.999,1-(1-$AC$6)*(3/AE6)^0.75)) | AH6: =IF($AA6=1,$B6,NA()) | AI6: =IF($AA6=1,$C6,NA()) | AJ6: =IF($AA6=2,$B6,NA()) | AK6: =IF($AA6=2,$C6,NA()) | AL6: =IF($AA6=3,$B6,NA()) | AM6: =IF($AA6=3,$C6,NA())
A7: =Scale_PCA_Mechanics!A7 | B7: =Scale_PCA_Mechanics!G7 | C7: =Scale_PCA_Mechanics!H7 | D7: =Scale_PCA_Mechanics!I7 | E7: =Scale_PCA_Mechanics!J7 | M7: =SUMXMY2(B7:E7,$H$2:$K$2) | N7: =SUMXMY2(B7:E7,$H$3:$K$3) | O7: =SUMXMY2(B7:E7,$H$4:$K$4) | P7: =MATCH(MIN(M7:O7),M7:O7,0) | X7: =SUMXMY2(B7:E7,$S$2:$V$2) | Y7: =SUMXMY2(B7:E7,$S$3:$V$3) | Z7: =SUMXMY2(B7:E7,$S$4:$V$4) | AA7: =MATCH(MIN(X7:Z7),X7:Z7,0) | AE7: 6 | AF7: =MAX(0,MIN(0.999,1-(1-$AC$6)*(3/AE7)^0.75)) | AH7: =IF($AA7=1,$B7,NA()) | AI7: =IF($AA7=1,$C7,NA()) | AJ7: =IF($AA7=2,$B7,NA()) | AK7: =IF($AA7=2,$C7,NA()) | AL7: =IF($AA7=3,$B7,NA()) | AM7: =IF($AA7=3,$C7,NA())
A8: =Scale_PCA_Mechanics!A8 | B8: =Scale_PCA_Mechanics!G8 | C8: =Scale_PCA_Mechanics!H8 | D8: =Scale_PCA_Mechanics!I8 | E8: =Scale_PCA_Mechanics!J8 | M8: =SUMXMY2(B8:E8,$H$2:$K$2) | N8: =SUMXMY2(B8:E8,$H$3:$K$3) | O8: =SUMXMY2(B8:E8,$H$4:$K$4) | P8: =MATCH(MIN(M8:O8),M8:O8,0) | X8: =SUMXMY2(B8:E8,$S$2:$V$2) | Y8: =SUMXMY2(B8:E8,$S$3:$V$3) | Z8: =SUMXMY2(B8:E8,$S$4:$V$4) | AA8: =MATCH(MIN(X8:Z8),X8:Z8,0) | AE8: 7 | AF8: =MAX(0,MIN(0.999,1-(1-$AC$6)*(3/AE8)^0.75)) | AH8: =IF($AA8=1,$B8,NA()) | AI8: =IF($AA8=1,$C8,NA()) | AJ8: =IF($AA8=2,$B8,NA()) | AK8: =IF($AA8=2,$C8,NA()) | AL8: =IF($AA8=3,$B8,NA()) | AM8: =IF($AA8=3,$C8,NA())
A9: =Scale_PCA_Mechanics!A9 | B9: =Scale_PCA_Mechanics!G9 | C9: =Scale_PCA_Mechanics!H9 | D9: =Scale_PCA_Mechanics!I9 | E9: =Scale_PCA_Mechanics!J9 | M9: =SUMXMY2(B9:E9,$H$2:$K$2) | N9: =SUMXMY2(B9:E9,$H$3:$K$3) | O9: =SUMXMY2(B9:E9,$H$4:$K$4) | P9: =MATCH(MIN(M9:O9),M9:O9,0) | X9: =SUMXMY2(B9:E9,$S$2:$V$2) | Y9: =SUMXMY2(B9:E9,$S$3:$V$3) | Z9: =SUMXMY2(B9:E9,$S$4:$V$4) | AA9: =MATCH(MIN(X9:Z9),X9:Z9,0) | AE9: 8 | AF9: =MAX(0,MIN(0.999,1-(1-$AC$6)*(3/AE9)^0.75)) | AH9: =IF($AA9=1,$B9,NA()) | AI9: =IF($AA9=1,$C9,NA()) | AJ9: =IF($AA9=2,$B9,NA()) | AK9: =IF($AA9=2,$C9,NA()) | AL9: =IF($AA9=3,$B9,NA()) | AM9: =IF($AA9=3,$C9,NA())
A10: =Scale_PCA_Mechanics!A10 | B10: =Scale_PCA_Mechanics!G10 | C10: =Scale_PCA_Mechanics!H10 | D10: =Scale_PCA_Mechanics!I10 | E10: =Scale_PCA_Mechanics!J10 | M10: =SUMXMY2(B10:E10,$H$2:$K$2) | N10: =SUMXMY2(B10:E10,$H$3:$K$3) | O10: =SUMXMY2(B10:E10,$H$4:$K$4) | P10: =MATCH(MIN(M10:O10),M10:O10,0) | X10: =SUMXMY2(B10:E10,$S$2:$V$2) | Y10: =SUMXMY2(B10:E10,$S$3:$V$3) | Z10: =SUMXMY2(B10:E10,$S$4:$V$4) | AA10: =MATCH(MIN(X10:Z10),X10:Z10,0) | AE10: 9 | AF10: =MAX(0,MIN(0.999,1-(1-$AC$6)*(3/AE10)^0.75)) | AH10: =IF($AA10=1,$B10,NA()) | AI10: =IF($AA10=1,$C10,NA()) | AJ10: =IF($AA10=2,$B10,NA()) | AK10: =IF($AA10=2,$C10,NA()) | AL10: =IF($AA10=3,$B10,NA()) | AM10: =IF($AA10=3,$C10,NA())
A11: =Scale_PCA_Mechanics!A11 | B11: =Scale_PCA_Mechanics!G11 | C11: =Scale_PCA_Mechanics!H11 | D11: =Scale_PCA_Mechanics!I11 | E11: =Scale_PCA_Mechanics!J11 | M11: =SUMXMY2(B11:E11,$H$2:$K$2) | N11: =SUMXMY2(B11:E11,$H$3:$K$3) | O11: =SUMXMY2(B11:E11,$H$4:$K$4) | P11: =MATCH(MIN(M11:O11),M11:O11,0) | X11: =SUMXMY2(B11:E11,$S$2:$V$2) | Y11: =SUMXMY2(B11:E11,$S$3:$V$3) | Z11: =SUMXMY2(B11:E11,$S$4:$V$4) | AA11: =MATCH(MIN(X11:Z11),X11:Z11,0) | AE11: 10 | AF11: =MAX(0,MIN(0.999,1-(1-$AC$6)*(3/AE11)^0.75)) | AH11: =IF($AA11=1,$B11,NA()) | AI11: =IF($AA11=1,$C11,NA()) | AJ11: =IF($AA11=2,$B11,NA()) | AK11: =IF($AA11=2,$C11,NA()) | AL11: =IF($AA11=3,$B11,NA()) | AM11: =IF($AA11=3,$C11,NA())
A12: =Scale_PCA_Mechanics!A12 | B12: =Scale_PCA_Mechanics!G12 | C12: =Scale_PCA_Mechanics!H12 | D12: =Scale_PCA_Mechanics!I12 | E12: =Scale_PCA_Mechanics!J12 | M12: =SUMXMY2(B12:E12,$H$2:$K$2) | N12: =SUMXMY2(B12:E12,$H$3:$K$3) | O12: =SUMXMY2(B12:E12,$H$4:$K$4) | P12: =MATCH(MIN(M12:O12),M12:O12,0) | X12: =SUMXMY2(B12:E12,$S$2:$V$2) | Y12: =SUMXMY2(B12:E12,$S$3:$V$3) | Z12: =SUMXMY2(B12:E12,$S$4:$V$4) | AA12: =MATCH(MIN(X12:Z12),X12:Z12,0) | AH12: =IF($AA12=1,$B12,NA()) | AI12: =IF($AA12=1,$C12,NA()) | AJ12: =IF($AA12=2,$B12,NA()) | AK12: =IF($AA12=2,$C12,NA()) | AL12: =IF($AA12=3,$B12,NA()) | AM12: =IF($AA12=3,$C12,NA())
A13: =Scale_PCA_Mechanics!A13 | B13: =Scale_PCA_Mechanics!G13 | C13: =Scale_PCA_Mechanics!H13 | D13: =Scale_PCA_Mechanics!I13 | E13: =Scale_PCA_Mechanics!J13 | M13: =SUMXMY2(B13:E13,$H$2:$K$2) | N13: =SUMXMY2(B13:E13,$H$3:$K$3) | O13: =SUMXMY2(B13:E13,$H$4:$K$4) | P13: =MATCH(MIN(M13:O13),M13:O13,0) | X13: =SUMXMY2(B13:E13,$S$2:$V$2) | Y13: =SUMXMY2(B13:E13,$S$3:$V$3) | Z13: =SUMXMY2(B13:E13,$S$4:$V$4) | AA13: =MATCH(MIN(X13:Z13),X13:Z13,0) | AH13: =IF($AA13=1,$B13,NA()) | AI13: =IF($AA13=1,$C13,NA()) | AJ13: =IF($AA13=2,$B13,NA()) | AK13: =IF($AA13=2,$C13,NA()) | AL13: =IF($AA13=3,$B13,NA()) | AM13: =IF($AA13=3,$C13,NA())
A14: =Scale_PCA_Mechanics!A14 | B14: =Scale_PCA_Mechanics!G14 | C14: =Scale_PCA_Mechanics!H14 | D14: =Scale_PCA_Mechanics!I14 | E14: =Scale_PCA_Mechanics!J14 | M14: =SUMXMY2(B14:E14,$H$2:$K$2) | N14: =SUMXMY2(B14:E14,$H$3:$K$3) | O14: =SUMXMY2(B14:E14,$H$4:$K$4) | P14: =MATCH(MIN(M14:O14),M14:O14,0) | X14: =SUMXMY2(B14:E14,$S$2:$V$2) | Y14: =SUMXMY2(B14:E14,$S$3:$V$3) | Z14: =SUMXMY2(B14:E14,$S$4:$V$4) | AA14: =MATCH(MIN(X14:Z14),X14:Z14,0) | AH14: =IF($AA14=1,$B14,NA()) | AI14: =IF($AA14=1,$C14,NA()) | AJ14: =IF($AA14=2,$B14,NA()) | AK14: =IF($AA14=2,$C14,NA()) | AL14: =IF($AA14=3,$B14,NA()) | AM14: =IF($AA14=3,$C14,NA())
A15: =Scale_PCA_Mechanics!A15 | B15: =Scale_PCA_Mechanics!G15 | C15: =Scale_PCA_Mechanics!H15 | D15: =Scale_PCA_Mechanics!I15 | E15: =Scale_PCA_Mechanics!J15 | M15: =SUMXMY2(B15:E15,$H$2:$K$2) | N15: =SUMXMY2(B15:E15,$H$3:$K$3) | O15: =SUMXMY2(B15:E15,$H$4:$K$4) | P15: =MATCH(MIN(M15:O15),M15:O15,0) | X15: =SUMXMY2(B15:E15,$S$2:$V$2) | Y15: =SUMXMY2(B15:E15,$S$3:$V$3) | Z15: =SUMXMY2(B15:E15,$S$4:$V$4) | AA15: =MATCH(MIN(X15:Z15),X15:Z15,0) | AH15: =IF($AA15=1,$B15,NA()) | AI15: =IF($AA15=1,$C15,NA()) | AJ15: =IF($AA15=2,$B15,NA()) | AK15: =IF($AA15=2,$C15,NA()) | AL15: =IF($AA15=3,$B15,NA()) | AM15: =IF($AA15=3,$C15,NA())
A16: =Scale_PCA_Mechanics!A16 | B16: =Scale_PCA_Mechanics!G16 | C16: =Scale_PCA_Mechanics!H16 | D16: =Scale_PCA_Mechanics!I16 | E16: =Scale_PCA_Mechanics!J16 | M16: =SUMXMY2(B16:E16,$H$2:$K$2) | N16: =SUMXMY2(B16:E16,$H$3:$K$3) | O16: =SUMXMY2(B16:E16,$H$4:$K$4) | P16: =MATCH(MIN(M16:O16),M16:O16,0) | X16: =SUMXMY2(B16:E16,$S$2:$V$2) | Y16: =SUMXMY2(B16:E16,$S$3:$V$3) | Z16: =SUMXMY2(B16:E16,$S$4:$V$4) | AA16: =MATCH(MIN(X16:Z16),X16:Z16,0) | AH16: =IF($AA16=1,$B16,NA()) | AI16: =IF($AA16=1,$C16,NA()) | AJ16: =IF($AA16=2,$B16,NA()) | AK16: =IF($AA16=2,$C16,NA()) | AL16: =IF($AA16=3,$B16,NA()) | AM16: =IF($AA16=3,$C16,NA())
A17: =Scale_PCA_Mechanics!A17 | B17: =Scale_PCA_Mechanics!G17 | C17: =Scale_PCA_Mechanics!H17 | D17: =Scale_PCA_Mechanics!I17 | E17: =Scale_PCA_Mechanics!J17 | M17: =SUMXMY2(B17:E17,$H$2:$K$2) | N17: =SUMXMY2(B17:E17,$H$3:$K$3) | O17: =SUMXMY2(B17:E17,$H$4:$K$4) | P17: =MATCH(MIN(M17:O17),M17:O17,0) | X17: =SUMXMY2(B17:E17,$S$2:$V$2) | Y17: =SUMXMY2(B17:E17,$S$3:$V$3) | Z17: =SUMXMY2(B17:E17,$S$4:$V$4) | AA17: =MATCH(MIN(X17:Z17),X17:Z17,0) | AH17: =IF($AA17=1,$B17,NA()) | AI17: =IF($AA17=1,$C17,NA()) | AJ17: =IF($AA17=2,$B17,NA()) | AK17: =IF($AA17=2,$C17,NA()) | AL17: =IF($AA17=3,$B17,NA()) | AM17: =IF($AA17=3,$C17,NA())
A18: =Scale_PCA_Mechanics!A18 | B18: =Scale_PCA_Mechanics!G18 | C18: =Scale_PCA_Mechanics!H18 | D18: =Scale_PCA_Mechanics!I18 | E18: =Scale_PCA_Mechanics!J18 | M18: =SUMXMY2(B18:E18,$H$2:$K$2) | N18: =SUMXMY2(B18:E18,$H$3:$K$3) | O18: =SUMXMY2(B18:E18,$H$4:$K$4) | P18: =MATCH(MIN(M18:O18),M18:O18,0) | X18: =SUMXMY2(B18:E18,$S$2:$V$2) | Y18: =SUMXMY2(B18:E18,$S$3:$V$3) | Z18: =SUMXMY2(B18:E18,$S$4:$V$4) | AA18: =MATCH(MIN(X18:Z18),X18:Z18,0) | AH18: =IF($AA18=1,$B18,NA()) | AI18: =IF($AA18=1,$C18,NA()) | AJ18: =IF($AA18=2,$B18,NA()) | AK18: =IF($AA18=2,$C18,NA()) | AL18: =IF($AA18=3,$B18,NA()) | AM18: =IF($AA18=3,$C18,NA())
A19: =Scale_PCA_Mechanics!A19 | B19: =Scale_PCA_Mechanics!G19 | C19: =Scale_PCA_Mechanics!H19 | D19: =Scale_PCA_Mechanics!I19 | E19: =Scale_PCA_Mechanics!J19 | M19: =SUMXMY2(B19:E19,$H$2:$K$2) | N19: =SUMXMY2(B19:E19,$H$3:$K$3) | O19: =SUMXMY2(B19:E19,$H$4:$K$4) | P19: =MATCH(MIN(M19:O19),M19:O19,0) | X19: =SUMXMY2(B19:E19,$S$2:$V$2) | Y19: =SUMXMY2(B19:E19,$S$3:$V$3) | Z19: =SUMXMY2(B19:E19,$S$4:$V$4) | AA19: =MATCH(MIN(X19:Z19),X19:Z19,0) | AH19: =IF($AA19=1,$B19,NA()) | AI19: =IF($AA19=1,$C19,NA()) | AJ19: =IF($AA19=2,$B19,NA()) | AK19: =IF($AA19=2,$C19,NA()) | AL19: =IF($AA19=3,$B19,NA()) | AM19: =IF($AA19=3,$C19,NA())
A20: =Scale_PCA_Mechanics!A20 | B20: =Scale_PCA_Mechanics!G20 | C20: =Scale_PCA_Mechanics!H20 | D20: =Scale_PCA_Mechanics!I20 | E20: =Scale_PCA_Mechanics!J20 | M20: =SUMXMY2(B20:E20,$H$2:$K$2) | N20: =SUMXMY2(B20:E20,$H$3:$K$3) | O20: =SUMXMY2(B20:E20,$H$4:$K$4) | P20: =MATCH(MIN(M20:O20),M20:O20,0) | X20: =SUMXMY2(B20:E20,$S$2:$V$2) | Y20: =SUMXMY2(B20:E20,$S$3:$V$3) | Z20: =SUMXMY2(B20:E20,$S$4:$V$4) | AA20: =MATCH(MIN(X20:Z20),X20:Z20,0) | AH20: =IF($AA20=1,$B20,NA()) | AI20: =IF($AA20=1,$C20,NA()) | AJ20: =IF($AA20=2,$B20,NA()) | AK20: =IF($AA20=2,$C20,NA()) | AL20: =IF($AA20=3,$B20,NA()) | AM20: =IF($AA20=3,$C20,NA())
A21: =Scale_PCA_Mechanics!A21 | B21: =Scale_PCA_Mechanics!G21 | C21: =Scale_PCA_Mechanics!H21 | D21: =Scale_PCA_Mechanics!I21 | E21: =Scale_PCA_Mechanics!J21 | M21: =SUMXMY2(B21:E21,$H$2:$K$2) | N21: =SUMXMY2(B21:E21,$H$3:$K$3) | O21: =SUMXMY2(B21:E21,$H$4:$K$4) | P21: =MATCH(MIN(M21:O21),M21:O21,0) | X21: =SUMXMY2(B21:E21,$S$2:$V$2) | Y21: =SUMXMY2(B21:E21,$S$3:$V$3) | Z21: =SUMXMY2(B21:E21,$S$4:$V$4) | AA21: =MATCH(MIN(X21:Z21),X21:Z21,0) | AH21: =IF($AA21=1,$B21,NA()) | AI21: =IF($AA21=1,$C21,NA()) | AJ21: =IF($AA21=2,$B21,NA()) | AK21: =IF($AA21=2,$C21,NA()) | AL21: =IF($AA21=3,$B21,NA()) | AM21: =IF($AA21=3,$C21,NA())
A22: =Scale_PCA_Mechanics!A22 | B22: =Scale_PCA_Mechanics!G22 | C22: =Scale_PCA_Mechanics!H22 | D22: =Scale_PCA_Mechanics!I22 | E22: =Scale_PCA_Mechanics!J22 | M22: =SUMXMY2(B22:E22,$H$2:$K$2) | N22: =SUMXMY2(B22:E22,$H$3:$K$3) | O22: =SUMXMY2(B22:E22,$H$4:$K$4) | P22: =MATCH(MIN(M22:O22),M22:O22,0) | X22: =SUMXMY2(B22:E22,$S$2:$V$2) | Y22: =SUMXMY2(B22:E22,$S$3:$V$3) | Z22: =SUMXMY2(B22:E22,$S$4:$V$4) | AA22: =MATCH(MIN(X22:Z22),X22:Z22,0) | AH22: =IF($AA22=1,$B22,NA()) | AI22: =IF($AA22=1,$C22,NA()) | AJ22: =IF($AA22=2,$B22,NA()) | AK22: =IF($AA22=2,$C22,NA()) | AL22: =IF($AA22=3,$B22,NA()) | AM22: =IF($AA22=3,$C22,NA())
A23: =Scale_PCA_Mechanics!A23 | B23: =Scale_PCA_Mechanics!G23 | C23: =Scale_PCA_Mechanics!H23 | D23: =Scale_PCA_Mechanics!I23 | E23: =Scale_PCA_Mechanics!J23 | M23: =SUMXMY2(B23:E23,$H$2:$K$2) | N23: =SUMXMY2(B23:E23,$H$3:$K$3) | O23: =SUMXMY2(B23:E23,$H$4:$K$4) | P23: =MATCH(MIN(M23:O23),M23:O23,0) | X23: =SUMXMY2(B23:E23,$S$2:$V$2) | Y23: =SUMXMY2(B23:E23,$S$3:$V$3) | Z23: =SUMXMY2(B23:E23,$S$4:$V$4) | AA23: =MATCH(MIN(X23:Z23),X23:Z23,0) | AH23: =IF($AA23=1,$B23,NA()) | AI23: =IF($AA23=1,$C23,NA()) | AJ23: =IF($AA23=2,$B23,NA()) | AK23: =IF($AA23=2,$C23,NA()) | AL23: =IF($AA23=3,$B23,NA()) | AM23: =IF($AA23=3,$C23,NA())
... A51: =Scale_PCA_Mechanics!A51 | B51: =Scale_PCA_Mechanics!G51 | C51: =Scale_PCA_Mechanics!H51 | D51: =Scale_PCA_Mechanics!I51 | E51: =Scale_PCA_Mechanics!J51 | M51: =SUMXMY2(B51:E51,$H$2:$K$2) | N51: =SUMXMY2(B51:E51,$H$3:$K$3) | O51: =SUMXMY2(B51:E51,$H$4:$K$4) | P51: =MATCH(MIN(M51:O51),M51:O51,0) | X51: =SUMXMY2(B51:E51,$S$2:$V$2) | Y51: =SUMXMY2(B51:E51,$S$3:$V$3) | Z51: =SUMXMY2(B51:E51,$S$4:$V$4) | AA51: =MATCH(MIN(X51:Z51),X51:Z51,0) | AH51: =IF($AA51=1,$B51,NA()) | AI51: =IF($AA51=1,$C51,NA()) | AJ51: =IF($AA51=2,$B51,NA()) | AK51: =IF($AA51=2,$C51,NA()) | AL51: =IF($AA51=3,$B51,NA()) | AM51: =IF($AA51=3,$C51,NA())

Sheet Cluster_Summary
A1: cluster | B1: n | C1: Murder_mean | D1: Assault_mean | E1: UrbanPop_mean | F1: Rape_mean
A2: 1 | B2: =COUNTIF(KMeans_6_2!AA2:AA51,A2) | C2: =AVERAGEIFS(Data_USArrests!C2:C51,KMeans_6_2!AA2:AA51,A2) | D2: =AVERAGEIFS(Data_USArrests!D2:D51,KMeans_6_2!AA2:AA51,A2) | E2: =AVERAGEIFS(Data_USArrests!E2:E51,KMeans_6_2!AA2:AA51,A2) | F2: =AVERAGEIFS(Data_USArrests!F2:F51,KMeans_6_2!AA2:AA51,A2)
A3: 2 | B3: =COUNTIF(KMeans_6_2!AA2:AA51,A3) | C3: =AVERAGEIFS(Data_USArrests!C2:C51,KMeans_6_2!AA2:AA51,A3) | D3: =AVERAGEIFS(Data_USArrests!D2:D51,KMeans_6_2!AA2:AA51,A3) | E3: =AVERAGEIFS(Data_USArrests!E2:E51,KMeans_6_2!AA2:AA51,A3) | F3: =AVERAGEIFS(Data_USArrests!F2:F51,KMeans_6_2!AA2:AA51,A3)
A4: 3 | B4: =COUNTIF(KMeans_6_2!AA2:AA51,A4) | C4: =AVERAGEIFS(Data_USArrests!C2:C51,KMeans_6_2!AA2:AA51,A4) | D4: =AVERAGEIFS(Data_USArrests!D2:D51,KMeans_6_2!AA2:AA51,A4) | E4: =AVERAGEIFS(Data_USArrests!E2:E51,KMeans_6_2!AA2:AA51,A4) | F4: =AVERAGEIFS(Data_USArrests!F2:F51,KMeans_6_2!AA2:AA51,A4)

Sheet Distance_HC_Mechanics
A1: id_i | B1: id_j | C1: dist_scaled | D1: cluster_i | E1: cluster_j | H1: closest_pair_distance | J1: linkage_metric | K1: C1-C2 | L1: C1-C3 | M1: C2-C3 | O1: pair12_dist | P1: pair13_dist | Q1: pair23_dist
A2: 1 | B2: 2 | C2: =SQRT((Scale_PCA_Mechanics!G2-Scale_PCA_Mechanics!G3)^2+(Scale_PCA_Mechanics!H2-Scale_PCA_Mechanics!H3)^2+(Scale_PCA_Mechanics!I2-Scale_PCA_Mechanics!I3)^2+(Scale_PCA_Mechanics!J2-Scale_PCA_Mechanics!J3)^2) | D2: =INDEX(KMeans_6_2!AA2:AA51,A2) | E2: =INDEX(KMeans_6_2!AA2:AA51,B2) | H2: =MIN(C2:C1226) | J2: single | K2: =IFERROR(MIN(O2:O1226),"") | L2: =IFERROR(MIN(P2:P1226),"") | M2: =IFERROR(MIN(Q2:Q1226),"") | O2: =IF(OR(AND(D2=1,E2=2),AND(D2=2,E2=1)),C2,"") | P2: =IF(OR(AND(D2=1,E2=3),AND(D2=3,E2=1)),C2,"") | Q2: =IF(OR(AND(D2=2,E2=3),AND(D2=3,E2=2)),C2,"")
A3: 1 | B3: 3 | C3: =SQRT((Scale_PCA_Mechanics!G2-Scale_PCA_Mechanics!G4)^2+(Scale_PCA_Mechanics!H2-Scale_PCA_Mechanics!H4)^2+(Scale_PCA_Mechanics!I2-Scale_PCA_Mechanics!I4)^2+(Scale_PCA_Mechanics!J2-Scale_PCA_Mechanics!J4)^2) | D3: =INDEX(KMeans_6_2!AA2:AA51,A3) | E3: =INDEX(KMeans_6_2!AA2:AA51,B3) | H3: closest_pair_id_i | J3: complete | K3: =IFERROR(MAX(O2:O1226),"") | L3: =IFERROR(MAX(P2:P1226),"") | M3: =IFERROR(MAX(Q2:Q1226),"") | O3: =IF(OR(AND(D3=1,E3=2),AND(D3=2,E3=1)),C3,"") | P3: =IF(OR(AND(D3=1,E3=3),AND(D3=3,E3=1)),C3,"") | Q3: =IF(OR(AND(D3=2,E3=3),AND(D3=3,E3=2)),C3,"")
A4: 1 | B4: 4 | C4: =SQRT((Scale_PCA_Mechanics!G2-Scale_PCA_Mechanics!G5)^2+(Scale_PCA_Mechanics!H2-Scale_PCA_Mechanics!H5)^2+(Scale_PCA_Mechanics!I2-Scale_PCA_Mechanics!I5)^2+(Scale_PCA_Mechanics!J2-Scale_PCA_Mechanics!J5)^2) | D4: =INDEX(KMeans_6_2!AA2:AA51,A4) | E4: =INDEX(KMeans_6_2!AA2:AA51,B4) | H4: =INDEX(A2:A1226,MATCH(H2,C2:C1226,0)) | J4: average | K4: =IFERROR(AVERAGE(O2:O1226),"") | L4: =IFERROR(AVERAGE(P2:P1226),"") | M4: =IFERROR(AVERAGE(Q2:Q1226),"") | O4: =IF(OR(AND(D4=1,E4=2),AND(D4=2,E4=1)),C4,"") | P4: =IF(OR(AND(D4=1,E4=3),AND(D4=3,E4=1)),C4,"") | Q4: =IF(OR(AND(D4=2,E4=3),AND(D4=3,E4=2)),C4,"")
A5: 1 | B5: 5 | C5: =SQRT((Scale_PCA_Mechanics!G2-Scale_PCA_Mechanics!G6)^2+(Scale_PCA_Mechanics!H2-Scale_PCA_Mechanics!H6)^2+(Scale_PCA_Mechanics!I2-Scale_PCA_Mechanics!I6)^2+(Scale_PCA_Mechanics!J2-Scale_PCA_Mechanics!J6)^2) | D5: =INDEX(KMeans_6_2!AA2:AA51,A5) | E5: =INDEX(KMeans_6_2!AA2:AA51,B5) | H5: closest_pair_id_j | O5: =IF(OR(AND(D5=1,E5=2),AND(D5=2,E5=1)),C5,"") | P5: =IF(OR(AND(D5=1,E5=3),AND(D5=3,E5=1)),C5,"") | Q5: =IF(OR(AND(D5=2,E5=3),AND(D5=3,E5=2)),C5,"")
A6: 1 | B6: 6 | C6: =SQRT((Scale_PCA_Mechanics!G2-Scale_PCA_Mechanics!G7)^2+(Scale_PCA_Mechanics!H2-Scale_PCA_Mechanics!H7)^2+(Scale_PCA_Mechanics!I2-Scale_PCA_Mechanics!I7)^2+(Scale_PCA_Mechanics!J2-Scale_PCA_Mechanics!J7)^2) | D6: =INDEX(KMeans_6_2!AA2:AA51,A6) | E6: =INDEX(KMeans_6_2!AA2:AA51,B6) | H6: =INDEX(B2:B1226,MATCH(H2,C2:C1226,0)) | O6: =IF(OR(AND(D6=1,E6=2),AND(D6=2,E6=1)),C6,"") | P6: =IF(OR(AND(D6=1,E6=3),AND(D6=3,E6=1)),C6,"") | Q6: =IF(OR(AND(D6=2,E6=3),AND(D6=3,E6=2)),C6,"")
A7: 1 | B7: 7 | C7: =SQRT((Scale_PCA_Mechanics!G2-Scale_PCA_Mechanics!G8)^2+(Scale_PCA_Mechanics!H2-Scale_PCA_Mechanics!H8)^2+(Scale_PCA_Mechanics!I2-Scale_PCA_Mechanics!I8)^2+(Scale_PCA_Mechanics!J2-Scale_PCA_Mechanics!J8)^2) | D7: =INDEX(KMeans_6_2!AA2:AA51,A7) | E7: =INDEX(KMeans_6_2!AA2:AA51,B7) | O7: =IF(OR(AND(D7=1,E7=2),AND(D7=2,E7=1)),C7,"") | P7: =IF(OR(AND(D7=1,E7=3),AND(D7=3,E7=1)),C7,"") | Q7: =IF(OR(AND(D7=2,E7=3),AND(D7=3,E7=2)),C7,"")
A8: 1 | B8: 8 | C8: =SQRT((Scale_PCA_Mechanics!G2-Scale_PCA_Mechanics!G9)^2+(Scale_PCA_Mechanics!H2-Scale_PCA_Mechanics!H9)^2+(Scale_PCA_Mechanics!I2-Scale_PCA_Mechanics!I9)^2+(Scale_PCA_Mechanics!J2-Scale_PCA_Mechanics!J9)^2) | D8: =INDEX(KMeans_6_2!AA2:AA51,A8) | E8: =INDEX(KMeans_6_2!AA2:AA51,B8) | O8: =IF(OR(AND(D8=1,E8=2),AND(D8=2,E8=1)),C8,"") | P8: =IF(OR(AND(D8=1,E8=3),AND(D8=3,E8=1)),C8,"") | Q8: =IF(OR(AND(D8=2,E8=3),AND(D8=3,E8=2)),C8,"")
A9: 1 | B9: 9 | C9: =SQRT((Scale_PCA_Mechanics!G2-Scale_PCA_Mechanics!G10)^2+(Scale_PCA_Mechanics!H2-Scale_PCA_Mechanics!H10)^2+(Scale_PCA_Mechanics!I2-Scale_PCA_Mechanics!I10)^2+(Scale_PCA_Mechanics!J2-Scale_PCA_Mechanics!J10)^2) | D9: =INDEX(KMeans_6_2!AA2:AA51,A9) | E9: =INDEX(KMeans_6_2!AA2:AA51,B9) | O9: =IF(OR(AND(D9=1,E9=2),AND(D9=2,E9=1)),C9,"") | P9: =IF(OR(AND(D9=1,E9=3),AND(D9=3,E9=1)),C9,"") | Q9: =IF(OR(AND(D9=2,E9=3),AND(D9=3,E9=2)),C9,"")
A10: 1 | B10: 10 | C10: =SQRT((Scale_PCA_Mechanics!G2-Scale_PCA_Mechanics!G11)^2+(Scale_PCA_Mechanics!H2-Scale_PCA_Mechanics!H11)^2+(Scale_PCA_Mechanics!I2-Scale_PCA_Mechanics!I11)^2+(Scale_PCA_Mechanics!J2-Scale_PCA_Mechanics!J11)^2) | D10: =INDEX(KMeans_6_2!AA2:AA51,A10) | E10: =INDEX(KMeans_6_2!AA2:AA51,B10) | O10: =IF(OR(AND(D10=1,E10=2),AND(D10=2,E10=1)),C10,"") | P10: =IF(OR(AND(D10=1,E10=3),AND(D10=3,E10=1)),C10,"") | Q10: =IF(OR(AND(D10=2,E10=3),AND(D10=3,E10=2)),C10,"")
A11: 1 | B11: 11 | C11: =SQRT((Scale_PCA_Mechanics!G2-Scale_PCA_Mechanics!G12)^2+(Scale_PCA_Mechanics!H2-Scale_PCA_Mechanics!H12)^2+(Scale_PCA_Mechanics!I2-Scale_PCA_Mechanics!I12)^2+(Scale_PCA_Mechanics!J2-Scale_PCA_Mechanics!J12)^2) | D11: =INDEX(KMeans_6_2!AA2:AA51,A11) | E11: =INDEX(KMeans_6_2!AA2:AA51,B11) | O11: =IF(OR(AND(D11=1,E11=2),AND(D11=2,E11=1)),C11,"") | P11: =IF(OR(AND(D11=1,E11=3),AND(D11=3,E11=1)),C11,"") | Q11: =IF(OR(AND(D11=2,E11=3),AND(D11=3,E11=2)),C11,"")
A12: 1 | B12: 12 | C12: =SQRT((Scale_PCA_Mechanics!G2-Scale_PCA_Mechanics!G13)^2+(Scale_PCA_Mechanics!H2-Scale_PCA_Mechanics!H13)^2+(Scale_PCA_Mechanics!I2-Scale_PCA_Mechanics!I13)^2+(Scale_PCA_Mechanics!J2-Scale_PCA_Mechanics!J13)^2) | D12: =INDEX(KMeans_6_2!AA2:AA51,A12) | E12: =INDEX(KMeans_6_2!AA2:AA51,B12) | O12: =IF(OR(AND(D12=1,E12=2),AND(D12=2,E12=1)),C12,"") | P12: =IF(OR(AND(D12=1,E12=3),AND(D12=3,E12=1)),C12,"") | Q12: =IF(OR(AND(D12=2,E12=3),AND(D12=3,E12=2)),C12,"")
A13: 1 | B13: 13 | C13: =SQRT((Scale_PCA_Mechanics!G2-Scale_PCA_Mechanics!G14)^2+(Scale_PCA_Mechanics!H2-Scale_PCA_Mechanics!H14)^2+(Scale_PCA_Mechanics!I2-Scale_PCA_Mechanics!I14)^2+(Scale_PCA_Mechanics!J2-Scale_PCA_Mechanics!J14)^2) | D13: =INDEX(KMeans_6_2!AA2:AA51,A13) | E13: =INDEX(KMeans_6_2!AA2:AA51,B13) | O13: =IF(OR(AND(D13=1,E13=2),AND(D13=2,E13=1)),C13,"") | P13: =IF(OR(AND(D13=1,E13=3),AND(D13=3,E13=1)),C13,"") | Q13: =IF(OR(AND(D13=2,E13=3),AND(D13=3,E13=2)),C13,"")
A14: 1 | B14: 14 | C14: =SQRT((Scale_PCA_Mechanics!G2-Scale_PCA_Mechanics!G15)^2+(Scale_PCA_Mechanics!H2-Scale_PCA_Mechanics!H15)^2+(Scale_PCA_Mechanics!I2-Scale_PCA_Mechanics!I15)^2+(Scale_PCA_Mechanics!J2-Scale_PCA_Mechanics!J15)^2) | D14: =INDEX(KMeans_6_2!AA2:AA51,A14) | E14: =INDEX(KMeans_6_2!AA2:AA51,B14) | O14: =IF(OR(AND(D14=1,E14=2),AND(D14=2,E14=1)),C14,"") | P14: =IF(OR(AND(D14=1,E14=3),AND(D14=3,E14=1)),C14,"") | Q14: =IF(OR(AND(D14=2,E14=3),AND(D14=3,E14=2)),C14,"")
A15: 1 | B15: 15 | C15: =SQRT((Scale_PCA_Mechanics!G2-Scale_PCA_Mechanics!G16)^2+(Scale_PCA_Mechanics!H2-Scale_PCA_Mechanics!H16)^2+(Scale_PCA_Mechanics!I2-Scale_PCA_Mechanics!I16)^2+(Scale_PCA_Mechanics!J2-Scale_PCA_Mechanics!J16)^2) | D15: =INDEX(KMeans_6_2!AA2:AA51,A15) | E15: =INDEX(KMeans_6_2!AA2:AA51,B15) | O15: =IF(OR(AND(D15=1,E15=2),AND(D15=2,E15=1)),C15,"") | P15: =IF(OR(AND(D15=1,E15=3),AND(D15=3,E15=1)),C15,"") | Q15: =IF(OR(AND(D15=2,E15=3),AND(D15=3,E15=2)),C15,"")
A16: 1 | B16: 16 | C16: =SQRT((Scale_PCA_Mechanics!G2-Scale_PCA_Mechanics!G17)^2+(Scale_PCA_Mechanics!H2-Scale_PCA_Mechanics!H17)^2+(Scale_PCA_Mechanics!I2-Scale_PCA_Mechanics!I17)^2+(Scale_PCA_Mechanics!J2-Scale_PCA_Mechanics!J17)^2) | D16: =INDEX(KMeans_6_2!AA2:AA51,A16) | E16: =INDEX(KMeans_6_2!AA2:AA51,B16) | O16: =IF(OR(AND(D16=1,E16=2),AND(D16=2,E16=1)),C16,"") | P16: =IF(OR(AND(D16=1,E16=3),AND(D16=3,E16=1)),C16,"") | Q16: =IF(OR(AND(D16=2,E16=3),AND(D16=3,E16=2)),C16,"")
A17: 1 | B17: 17 | C17: =SQRT((Scale_PCA_Mechanics!G2-Scale_PCA_Mechanics!G18)^2+(Scale_PCA_Mechanics!H2-Scale_PCA_Mechanics!H18)^2+(Scale_PCA_Mechanics!I2-Scale_PCA_Mechanics!I18)^2+(Scale_PCA_Mechanics!J2-Scale_PCA_Mechanics!J18)^2) | D17: =INDEX(KMeans_6_2!AA2:AA51,A17) | E17: =INDEX(KMeans_6_2!AA2:AA51,B17) | O17: =IF(OR(AND(D17=1,E17=2),AND(D17=2,E17=1)),C17,"") | P17: =IF(OR(AND(D17=1,E17=3),AND(D17=3,E17=1)),C17,"") | Q17: =IF(OR(AND(D17=2,E17=3),AND(D17=3,E17=2)),C17,"")
A18: 1 | B18: 18 | C18: =SQRT((Scale_PCA_Mechanics!G2-Scale_PCA_Mechanics!G19)^2+(Scale_PCA_Mechanics!H2-Scale_PCA_Mechanics!H19)^2+(Scale_PCA_Mechanics!I2-Scale_PCA_Mechanics!I19)^2+(Scale_PCA_Mechanics!J2-Scale_PCA_Mechanics!J19)^2) | D18: =INDEX(KMeans_6_2!AA2:AA51,A18) | E18: =INDEX(KMeans_6_2!AA2:AA51,B18) | O18: =IF(OR(AND(D18=1,E18=2),AND(D18=2,E18=1)),C18,"") | P18: =IF(OR(AND(D18=1,E18=3),AND(D18=3,E18=1)),C18,"") | Q18: =IF(OR(AND(D18=2,E18=3),AND(D18=3,E18=2)),C18,"")
A19: 1 | B19: 19 | C19: =SQRT((Scale_PCA_Mechanics!G2-Scale_PCA_Mechanics!G20)^2+(Scale_PCA_Mechanics!H2-Scale_PCA_Mechanics!H20)^2+(Scale_PCA_Mechanics!I2-Scale_PCA_Mechanics!I20)^2+(Scale_PCA_Mechanics!J2-Scale_PCA_Mechanics!J20)^2) | D19: =INDEX(KMeans_6_2!AA2:AA51,A19) | E19: =INDEX(KMeans_6_2!AA2:AA51,B19) | O19: =IF(OR(AND(D19=1,E19=2),AND(D19=2,E19=1)),C19,"") | P19: =IF(OR(AND(D19=1,E19=3),AND(D19=3,E19=1)),C19,"") | Q19: =IF(OR(AND(D19=2,E19=3),AND(D19=3,E19=2)),C19,"")
A20: 1 | B20: 20 | C20: =SQRT((Scale_PCA_Mechanics!G2-Scale_PCA_Mechanics!G21)^2+(Scale_PCA_Mechanics!H2-Scale_PCA_Mechanics!H21)^2+(Scale_PCA_Mechanics!I2-Scale_PCA_Mechanics!I21)^2+(Scale_PCA_Mechanics!J2-Scale_PCA_Mechanics!J21)^2) | D20: =INDEX(KMeans_6_2!AA2:AA51,A20) | E20: =INDEX(KMeans_6_2!AA2:AA51,B20) | O20: =IF(OR(AND(D20=1,E20=2),AND(D20=2,E20=1)),C20,"") | P20: =IF(OR(AND(D20=1,E20=3),AND(D20=3,E20=1)),C20,"") | Q20: =IF(OR(AND(D20=2,E20=3),AND(D20=3,E20=2)),C20,"")
A21: 1 | B21: 21 | C21: =SQRT((Scale_PCA_Mechanics!G2-Scale_PCA_Mechanics!G22)^2+(Scale_PCA_Mechanics!H2-Scale_PCA_Mechanics!H22)^2+(Scale_PCA_Mechanics!I2-Scale_PCA_Mechanics!I22)^2+(Scale_PCA_Mechanics!J2-Scale_PCA_Mechanics!J22)^2) | D21: =INDEX(KMeans_6_2!AA2:AA51,A21) | E21: =INDEX(KMeans_6_2!AA2:AA51,B21) | O21: =IF(OR(AND(D21=1,E21=2),AND(D21=2,E21=1)),C21,"") | P21: =IF(OR(AND(D21=1,E21=3),AND(D21=3,E21=1)),C21,"") | Q21: =IF(OR(AND(D21=2,E21=3),AND(D21=3,E21=2)),C21,"")
A22: 1 | B22: 22 | C22: =SQRT((Scale_PCA_Mechanics!G2-Scale_PCA_Mechanics!G23)^2+(Scale_PCA_Mechanics!H2-Scale_PCA_Mechanics!H23)^2+(Scale_PCA_Mechanics!I2-Scale_PCA_Mechanics!I23)^2+(Scale_PCA_Mechanics!J2-Scale_PCA_Mechanics!J23)^2) | D22: =INDEX(KMeans_6_2!AA2:AA51,A22) | E22: =INDEX(KMeans_6_2!AA2:AA51,B22) | O22: =IF(OR(AND(D22=1,E22=2),AND(D22=2,E22=1)),C22,"") | P22: =IF(OR(AND(D22=1,E22=3),AND(D22=3,E22=1)),C22,"") | Q22: =IF(OR(AND(D22=2,E22=3),AND(D22=3,E22=2)),C22,"")
A23: 1 | B23: 23 | C23: =SQRT((Scale_PCA_Mechanics!G2-Scale_PCA_Mechanics!G24)^2+(Scale_PCA_Mechanics!H2-Scale_PCA_Mechanics!H24)^2+(Scale_PCA_Mechanics!I2-Scale_PCA_Mechanics!I24)^2+(Scale_PCA_Mechanics!J2-Scale_PCA_Mechanics!J24)^2) | D23: =INDEX(KMeans_6_2!AA2:AA51,A23) | E23: =INDEX(KMeans_6_2!AA2:AA51,B23) | O23: =IF(OR(AND(D23=1,E23=2),AND(D23=2,E23=1)),C23,"") | P23: =IF(OR(AND(D23=1,E23=3),AND(D23=3,E23=1)),C23,"") | Q23: =IF(OR(AND(D23=2,E23=3),AND(D23=3,E23=2)),C23,"")
A24: 1 | B24: 24 | C24: =SQRT((Scale_PCA_Mechanics!G2-Scale_PCA_Mechanics!G25)^2+(Scale_PCA_Mechanics!H2-Scale_PCA_Mechanics!H25)^2+(Scale_PCA_Mechanics!I2-Scale_PCA_Mechanics!I25)^2+(Scale_PCA_Mechanics!J2-Scale_PCA_Mechanics!J25)^2) | D24: =INDEX(KMeans_6_2!AA2:AA51,A24) | E24: =INDEX(KMeans_6_2!AA2:AA51,B24) | O24: =IF(OR(AND(D24=1,E24=2),AND(D24=2,E24=1)),C24,"") | P24: =IF(OR(AND(D24=1,E24=3),AND(D24=3,E24=1)),C24,"") | Q24: =IF(OR(AND(D24=2,E24=3),AND(D24=3,E24=2)),C24,"")
A25: 1 | B25: 25 | C25: =SQRT((Scale_PCA_Mechanics!G2-Scale_PCA_Mechanics!G26)^2+(Scale_PCA_Mechanics!H2-Scale_PCA_Mechanics!H26)^2+(Scale_PCA_Mechanics!I2-Scale_PCA_Mechanics!I26)^2+(Scale_PCA_Mechanics!J2-Scale_PCA_Mechanics!J26)^2) | D25: =INDEX(KMeans_6_2!AA2:AA51,A25) | E25: =INDEX(KMeans_6_2!AA2:AA51,B25) | O25: =IF(OR(AND(D25=1,E25=2),AND(D25=2,E25=1)),C25,"") | P25: =IF(OR(AND(D25=1,E25=3),AND(D25=3,E25=1)),C25,"") | Q25: =IF(OR(AND(D25=2,E25=3),AND(D25=3,E25=2)),C25,"")
A26: 1 | B26: 26 | C26: =SQRT((Scale_PCA_Mechanics!G2-Scale_PCA_Mechanics!G27)^2+(Scale_PCA_Mechanics!H2-Scale_PCA_Mechanics!H27)^2+(Scale_PCA_Mechanics!I2-Scale_PCA_Mechanics!I27)^2+(Scale_PCA_Mechanics!J2-Scale_PCA_Mechanics!J27)^2) | D26: =INDEX(KMeans_6_2!AA2:AA51,A26) | E26: =INDEX(KMeans_6_2!AA2:AA51,B26) | O26: =IF(OR(AND(D26=1,E26=2),AND(D26=2,E26=1)),C26,"") | P26: =IF(OR(AND(D26=1,E26=3),AND(D26=3,E26=1)),C26,"") | Q26: =IF(OR(AND(D26=2,E26=3),AND(D26=3,E26=2)),C26,"")
A27: 1 | B27: 27 | C27: =SQRT((Scale_PCA_Mechanics!G2-Scale_PCA_Mechanics!G28)^2+(Scale_PCA_Mechanics!H2-Scale_PCA_Mechanics!H28)^2+(Scale_PCA_Mechanics!I2-Scale_PCA_Mechanics!I28)^2+(Scale_PCA_Mechanics!J2-Scale_PCA_Mechanics!J28)^2) | D27: =INDEX(KMeans_6_2!AA2:AA51,A27) | E27: =INDEX(KMeans_6_2!AA2:AA51,B27) | O27: =IF(OR(AND(D27=1,E27=2),AND(D27=2,E27=1)),C27,"") | P27: =IF(OR(AND(D27=1,E27=3),AND(D27=3,E27=1)),C27,"") | Q27: =IF(OR(AND(D27=2,E27=3),AND(D27=3,E27=2)),C27,"")
A28: 1 | B28: 28 | C28: =SQRT((Scale_PCA_Mechanics!G2-Scale_PCA_Mechanics!G29)^2+(Scale_PCA_Mechanics!H2-Scale_PCA_Mechanics!H29)^2+(Scale_PCA_Mechanics!I2-Scale_PCA_Mechanics!I29)^2+(Scale_PCA_Mechanics!J2-Scale_PCA_Mechanics!J29)^2) | D28: =INDEX(KMeans_6_2!AA2:AA51,A28) | E28: =INDEX(KMeans_6_2!AA2:AA51,B28) | O28: =IF(OR(AND(D28=1,E28=2),AND(D28=2,E28=1)),C28,"") | P28: =IF(OR(AND(D28=1,E28=3),AND(D28=3,E28=1)),C28,"") | Q28: =IF(OR(AND(D28=2,E28=3),AND(D28=3,E28=2)),C28,"")
A29: 1 | B29: 29 | C29: =SQRT((Scale_PCA_Mechanics!G2-Scale_PCA_Mechanics!G30)^2+(Scale_PCA_Mechanics!H2-Scale_PCA_Mechanics!H30)^2+(Scale_PCA_Mechanics!I2-Scale_PCA_Mechanics!I30)^2+(Scale_PCA_Mechanics!J2-Scale_PCA_Mechanics!J30)^2) | D29: =INDEX(KMeans_6_2!AA2:AA51,A29) | E29: =INDEX(KMeans_6_2!AA2:AA51,B29) | O29: =IF(OR(AND(D29=1,E29=2),AND(D29=2,E29=1)),C29,"") | P29: =IF(OR(AND(D29=1,E29=3),AND(D29=3,E29=1)),C29,"") | Q29: =IF(OR(AND(D29=2,E29=3),AND(D29=3,E29=2)),C29,"")
A30: 1 | B30: 30 | C30: =SQRT((Scale_PCA_Mechanics!G2-Scale_PCA_Mechanics!G31)^2+(Scale_PCA_Mechanics!H2-Scale_PCA_Mechanics!H31)^2+(Scale_PCA_Mechanics!I2-Scale_PCA_Mechanics!I31)^2+(Scale_PCA_Mechanics!J2-Scale_PCA_Mechanics!J31)^2) | D30: =INDEX(KMeans_6_2!AA2:AA51,A30) | E30: =INDEX(KMeans_6_2!AA2:AA51,B30) | O30: =IF(OR(AND(D30=1,E30=2),AND(D30=2,E30=1)),C30,"") | P30: =IF(OR(AND(D30=1,E30=3),AND(D30=3,E30=1)),C30,"") | Q30: =IF(OR(AND(D30=2,E30=3),AND(D30=3,E30=2)),C30,"")
A31: 1 | B31: 31 | C31: =SQRT((Scale_PCA_Mechanics!G2-Scale_PCA_Mechanics!G32)^2+(Scale_PCA_Mechanics!H2-Scale_PCA_Mechanics!H32)^2+(Scale_PCA_Mechanics!I2-Scale_PCA_Mechanics!I32)^2+(Scale_PCA_Mechanics!J2-Scale_PCA_Mechanics!J32)^2) | D31: =INDEX(KMeans_6_2!AA2:AA51,A31) | E31: =INDEX(KMeans_6_2!AA2:AA51,B31) | O31: =IF(OR(AND(D31=1,E31=2),AND(D31=2,E31=1)),C31,"") | P31: =IF(OR(AND(D31=1,E31=3),AND(D31=3,E31=1)),C31,"") | Q31: =IF(OR(AND(D31=2,E31=3),AND(D31=3,E31=2)),C31,"")
A32: 1 | B32: 32 | C32: =SQRT((Scale_PCA_Mechanics!G2-Scale_PCA_Mechanics!G33)^2+(Scale_PCA_Mechanics!H2-Scale_PCA_Mechanics!H33)^2+(Scale_PCA_Mechanics!I2-Scale_PCA_Mechanics!I33)^2+(Scale_PCA_Mechanics!J2-Scale_PCA_Mechanics!J33)^2) | D32: =INDEX(KMeans_6_2!AA2:AA51,A32) | E32: =INDEX(KMeans_6_2!AA2:AA51,B32) | O32: =IF(OR(AND(D32=1,E32=2),AND(D32=2,E32=1)),C32,"") | P32: =IF(OR(AND(D32=1,E32=3),AND(D32=3,E32=1)),C32,"") | Q32: =IF(OR(AND(D32=2,E32=3),AND(D32=3,E32=2)),C32,"")
A33: 1 | B33: 33 | C33: =SQRT((Scale_PCA_Mechanics!G2-Scale_PCA_Mechanics!G34)^2+(Scale_PCA_Mechanics!H2-Scale_PCA_Mechanics!H34)^2+(Scale_PCA_Mechanics!I2-Scale_PCA_Mechanics!I34)^2+(Scale_PCA_Mechanics!J2-Scale_PCA_Mechanics!J34)^2) | D33: =INDEX(KMeans_6_2!AA2:AA51,A33) | E33: =INDEX(KMeans_6_2!AA2:AA51,B33) | O33: =IF(OR(AND(D33=1,E33=2),AND(D33=2,E33=1)),C33,"") | P33: =IF(OR(AND(D33=1,E33=3),AND(D33=3,E33=1)),C33,"") | Q33: =IF(OR(AND(D33=2,E33=3),AND(D33=3,E33=2)),C33,"")
A34: 1 | B34: 34 | C34: =SQRT((Scale_PCA_Mechanics!G2-Scale_PCA_Mechanics!G35)^2+(Scale_PCA_Mechanics!H2-Scale_PCA_Mechanics!H35)^2+(Scale_PCA_Mechanics!I2-Scale_PCA_Mechanics!I35)^2+(Scale_PCA_Mechanics!J2-Scale_PCA_Mechanics!J35)^2) | D34: =INDEX(KMeans_6_2!AA2:AA51,A34) | E34: =INDEX(KMeans_6_2!AA2:AA51,B34) | O34: =IF(OR(AND(D34=1,E34=2),AND(D34=2,E34=1)),C34,"") | P34: =IF(OR(AND(D34=1,E34=3),AND(D34=3,E34=1)),C34,"") | Q34: =IF(OR(AND(D34=2,E34=3),AND(D34=3,E34=2)),C34,"")
A35: 1 | B35: 35 | C35: =SQRT((Scale_PCA_Mechanics!G2-Scale_PCA_Mechanics!G36)^2+(Scale_PCA_Mechanics!H2-Scale_PCA_Mechanics!H36)^2+(Scale_PCA_Mechanics!I2-Scale_PCA_Mechanics!I36)^2+(Scale_PCA_Mechanics!J2-Scale_PCA_Mechanics!J36)^2) | D35: =INDEX(KMeans_6_2!AA2:AA51,A35) | E35: =INDEX(KMeans_6_2!AA2:AA51,B35) | O35: =IF(OR(AND(D35=1,E35=2),AND(D35=2,E35=1)),C35,"") | P35: =IF(OR(AND(D35=1,E35=3),AND(D35=3,E35=1)),C35,"") | Q35: =IF(OR(AND(D35=2,E35=3),AND(D35=3,E35=2)),C35,"")
A36: 1 | B36: 36 | C36: =SQRT((Scale_PCA_Mechanics!G2-Scale_PCA_Mechanics!G37)^2+(Scale_PCA_Mechanics!H2-Scale_PCA_Mechanics!H37)^2+(Scale_PCA_Mechanics!I2-Scale_PCA_Mechanics!I37)^2+(Scale_PCA_Mechanics!J2-Scale_PCA_Mechanics!J37)^2) | D36: =INDEX(KMeans_6_2!AA2:AA51,A36) | E36: =INDEX(KMeans_6_2!AA2:AA51,B36) | O36: =IF(OR(AND(D36=1,E36=2),AND(D36=2,E36=1)),C36,"") | P36: =IF(OR(AND(D36=1,E36=3),AND(D36=3,E36=1)),C36,"") | Q36: =IF(OR(AND(D36=2,E36=3),AND(D36=3,E36=2)),C36,"")
A37: 1 | B37: 37 | C37: =SQRT((Scale_PCA_Mechanics!G2-Scale_PCA_Mechanics!G38)^2+(Scale_PCA_Mechanics!H2-Scale_PCA_Mechanics!H38)^2+(Scale_PCA_Mechanics!I2-Scale_PCA_Mechanics!I38)^2+(Scale_PCA_Mechanics!J2-Scale_PCA_Mechanics!J38)^2) | D37: =INDEX(KMeans_6_2!AA2:AA51,A37) | E37: =INDEX(KMeans_6_2!AA2:AA51,B37) | O37: =IF(OR(AND(D37=1,E37=2),AND(D37=2,E37=1)),C37,"") | P37: =IF(OR(AND(D37=1,E37=3),AND(D37=3,E37=1)),C37,"") | Q37: =IF(OR(AND(D37=2,E37=3),AND(D37=3,E37=2)),C37,"")
A38: 1 | B38: 38 | C38: =SQRT((Scale_PCA_Mechanics!G2-Scale_PCA_Mechanics!G39)^2+(Scale_PCA_Mechanics!H2-Scale_PCA_Mechanics!H39)^2+(Scale_PCA_Mechanics!I2-Scale_PCA_Mechanics!I39)^2+(Scale_PCA_Mechanics!J2-Scale_PCA_Mechanics!J39)^2) | D38: =INDEX(KMeans_6_2!AA2:AA51,A38) | E38: =INDEX(KMeans_6_2!AA2:AA51,B38) | O38: =IF(OR(AND(D38=1,E38=2),AND(D38=2,E38=1)),C38,"") | P38: =IF(OR(AND(D38=1,E38=3),AND(D38=3,E38=1)),C38,"") | Q38: =IF(OR(AND(D38=2,E38=3),AND(D38=3,E38=2)),C38,"")
A39: 1 | B39: 39 | C39: =SQRT((Scale_PCA_Mechanics!G2-Scale_PCA_Mechanics!G40)^2+(Scale_PCA_Mechanics!H2-Scale_PCA_Mechanics!H40)^2+(Scale_PCA_Mechanics!I2-Scale_PCA_Mechanics!I40)^2+(Scale_PCA_Mechanics!J2-Scale_PCA_Mechanics!J40)^2) | D39: =INDEX(KMeans_6_2!AA2:AA51,A39) | E39: =INDEX(KMeans_6_2!AA2:AA51,B39) | O39: =IF(OR(AND(D39=1,E39=2),AND(D39=2,E39=1)),C39,"") | P39: =IF(OR(AND(D39=1,E39=3),AND(D39=3,E39=1)),C39,"") | Q39: =IF(OR(AND(D39=2,E39=3),AND(D39=3,E39=2)),C39,"")
A40: 1 | B40: 40 | C40: =SQRT((Scale_PCA_Mechanics!G2-Scale_PCA_Mechanics!G41)^2+(Scale_PCA_Mechanics!H2-Scale_PCA_Mechanics!H41)^2+(Scale_PCA_Mechanics!I2-Scale_PCA_Mechanics!I41)^2+(Scale_PCA_Mechanics!J2-Scale_PCA_Mechanics!J41)^2) | D40: =INDEX(KMeans_6_2!AA2:AA51,A40) | E40: =INDEX(KMeans_6_2!AA2:AA51,B40) | O40: =IF(OR(AND(D40=1,E40=2),AND(D40=2,E40=1)),C40,"") | P40: =IF(OR(AND(D40=1,E40=3),AND(D40=3,E40=1)),C40,"") | Q40: =IF(OR(AND(D40=2,E40=3),AND(D40=3,E40=2)),C40,"")
A41: 1 | B41: 41 | C41: =SQRT((Scale_PCA_Mechanics!G2-Scale_PCA_Mechanics!G42)^2+(Scale_PCA_Mechanics!H2-Scale_PCA_Mechanics!H42)^2+(Scale_PCA_Mechanics!I2-Scale_PCA_Mechanics!I42)^2+(Scale_PCA_Mechanics!J2-Scale_PCA_Mechanics!J42)^2) | D41: =INDEX(KMeans_6_2!AA2:AA51,A41) | E41: =INDEX(KMeans_6_2!AA2:AA51,B41) | O41: =IF(OR(AND(D41=1,E41=2),AND(D41=2,E41=1)),C41,"") | P41: =IF(OR(AND(D41=1,E41=3),AND(D41=3,E41=1)),C41,"") | Q41: =IF(OR(AND(D41=2,E41=3),AND(D41=3,E41=2)),C41,"")
A42: 1 | B42: 42 | C42: =SQRT((Scale_PCA_Mechanics!G2-Scale_PCA_Mechanics!G43)^2+(Scale_PCA_Mechanics!H2-Scale_PCA_Mechanics!H43)^2+(Scale_PCA_Mechanics!I2-Scale_PCA_Mechanics!I43)^2+(Scale_PCA_Mechanics!J2-Scale_PCA_Mechanics!J43)^2) | D42: =INDEX(KMeans_6_2!AA2:AA51,A42) | E42: =INDEX(KMeans_6_2!AA2:AA51,B42) | O42: =IF(OR(AND(D42=1,E42=2),AND(D42=2,E42=1)),C42,"") | P42: =IF(OR(AND(D42=1,E42=3),AND(D42=3,E42=1)),C42,"") | Q42: =IF(OR(AND(D42=2,E42=3),AND(D42=3,E42=2)),C42,"")
A43: 1 | B43: 43 | C43: =SQRT((Scale_PCA_Mechanics!G2-Scale_PCA_Mechanics!G44)^2+(Scale_PCA_Mechanics!H2-Scale_PCA_Mechanics!H44)^2+(Scale_PCA_Mechanics!I2-Scale_PCA_Mechanics!I44)^2+(Scale_PCA_Mechanics!J2-Scale_PCA_Mechanics!J44)^2) | D43: =INDEX(KMeans_6_2!AA2:AA51,A43) | E43: =INDEX(KMeans_6_2!AA2:AA51,B43) | O43: =IF(OR(AND(D43=1,E43=2),AND(D43=2,E43=1)),C43,"") | P43: =IF(OR(AND(D43=1,E43=3),AND(D43=3,E43=1)),C43,"") | Q43: =IF(OR(AND(D43=2,E43=3),AND(D43=3,E43=2)),C43,"")
A44: 1 | B44: 44 | C44: =SQRT((Scale_PCA_Mechanics!G2-Scale_PCA_Mechanics!G45)^2+(Scale_PCA_Mechanics!H2-Scale_PCA_Mechanics!H45)^2+(Scale_PCA_Mechanics!I2-Scale_PCA_Mechanics!I45)^2+(Scale_PCA_Mechanics!J2-Scale_PCA_Mechanics!J45)^2) | D44: =INDEX(KMeans_6_2!AA2:AA51,A44) | E44: =INDEX(KMeans_6_2!AA2:AA51,B44) | O44: =IF(OR(AND(D44=1,E44=2),AND(D44=2,E44=1)),C44,"") | P44: =IF(OR(AND(D44=1,E44=3),AND(D44=3,E44=1)),C44,"") | Q44: =IF(OR(AND(D44=2,E44=3),AND(D44=3,E44=2)),C44,"")
A45: 1 | B45: 45 | C45: =SQRT((Scale_PCA_Mechanics!G2-Scale_PCA_Mechanics!G46)^2+(Scale_PCA_Mechanics!H2-Scale_PCA_Mechanics!H46)^2+(Scale_PCA_Mechanics!I2-Scale_PCA_Mechanics!I46)^2+(Scale_PCA_Mechanics!J2-Scale_PCA_Mechanics!J46)^2) | D45: =INDEX(KMeans_6_2!AA2:AA51,A45) | E45: =INDEX(KMeans_6_2!AA2:AA51,B45) | O45: =IF(OR(AND(D45=1,E45=2),AND(D45=2,E45=1)),C45,"") | P45: =IF(OR(AND(D45=1,E45=3),AND(D45=3,E45=1)),C45,"") | Q45: =IF(OR(AND(D45=2,E45=3),AND(D45=3,E45=2)),C45,"")
A46: 1 | B46: 46 | C46: =SQRT((Scale_PCA_Mechanics!G2-Scale_PCA_Mechanics!G47)^2+(Scale_PCA_Mechanics!H2-Scale_PCA_Mechanics!H47)^2+(Scale_PCA_Mechanics!I2-Scale_PCA_Mechanics!I47)^2+(Scale_PCA_Mechanics!J2-Scale_PCA_Mechanics!J47)^2) | D46: =INDEX(KMeans_6_2!AA2:AA51,A46) | E46: =INDEX(KMeans_6_2!AA2:AA51,B46) | O46: =IF(OR(AND(D46=1,E46=2),AND(D46=2,E46=1)),C46,"") | P46: =IF(OR(AND(D46=1,E46=3),AND(D46=3,E46=1)),C46,"") | Q46: =IF(OR(AND(D46=2,E46=3),AND(D46=3,E46=2)),C46,"")
A47: 1 | B47: 47 | C47: =SQRT((Scale_PCA_Mechanics!G2-Scale_PCA_Mechanics!G48)^2+(Scale_PCA_Mechanics!H2-Scale_PCA_Mechanics!H48)^2+(Scale_PCA_Mechanics!I2-Scale_PCA_Mechanics!I48)^2+(Scale_PCA_Mechanics!J2-Scale_PCA_Mechanics!J48)^2) | D47: =INDEX(KMeans_6_2!AA2:AA51,A47) | E47: =INDEX(KMeans_6_2!AA2:AA51,B47) | O47: =IF(OR(AND(D47=1,E47=2),AND(D47=2,E47=1)),C47,"") | P47: =IF(OR(AND(D47=1,E47=3),AND(D47=3,E47=1)),C47,"") | Q47: =IF(OR(AND(D47=2,E47=3),AND(D47=3,E47=2)),C47,"")
A48: 1 | B48: 48 | C48: =SQRT((Scale_PCA_Mechanics!G2-Scale_PCA_Mechanics!G49)^2+(Scale_PCA_Mechanics!H2-Scale_PCA_Mechanics!H49)^2+(Scale_PCA_Mechanics!I2-Scale_PCA_Mechanics!I49)^2+(Scale_PCA_Mechanics!J2-Scale_PCA_Mechanics!J49)^2) | D48: =INDEX(KMeans_6_2!AA2:AA51,A48) | E48: =INDEX(KMeans_6_2!AA2:AA51,B48) | O48: =IF(OR(AND(D48=1,E48=2),AND(D48=2,E48=1)),C48,"") | P48: =IF(OR(AND(D48=1,E48=3),AND(D48=3,E48=1)),C48,"") | Q48: =IF(OR(AND(D48=2,E48=3),AND(D48=3,E48=2)),C48,"")
A49: 1 | B49: 49 | C49: =SQRT((Scale_PCA_Mechanics!G2-Scale_PCA_Mechanics!G50)^2+(Scale_PCA_Mechanics!H2-Scale_PCA_Mechanics!H50)^2+(Scale_PCA_Mechanics!I2-Scale_PCA_Mechanics!I50)^2+(Scale_PCA_Mechanics!J2-Scale_PCA_Mechanics!J50)^2) | D49: =INDEX(KMeans_6_2!AA2:AA51,A49) | E49: =INDEX(KMeans_6_2!AA2:AA51,B49) | O49: =IF(OR(AND(D49=1,E49=2),AND(D49=2,E49=1)),C49,"") | P49: =IF(OR(AND(D49=1,E49=3),AND(D49=3,E49=1)),C49,"") | Q49: =IF(OR(AND(D49=2,E49=3),AND(D49=3,E49=2)),C49,"")
A50: 1 | B50: 50 | C50: =SQRT((Scale_PCA_Mechanics!G2-Scale_PCA_Mechanics!G51)^2+(Scale_PCA_Mechanics!H2-Scale_PCA_Mechanics!H51)^2+(Scale_PCA_Mechanics!I2-Scale_PCA_Mechanics!I51)^2+(Scale_PCA_Mechanics!J2-Scale_PCA_Mechanics!J51)^2) | D50: =INDEX(KMeans_6_2!AA2:AA51,A50) | E50: =INDEX(KMeans_6_2!AA2:AA51,B50) | O50: =IF(OR(AND(D50=1,E50=2),AND(D50=2,E50=1)),C50,"") | P50: =IF(OR(AND(D50=1,E50=3),AND(D50=3,E50=1)),C50,"") | Q50: =IF(OR(AND(D50=2,E50=3),AND(D50=3,E50=2)),C50,"")
A51: 2 | B51: 3 | C51: =SQRT((Scale_PCA_Mechanics!G3-Scale_PCA_Mechanics!G4)^2+(Scale_PCA_Mechanics!H3-Scale_PCA_Mechanics!H4)^2+(Scale_PCA_Mechanics!I3-Scale_PCA_Mechanics!I4)^2+(Scale_PCA_Mechanics!J3-Scale_PCA_Mechanics!J4)^2) | D51: =INDEX(KMeans_6_2!AA2:AA51,A51) | E51: =INDEX(KMeans_6_2!AA2:AA51,B51) | O51: =IF(OR(AND(D51=1,E51=2),AND(D51=2,E51=1)),C51,"") | P51: =IF(OR(AND(D51=1,E51=3),AND(D51=3,E51=1)),C51,"") | Q51: =IF(OR(AND(D51=2,E51=3),AND(D51=3,E51=2)),C51,"")
A52: 2 | B52: 4 | C52: =SQRT((Scale_PCA_Mechanics!G3-Scale_PCA_Mechanics!G5)^2+(Scale_PCA_Mechanics!H3-Scale_PCA_Mechanics!H5)^2+(Scale_PCA_Mechanics!I3-Scale_PCA_Mechanics!I5)^2+(Scale_PCA_Mechanics!J3-Scale_PCA_Mechanics!J5)^2) | D52: =INDEX(KMeans_6_2!AA2:AA51,A52) | E52: =INDEX(KMeans_6_2!AA2:AA51,B52) | O52: =IF(OR(AND(D52=1,E52=2),AND(D52=2,E52=1)),C52,"") | P52: =IF(OR(AND(D52=1,E52=3),AND(D52=3,E52=1)),C52,"") | Q52: =IF(OR(AND(D52=2,E52=3),AND(D52=3,E52=2)),C52,"")
A53: 2 | B53: 5 | C53: =SQRT((Scale_PCA_Mechanics!G3-Scale_PCA_Mechanics!G6)^2+(Scale_PCA_Mechanics!H3-Scale_PCA_Mechanics!H6)^2+(Scale_PCA_Mechanics!I3-Scale_PCA_Mechanics!I6)^2+(Scale_PCA_Mechanics!J3-Scale_PCA_Mechanics!J6)^2) | D53: =INDEX(KMeans_6_2!AA2:AA51,A53) | E53: =INDEX(KMeans_6_2!AA2:AA51,B53) | O53: =IF(OR(AND(D53=1,E53=2),AND(D53=2,E53=1)),C53,"") | P53: =IF(OR(AND(D53=1,E53=3),AND(D53=3,E53=1)),C53,"") | Q53: =IF(OR(AND(D53=2,E53=3),AND(D53=3,E53=2)),C53,"")
A54: 2 | B54: 6 | C54: =SQRT((Scale_PCA_Mechanics!G3-Scale_PCA_Mechanics!G7)^2+(Scale_PCA_Mechanics!H3-Scale_PCA_Mechanics!H7)^2+(Scale_PCA_Mechanics!I3-Scale_PCA_Mechanics!I7)^2+(Scale_PCA_Mechanics!J3-Scale_PCA_Mechanics!J7)^2) | D54: =INDEX(KMeans_6_2!AA2:AA51,A54) | E54: =INDEX(KMeans_6_2!AA2:AA51,B54) | O54: =IF(OR(AND(D54=1,E54=2),AND(D54=2,E54=1)),C54,"") | P54: =IF(OR(AND(D54=1,E54=3),AND(D54=3,E54=1)),C54,"") | Q54: =IF(OR(AND(D54=2,E54=3),AND(D54=3,E54=2)),C54,"")
A55: 2 | B55: 7 | C55: =SQRT((Scale_PCA_Mechanics!G3-Scale_PCA_Mechanics!G8)^2+(Scale_PCA_Mechanics!H3-Scale_PCA_Mechanics!H8)^2+(Scale_PCA_Mechanics!I3-Scale_PCA_Mechanics!I8)^2+(Scale_PCA_Mechanics!J3-Scale_PCA_Mechanics!J8)^2) | D55: =INDEX(KMeans_6_2!AA2:AA51,A55) | E55: =INDEX(KMeans_6_2!AA2:AA51,B55) | O55: =IF(OR(AND(D55=1,E55=2),AND(D55=2,E55=1)),C55,"") | P55: =IF(OR(AND(D55=1,E55=3),AND(D55=3,E55=1)),C55,"") | Q55: =IF(OR(AND(D55=2,E55=3),AND(D55=3,E55=2)),C55,"")
A56: 2 | B56: 8 | C56: =SQRT((Scale_PCA_Mechanics!G3-Scale_PCA_Mechanics!G9)^2+(Scale_PCA_Mechanics!H3-Scale_PCA_Mechanics!H9)^2+(Scale_PCA_Mechanics!I3-Scale_PCA_Mechanics!I9)^2+(Scale_PCA_Mechanics!J3-Scale_PCA_Mechanics!J9)^2) | D56: =INDEX(KMeans_6_2!AA2:AA51,A56) | E56: =INDEX(KMeans_6_2!AA2:AA51,B56) | O56: =IF(OR(AND(D56=1,E56=2),AND(D56=2,E56=1)),C56,"") | P56: =IF(OR(AND(D56=1,E56=3),AND(D56=3,E56=1)),C56,"") | Q56: =IF(OR(AND(D56=2,E56=3),AND(D56=3,E56=2)),C56,"")
A57: 2 | B57: 9 | C57: =SQRT((Scale_PCA_Mechanics!G3-Scale_PCA_Mechanics!G10)^2+(Scale_PCA_Mechanics!H3-Scale_PCA_Mechanics!H10)^2+(Scale_PCA_Mechanics!I3-Scale_PCA_Mechanics!I10)^2+(Scale_PCA_Mechanics!J3-Scale_PCA_Mechanics!J10)^2) | D57: =INDEX(KMeans_6_2!AA2:AA51,A57) | E57: =INDEX(KMeans_6_2!AA2:AA51,B57) | O57: =IF(OR(AND(D57=1,E57=2),AND(D57=2,E57=1)),C57,"") | P57: =IF(OR(AND(D57=1,E57=3),AND(D57=3,E57=1)),C57,"") | Q57: =IF(OR(AND(D57=2,E57=3),AND(D57=3,E57=2)),C57,"")
A58: 2 | B58: 10 | C58: =SQRT((Scale_PCA_Mechanics!G3-Scale_PCA_Mechanics!G11)^2+(Scale_PCA_Mechanics!H3-Scale_PCA_Mechanics!H11)^2+(Scale_PCA_Mechanics!I3-Scale_PCA_Mechanics!I11)^2+(Scale_PCA_Mechanics!J3-Scale_PCA_Mechanics!J11)^2) | D58: =INDEX(KMeans_6_2!AA2:AA51,A58) | E58: =INDEX(KMeans_6_2!AA2:AA51,B58) | O58: =IF(OR(AND(D58=1,E58=2),AND(D58=2,E58=1)),C58,"") | P58: =IF(OR(AND(D58=1,E58=3),AND(D58=3,E58=1)),C58,"") | Q58: =IF(OR(AND(D58=2,E58=3),AND(D58=3,E58=2)),C58,"")
A59: 2 | B59: 11 | C59: =SQRT((Scale_PCA_Mechanics!G3-Scale_PCA_Mechanics!G12)^2+(Scale_PCA_Mechanics!H3-Scale_PCA_Mechanics!H12)^2+(Scale_PCA_Mechanics!I3-Scale_PCA_Mechanics!I12)^2+(Scale_PCA_Mechanics!J3-Scale_PCA_Mechanics!J12)^2) | D59: =INDEX(KMeans_6_2!AA2:AA51,A59) | E59: =INDEX(KMeans_6_2!AA2:AA51,B59) | O59: =IF(OR(AND(D59=1,E59=2),AND(D59=2,E59=1)),C59,"") | P59: =IF(OR(AND(D59=1,E59=3),AND(D59=3,E59=1)),C59,"") | Q59: =IF(OR(AND(D59=2,E59=3),AND(D59=3,E59=2)),C59,"")
A60: 2 | B60: 12 | C60: =SQRT((Scale_PCA_Mechanics!G3-Scale_PCA_Mechanics!G13)^2+(Scale_PCA_Mechanics!H3-Scale_PCA_Mechanics!H13)^2+(Scale_PCA_Mechanics!I3-Scale_PCA_Mechanics!I13)^2+(Scale_PCA_Mechanics!J3-Scale_PCA_Mechanics!J13)^2) | D60: =INDEX(KMeans_6_2!AA2:AA51,A60) | E60: =INDEX(KMeans_6_2!AA2:AA51,B60) | O60: =IF(OR(AND(D60=1,E60=2),AND(D60=2,E60=1)),C60,"") | P60: =IF(OR(AND(D60=1,E60=3),AND(D60=3,E60=1)),C60,"") | Q60: =IF(OR(AND(D60=2,E60=3),AND(D60=3,E60=2)),C60,"")
A61: 2 | B61: 13 | C61: =SQRT((Scale_PCA_Mechanics!G3-Scale_PCA_Mechanics!G14)^2+(Scale_PCA_Mechanics!H3-Scale_PCA_Mechanics!H14)^2+(Scale_PCA_Mechanics!I3-Scale_PCA_Mechanics!I14)^2+(Scale_PCA_Mechanics!J3-Scale_PCA_Mechanics!J14)^2) | D61: =INDEX(KMeans_6_2!AA2:AA51,A61) | E61: =INDEX(KMeans_6_2!AA2:AA51,B61) | O61: =IF(OR(AND(D61=1,E61=2),AND(D61=2,E61=1)),C61,"") | P61: =IF(OR(AND(D61=1,E61=3),AND(D61=3,E61=1)),C61,"") | Q61: =IF(OR(AND(D61=2,E61=3),AND(D61=3,E61=2)),C61,"")
A62: 2 | B62: 14 | C62: =SQRT((Scale_PCA_Mechanics!G3-Scale_PCA_Mechanics!G15)^2+(Scale_PCA_Mechanics!H3-Scale_PCA_Mechanics!H15)^2+(Scale_PCA_Mechanics!I3-Scale_PCA_Mechanics!I15)^2+(Scale_PCA_Mechanics!J3-Scale_PCA_Mechanics!J15)^2) | D62: =INDEX(KMeans_6_2!AA2:AA51,A62) | E62: =INDEX(KMeans_6_2!AA2:AA51,B62) | O62: =IF(OR(AND(D62=1,E62=2),AND(D62=2,E62=1)),C62,"") | P62: =IF(OR(AND(D62=1,E62=3),AND(D62=3,E62=1)),C62,"") | Q62: =IF(OR(AND(D62=2,E62=3),AND(D62=3,E62=2)),C62,"")
A63: 2 | B63: 15 | C63: =SQRT((Scale_PCA_Mechanics!G3-Scale_PCA_Mechanics!G16)^2+(Scale_PCA_Mechanics!H3-Scale_PCA_Mechanics!H16)^2+(Scale_PCA_Mechanics!I3-Scale_PCA_Mechanics!I16)^2+(Scale_PCA_Mechanics!J3-Scale_PCA_Mechanics!J16)^2) | D63: =INDEX(KMeans_6_2!AA2:AA51,A63) | E63: =INDEX(KMeans_6_2!AA2:AA51,B63) | O63: =IF(OR(AND(D63=1,E63=2),AND(D63=2,E63=1)),C63,"") | P63: =IF(OR(AND(D63=1,E63=3),AND(D63=3,E63=1)),C63,"") | Q63: =IF(OR(AND(D63=2,E63=3),AND(D63=3,E63=2)),C63,"")
A64: 2 | B64: 16 | C64: =SQRT((Scale_PCA_Mechanics!G3-Scale_PCA_Mechanics!G17)^2+(Scale_PCA_Mechanics!H3-Scale_PCA_Mechanics!H17)^2+(Scale_PCA_Mechanics!I3-Scale_PCA_Mechanics!I17)^2+(Scale_PCA_Mechanics!J3-Scale_PCA_Mechanics!J17)^2) | D64: =INDEX(KMeans_6_2!AA2:AA51,A64) | E64: =INDEX(KMeans_6_2!AA2:AA51,B64) | O64: =IF(OR(AND(D64=1,E64=2),AND(D64=2,E64=1)),C64,"") | P64: =IF(OR(AND(D64=1,E64=3),AND(D64=3,E64=1)),C64,"") | Q64: =IF(OR(AND(D64=2,E64=3),AND(D64=3,E64=2)),C64,"")
A65: 2 | B65: 17 | C65: =SQRT((Scale_PCA_Mechanics!G3-Scale_PCA_Mechanics!G18)^2+(Scale_PCA_Mechanics!H3-Scale_PCA_Mechanics!H18)^2+(Scale_PCA_Mechanics!I3-Scale_PCA_Mechanics!I18)^2+(Scale_PCA_Mechanics!J3-Scale_PCA_Mechanics!J18)^2) | D65: =INDEX(KMeans_6_2!AA2:AA51,A65) | E65: =INDEX(KMeans_6_2!AA2:AA51,B65) | O65: =IF(OR(AND(D65=1,E65=2),AND(D65=2,E65=1)),C65,"") | P65: =IF(OR(AND(D65=1,E65=3),AND(D65=3,E65=1)),C65,"") | Q65: =IF(OR(AND(D65=2,E65=3),AND(D65=3,E65=2)),C65,"")
A66: 2 | B66: 18 | C66: =SQRT((Scale_PCA_Mechanics!G3-Scale_PCA_Mechanics!G19)^2+(Scale_PCA_Mechanics!H3-Scale_PCA_Mechanics!H19)^2+(Scale_PCA_Mechanics!I3-Scale_PCA_Mechanics!I19)^2+(Scale_PCA_Mechanics!J3-Scale_PCA_Mechanics!J19)^2) | D66: =INDEX(KMeans_6_2!AA2:AA51,A66) | E66: =INDEX(KMeans_6_2!AA2:AA51,B66) | O66: =IF(OR(AND(D66=1,E66=2),AND(D66=2,E66=1)),C66,"") | P66: =IF(OR(AND(D66=1,E66=3),AND(D66=3,E66=1)),C66,"") | Q66: =IF(OR(AND(D66=2,E66=3),AND(D66=3,E66=2)),C66,"")
A67: 2 | B67: 19 | C67: =SQRT((Scale_PCA_Mechanics!G3-Scale_PCA_Mechanics!G20)^2+(Scale_PCA_Mechanics!H3-Scale_PCA_Mechanics!H20)^2+(Scale_PCA_Mechanics!I3-Scale_PCA_Mechanics!I20)^2+(Scale_PCA_Mechanics!J3-Scale_PCA_Mechanics!J20)^2) | D67: =INDEX(KMeans_6_2!AA2:AA51,A67) | E67: =INDEX(KMeans_6_2!AA2:AA51,B67) | O67: =IF(OR(AND(D67=1,E67=2),AND(D67=2,E67=1)),C67,"") | P67: =IF(OR(AND(D67=1,E67=3),AND(D67=3,E67=1)),C67,"") | Q67: =IF(OR(AND(D67=2,E67=3),AND(D67=3,E67=2)),C67,"")
A68: 2 | B68: 20 | C68: =SQRT((Scale_PCA_Mechanics!G3-Scale_PCA_Mechanics!G21)^2+(Scale_PCA_Mechanics!H3-Scale_PCA_Mechanics!H21)^2+(Scale_PCA_Mechanics!I3-Scale_PCA_Mechanics!I21)^2+(Scale_PCA_Mechanics!J3-Scale_PCA_Mechanics!J21)^2) | D68: =INDEX(KMeans_6_2!AA2:AA51,A68) | E68: =INDEX(KMeans_6_2!AA2:AA51,B68) | O68: =IF(OR(AND(D68=1,E68=2),AND(D68=2,E68=1)),C68,"") | P68: =IF(OR(AND(D68=1,E68=3),AND(D68=3,E68=1)),C68,"") | Q68: =IF(OR(AND(D68=2,E68=3),AND(D68=3,E68=2)),C68,"")
A69: 2 | B69: 21 | C69: =SQRT((Scale_PCA_Mechanics!G3-Scale_PCA_Mechanics!G22)^2+(Scale_PCA_Mechanics!H3-Scale_PCA_Mechanics!H22)^2+(Scale_PCA_Mechanics!I3-Scale_PCA_Mechanics!I22)^2+(Scale_PCA_Mechanics!J3-Scale_PCA_Mechanics!J22)^2) | D69: =INDEX(KMeans_6_2!AA2:AA51,A69) | E69: =INDEX(KMeans_6_2!AA2:AA51,B69) | O69: =IF(OR(AND(D69=1,E69=2),AND(D69=2,E69=1)),C69,"") | P69: =IF(OR(AND(D69=1,E69=3),AND(D69=3,E69=1)),C69,"") | Q69: =IF(OR(AND(D69=2,E69=3),AND(D69=3,E69=2)),C69,"")
A70: 2 | B70: 22 | C70: =SQRT((Scale_PCA_Mechanics!G3-Scale_PCA_Mechanics!G23)^2+(Scale_PCA_Mechanics!H3-Scale_PCA_Mechanics!H23)^2+(Scale_PCA_Mechanics!I3-Scale_PCA_Mechanics!I23)^2+(Scale_PCA_Mechanics!J3-Scale_PCA_Mechanics!J23)^2) | D70: =INDEX(KMeans_6_2!AA2:AA51,A70) | E70: =INDEX(KMeans_6_2!AA2:AA51,B70) | O70: =IF(OR(AND(D70=1,E70=2),AND(D70=2,E70=1)),C70,"") | P70: =IF(OR(AND(D70=1,E70=3),AND(D70=3,E70=1)),C70,"") | Q70: =IF(OR(AND(D70=2,E70=3),AND(D70=3,E70=2)),C70,"")
A71: 2 | B71: 23 | C71: =SQRT((Scale_PCA_Mechanics!G3-Scale_PCA_Mechanics!G24)^2+(Scale_PCA_Mechanics!H3-Scale_PCA_Mechanics!H24)^2+(Scale_PCA_Mechanics!I3-Scale_PCA_Mechanics!I24)^2+(Scale_PCA_Mechanics!J3-Scale_PCA_Mechanics!J24)^2) | D71: =INDEX(KMeans_6_2!AA2:AA51,A71) | E71: =INDEX(KMeans_6_2!AA2:AA51,B71) | O71: =IF(OR(AND(D71=1,E71=2),AND(D71=2,E71=1)),C71,"") | P71: =IF(OR(AND(D71=1,E71=3),AND(D71=3,E71=1)),C71,"") | Q71: =IF(OR(AND(D71=2,E71=3),AND(D71=3,E71=2)),C71,"")
A72: 2 | B72: 24 | C72: =SQRT((Scale_PCA_Mechanics!G3-Scale_PCA_Mechanics!G25)^2+(Scale_PCA_Mechanics!H3-Scale_PCA_Mechanics!H25)^2+(Scale_PCA_Mechanics!I3-Scale_PCA_Mechanics!I25)^2+(Scale_PCA_Mechanics!J3-Scale_PCA_Mechanics!J25)^2) | D72: =INDEX(KMeans_6_2!AA2:AA51,A72) | E72: =INDEX(KMeans_6_2!AA2:AA51,B72) | O72: =IF(OR(AND(D72=1,E72=2),AND(D72=2,E72=1)),C72,"") | P72: =IF(OR(AND(D72=1,E72=3),AND(D72=3,E72=1)),C72,"") | Q72: =IF(OR(AND(D72=2,E72=3),AND(D72=3,E72=2)),C72,"")
A73: 2 | B73: 25 | C73: =SQRT((Scale_PCA_Mechanics!G3-Scale_PCA_Mechanics!G26)^2+(Scale_PCA_Mechanics!H3-Scale_PCA_Mechanics!H26)^2+(Scale_PCA_Mechanics!I3-Scale_PCA_Mechanics!I26)^2+(Scale_PCA_Mechanics!J3-Scale_PCA_Mechanics!J26)^2) | D73: =INDEX(KMeans_6_2!AA2:AA51,A73) | E73: =INDEX(KMeans_6_2!AA2:AA51,B73) | O73: =IF(OR(AND(D73=1,E73=2),AND(D73=2,E73=1)),C73,"") | P73: =IF(OR(AND(D73=1,E73=3),AND(D73=3,E73=1)),C73,"") | Q73: =IF(OR(AND(D73=2,E73=3),AND(D73=3,E73=2)),C73,"")
A74: 2 | B74: 26 | C74: =SQRT((Scale_PCA_Mechanics!G3-Scale_PCA_Mechanics!G27)^2+(Scale_PCA_Mechanics!H3-Scale_PCA_Mechanics!H27)^2+(Scale_PCA_Mechanics!I3-Scale_PCA_Mechanics!I27)^2+(Scale_PCA_Mechanics!J3-Scale_PCA_Mechanics!J27)^2) | D74: =INDEX(KMeans_6_2!AA2:AA51,A74) | E74: =INDEX(KMeans_6_2!AA2:AA51,B74) | O74: =IF(OR(AND(D74=1,E74=2),AND(D74=2,E74=1)),C74,"") | P74: =IF(OR(AND(D74=1,E74=3),AND(D74=3,E74=1)),C74,"") | Q74: =IF(OR(AND(D74=2,E74=3),AND(D74=3,E74=2)),C74,"")
A75: 2 | B75: 27 | C75: =SQRT((Scale_PCA_Mechanics!G3-Scale_PCA_Mechanics!G28)^2+(Scale_PCA_Mechanics!H3-Scale_PCA_Mechanics!H28)^2+(Scale_PCA_Mechanics!I3-Scale_PCA_Mechanics!I28)^2+(Scale_PCA_Mechanics!J3-Scale_PCA_Mechanics!J28)^2) | D75: =INDEX(KMeans_6_2!AA2:AA51,A75) | E75: =INDEX(KMeans_6_2!AA2:AA51,B75) | O75: =IF(OR(AND(D75=1,E75=2),AND(D75=2,E75=1)),C75,"") | P75: =IF(OR(AND(D75=1,E75=3),AND(D75=3,E75=1)),C75,"") | Q75: =IF(OR(AND(D75=2,E75=3),AND(D75=3,E75=2)),C75,"")
A76: 2 | B76: 28 | C76: =SQRT((Scale_PCA_Mechanics!G3-Scale_PCA_Mechanics!G29)^2+(Scale_PCA_Mechanics!H3-Scale_PCA_Mechanics!H29)^2+(Scale_PCA_Mechanics!I3-Scale_PCA_Mechanics!I29)^2+(Scale_PCA_Mechanics!J3-Scale_PCA_Mechanics!J29)^2) | D76: =INDEX(KMeans_6_2!AA2:AA51,A76) | E76: =INDEX(KMeans_6_2!AA2:AA51,B76) | O76: =IF(OR(AND(D76=1,E76=2),AND(D76=2,E76=1)),C76,"") | P76: =IF(OR(AND(D76=1,E76=3),AND(D76=3,E76=1)),C76,"") | Q76: =IF(OR(AND(D76=2,E76=3),AND(D76=3,E76=2)),C76,"")
A77: 2 | B77: 29 | C77: =SQRT((Scale_PCA_Mechanics!G3-Scale_PCA_Mechanics!G30)^2+(Scale_PCA_Mechanics!H3-Scale_PCA_Mechanics!H30)^2+(Scale_PCA_Mechanics!I3-Scale_PCA_Mechanics!I30)^2+(Scale_PCA_Mechanics!J3-Scale_PCA_Mechanics!J30)^2) | D77: =INDEX(KMeans_6_2!AA2:AA51,A77) | E77: =INDEX(KMeans_6_2!AA2:AA51,B77) | O77: =IF(OR(AND(D77=1,E77=2),AND(D77=2,E77=1)),C77,"") | P77: =IF(OR(AND(D77=1,E77=3),AND(D77=3,E77=1)),C77,"") | Q77: =IF(OR(AND(D77=2,E77=3),AND(D77=3,E77=2)),C77,"")
A78: 2 | B78: 30 | C78: =SQRT((Scale_PCA_Mechanics!G3-Scale_PCA_Mechanics!G31)^2+(Scale_PCA_Mechanics!H3-Scale_PCA_Mechanics!H31)^2+(Scale_PCA_Mechanics!I3-Scale_PCA_Mechanics!I31)^2+(Scale_PCA_Mechanics!J3-Scale_PCA_Mechanics!J31)^2) | D78: =INDEX(KMeans_6_2!AA2:AA51,A78) | E78: =INDEX(KMeans_6_2!AA2:AA51,B78) | O78: =IF(OR(AND(D78=1,E78=2),AND(D78=2,E78=1)),C78,"") | P78: =IF(OR(AND(D78=1,E78=3),AND(D78=3,E78=1)),C78,"") | Q78: =IF(OR(AND(D78=2,E78=3),AND(D78=3,E78=2)),C78,"")
A79: 2 | B79: 31 | C79: =SQRT((Scale_PCA_Mechanics!G3-Scale_PCA_Mechanics!G32)^2+(Scale_PCA_Mechanics!H3-Scale_PCA_Mechanics!H32)^2+(Scale_PCA_Mechanics!I3-Scale_PCA_Mechanics!I32)^2+(Scale_PCA_Mechanics!J3-Scale_PCA_Mechanics!J32)^2) | D79: =INDEX(KMeans_6_2!AA2:AA51,A79) | E79: =INDEX(KMeans_6_2!AA2:AA51,B79) | O79: =IF(OR(AND(D79=1,E79=2),AND(D79=2,E79=1)),C79,"") | P79: =IF(OR(AND(D79=1,E79=3),AND(D79=3,E79=1)),C79,"") | Q79: =IF(OR(AND(D79=2,E79=3),AND(D79=3,E79=2)),C79,"")
A80: 2 | B80: 32 | C80: =SQRT((Scale_PCA_Mechanics!G3-Scale_PCA_Mechanics!G33)^2+(Scale_PCA_Mechanics!H3-Scale_PCA_Mechanics!H33)^2+(Scale_PCA_Mechanics!I3-Scale_PCA_Mechanics!I33)^2+(Scale_PCA_Mechanics!J3-Scale_PCA_Mechanics!J33)^2) | D80: =INDEX(KMeans_6_2!AA2:AA51,A80) | E80: =INDEX(KMeans_6_2!AA2:AA51,B80) | O80: =IF(OR(AND(D80=1,E80=2),AND(D80=2,E80=1)),C80,"") | P80: =IF(OR(AND(D80=1,E80=3),AND(D80=3,E80=1)),C80,"") | Q80: =IF(OR(AND(D80=2,E80=3),AND(D80=3,E80=2)),C80,"")
A81: 2 | B81: 33 | C81: =SQRT((Scale_PCA_Mechanics!G3-Scale_PCA_Mechanics!G34)^2+(Scale_PCA_Mechanics!H3-Scale_PCA_Mechanics!H34)^2+(Scale_PCA_Mechanics!I3-Scale_PCA_Mechanics!I34)^2+(Scale_PCA_Mechanics!J3-Scale_PCA_Mechanics!J34)^2) | D81: =INDEX(KMeans_6_2!AA2:AA51,A81) | E81: =INDEX(KMeans_6_2!AA2:AA51,B81) | O81: =IF(OR(AND(D81=1,E81=2),AND(D81=2,E81=1)),C81,"") | P81: =IF(OR(AND(D81=1,E81=3),AND(D81=3,E81=1)),C81,"") | Q81: =IF(OR(AND(D81=2,E81=3),AND(D81=3,E81=2)),C81,"")
A82: 2 | B82: 34 | C82: =SQRT((Scale_PCA_Mechanics!G3-Scale_PCA_Mechanics!G35)^2+(Scale_PCA_Mechanics!H3-Scale_PCA_Mechanics!H35)^2+(Scale_PCA_Mechanics!I3-Scale_PCA_Mechanics!I35)^2+(Scale_PCA_Mechanics!J3-Scale_PCA_Mechanics!J35)^2) | D82: =INDEX(KMeans_6_2!AA2:AA51,A82) | E82: =INDEX(KMeans_6_2!AA2:AA51,B82) | O82: =IF(OR(AND(D82=1,E82=2),AND(D82=2,E82=1)),C82,"") | P82: =IF(OR(AND(D82=1,E82=3),AND(D82=3,E82=1)),C82,"") | Q82: =IF(OR(AND(D82=2,E82=3),AND(D82=3,E82=2)),C82,"")
A83: 2 | B83: 35 | C83: =SQRT((Scale_PCA_Mechanics!G3-Scale_PCA_Mechanics!G36)^2+(Scale_PCA_Mechanics!H3-Scale_PCA_Mechanics!H36)^2+(Scale_PCA_Mechanics!I3-Scale_PCA_Mechanics!I36)^2+(Scale_PCA_Mechanics!J3-Scale_PCA_Mechanics!J36)^2) | D83: =INDEX(KMeans_6_2!AA2:AA51,A83) | E83: =INDEX(KMeans_6_2!AA2:AA51,B83) | O83: =IF(OR(AND(D83=1,E83=2),AND(D83=2,E83=1)),C83,"") | P83: =IF(OR(AND(D83=1,E83=3),AND(D83=3,E83=1)),C83,"") | Q83: =IF(OR(AND(D83=2,E83=3),AND(D83=3,E83=2)),C83,"")
A84: 2 | B84: 36 | C84: =SQRT((Scale_PCA_Mechanics!G3-Scale_PCA_Mechanics!G37)^2+(Scale_PCA_Mechanics!H3-Scale_PCA_Mechanics!H37)^2+(Scale_PCA_Mechanics!I3-Scale_PCA_Mechanics!I37)^2+(Scale_PCA_Mechanics!J3-Scale_PCA_Mechanics!J37)^2) | D84: =INDEX(KMeans_6_2!AA2:AA51,A84) | E84: =INDEX(KMeans_6_2!AA2:AA51,B84) | O84: =IF(OR(AND(D84=1,E84=2),AND(D84=2,E84=1)),C84,"") | P84: =IF(OR(AND(D84=1,E84=3),AND(D84=3,E84=1)),C84,"") | Q84: =IF(OR(AND(D84=2,E84=3),AND(D84=3,E84=2)),C84,"")
A85: 2 | B85: 37 | C85: =SQRT((Scale_PCA_Mechanics!G3-Scale_PCA_Mechanics!G38)^2+(Scale_PCA_Mechanics!H3-Scale_PCA_Mechanics!H38)^2+(Scale_PCA_Mechanics!I3-Scale_PCA_Mechanics!I38)^2+(Scale_PCA_Mechanics!J3-Scale_PCA_Mechanics!J38)^2) | D85: =INDEX(KMeans_6_2!AA2:AA51,A85) | E85: =INDEX(KMeans_6_2!AA2:AA51,B85) | O85: =IF(OR(AND(D85=1,E85=2),AND(D85=2,E85=1)),C85,"") | P85: =IF(OR(AND(D85=1,E85=3),AND(D85=3,E85=1)),C85,"") | Q85: =IF(OR(AND(D85=2,E85=3),AND(D85=3,E85=2)),C85,"")
A86: 2 | B86: 38 | C86: =SQRT((Scale_PCA_Mechanics!G3-Scale_PCA_Mechanics!G39)^2+(Scale_PCA_Mechanics!H3-Scale_PCA_Mechanics!H39)^2+(Scale_PCA_Mechanics!I3-Scale_PCA_Mechanics!I39)^2+(Scale_PCA_Mechanics!J3-Scale_PCA_Mechanics!J39)^2) | D86: =INDEX(KMeans_6_2!AA2:AA51,A86) | E86: =INDEX(KMeans_6_2!AA2:AA51,B86) | O86: =IF(OR(AND(D86=1,E86=2),AND(D86=2,E86=1)),C86,"") | P86: =IF(OR(AND(D86=1,E86=3),AND(D86=3,E86=1)),C86,"") | Q86: =IF(OR(AND(D86=2,E86=3),AND(D86=3,E86=2)),C86,"")
A87: 2 | B87: 39 | C87: =SQRT((Scale_PCA_Mechanics!G3-Scale_PCA_Mechanics!G40)^2+(Scale_PCA_Mechanics!H3-Scale_PCA_Mechanics!H40)^2+(Scale_PCA_Mechanics!I3-Scale_PCA_Mechanics!I40)^2+(Scale_PCA_Mechanics!J3-Scale_PCA_Mechanics!J40)^2) | D87: =INDEX(KMeans_6_2!AA2:AA51,A87) | E87: =INDEX(KMeans_6_2!AA2:AA51,B87) | O87: =IF(OR(AND(D87=1,E87=2),AND(D87=2,E87=1)),C87,"") | P87: =IF(OR(AND(D87=1,E87=3),AND(D87=3,E87=1)),C87,"") | Q87: =IF(OR(AND(D87=2,E87=3),AND(D87=3,E87=2)),C87,"")
A88: 2 | B88: 40 | C88: =SQRT((Scale_PCA_Mechanics!G3-Scale_PCA_Mechanics!G41)^2+(Scale_PCA_Mechanics!H3-Scale_PCA_Mechanics!H41)^2+(Scale_PCA_Mechanics!I3-Scale_PCA_Mechanics!I41)^2+(Scale_PCA_Mechanics!J3-Scale_PCA_Mechanics!J41)^2) | D88: =INDEX(KMeans_6_2!AA2:AA51,A88) | E88: =INDEX(KMeans_6_2!AA2:AA51,B88) | O88: =IF(OR(AND(D88=1,E88=2),AND(D88=2,E88=1)),C88,"") | P88: =IF(OR(AND(D88=1,E88=3),AND(D88=3,E88=1)),C88,"") | Q88: =IF(OR(AND(D88=2,E88=3),AND(D88=3,E88=2)),C88,"")
A89: 2 | B89: 41 | C89: =SQRT((Scale_PCA_Mechanics!G3-Scale_PCA_Mechanics!G42)^2+(Scale_PCA_Mechanics!H3-Scale_PCA_Mechanics!H42)^2+(Scale_PCA_Mechanics!I3-Scale_PCA_Mechanics!I42)^2+(Scale_PCA_Mechanics!J3-Scale_PCA_Mechanics!J42)^2) | D89: =INDEX(KMeans_6_2!AA2:AA51,A89) | E89: =INDEX(KMeans_6_2!AA2:AA51,B89) | O89: =IF(OR(AND(D89=1,E89=2),AND(D89=2,E89=1)),C89,"") | P89: =IF(OR(AND(D89=1,E89=3),AND(D89=3,E89=1)),C89,"") | Q89: =IF(OR(AND(D89=2,E89=3),AND(D89=3,E89=2)),C89,"")
A90: 2 | B90: 42 | C90: =SQRT((Scale_PCA_Mechanics!G3-Scale_PCA_Mechanics!G43)^2+(Scale_PCA_Mechanics!H3-Scale_PCA_Mechanics!H43)^2+(Scale_PCA_Mechanics!I3-Scale_PCA_Mechanics!I43)^2+(Scale_PCA_Mechanics!J3-Scale_PCA_Mechanics!J43)^2) | D90: =INDEX(KMeans_6_2!AA2:AA51,A90) | E90: =INDEX(KMeans_6_2!AA2:AA51,B90) | O90: =IF(OR(AND(D90=1,E90=2),AND(D90=2,E90=1)),C90,"") | P90: =IF(OR(AND(D90=1,E90=3),AND(D90=3,E90=1)),C90,"") | Q90: =IF(OR(AND(D90=2,E90=3),AND(D90=3,E90=2)),C90,"")
A91: 2 | B91: 43 | C91: =SQRT((Scale_PCA_Mechanics!G3-Scale_PCA_Mechanics!G44)^2+(Scale_PCA_Mechanics!H3-Scale_PCA_Mechanics!H44)^2+(Scale_PCA_Mechanics!I3-Scale_PCA_Mechanics!I44)^2+(Scale_PCA_Mechanics!J3-Scale_PCA_Mechanics!J44)^2) | D91: =INDEX(KMeans_6_2!AA2:AA51,A91) | E91: =INDEX(KMeans_6_2!AA2:AA51,B91) | O91: =IF(OR(AND(D91=1,E91=2),AND(D91=2,E91=1)),C91,"") | P91: =IF(OR(AND(D91=1,E91=3),AND(D91=3,E91=1)),C91,"") | Q91: =IF(OR(AND(D91=2,E91=3),AND(D91=3,E91=2)),C91,"")
A92: 2 | B92: 44 | C92: =SQRT((Scale_PCA_Mechanics!G3-Scale_PCA_Mechanics!G45)^2+(Scale_PCA_Mechanics!H3-Scale_PCA_Mechanics!H45)^2+(Scale_PCA_Mechanics!I3-Scale_PCA_Mechanics!I45)^2+(Scale_PCA_Mechanics!J3-Scale_PCA_Mechanics!J45)^2) | D92: =INDEX(KMeans_6_2!AA2:AA51,A92) | E92: =INDEX(KMeans_6_2!AA2:AA51,B92) | O92: =IF(OR(AND(D92=1,E92=2),AND(D92=2,E92=1)),C92,"") | P92: =IF(OR(AND(D92=1,E92=3),AND(D92=3,E92=1)),C92,"") | Q92: =IF(OR(AND(D92=2,E92=3),AND(D92=3,E92=2)),C92,"")
A93: 2 | B93: 45 | C93: =SQRT((Scale_PCA_Mechanics!G3-Scale_PCA_Mechanics!G46)^2+(Scale_PCA_Mechanics!H3-Scale_PCA_Mechanics!H46)^2+(Scale_PCA_Mechanics!I3-Scale_PCA_Mechanics!I46)^2+(Scale_PCA_Mechanics!J3-Scale_PCA_Mechanics!J46)^2) | D93: =INDEX(KMeans_6_2!AA2:AA51,A93) | E93: =INDEX(KMeans_6_2!AA2:AA51,B93) | O93: =IF(OR(AND(D93=1,E93=2),AND(D93=2,E93=1)),C93,"") | P93: =IF(OR(AND(D93=1,E93=3),AND(D93=3,E93=1)),C93,"") | Q93: =IF(OR(AND(D93=2,E93=3),AND(D93=3,E93=2)),C93,"")
A94: 2 | B94: 46 | C94: =SQRT((Scale_PCA_Mechanics!G3-Scale_PCA_Mechanics!G47)^2+(Scale_PCA_Mechanics!H3-Scale_PCA_Mechanics!H47)^2+(Scale_PCA_Mechanics!I3-Scale_PCA_Mechanics!I47)^2+(Scale_PCA_Mechanics!J3-Scale_PCA_Mechanics!J47)^2) | D94: =INDEX(KMeans_6_2!AA2:AA51,A94) | E94: =INDEX(KMeans_6_2!AA2:AA51,B94) | O94: =IF(OR(AND(D94=1,E94=2),AND(D94=2,E94=1)),C94,"") | P94: =IF(OR(AND(D94=1,E94=3),AND(D94=3,E94=1)),C94,"") | Q94: =IF(OR(AND(D94=2,E94=3),AND(D94=3,E94=2)),C94,"")
A95: 2 | B95: 47 | C95: =SQRT((Scale_PCA_Mechanics!G3-Scale_PCA_Mechanics!G48)^2+(Scale_PCA_Mechanics!H3-Scale_PCA_Mechanics!H48)^2+(Scale_PCA_Mechanics!I3-Scale_PCA_Mechanics!I48)^2+(Scale_PCA_Mechanics!J3-Scale_PCA_Mechanics!J48)^2) | D95: =INDEX(KMeans_6_2!AA2:AA51,A95) | E95: =INDEX(KMeans_6_2!AA2:AA51,B95) | O95: =IF(OR(AND(D95=1,E95=2),AND(D95=2,E95=1)),C95,"") | P95: =IF(OR(AND(D95=1,E95=3),AND(D95=3,E95=1)),C95,"") | Q95: =IF(OR(AND(D95=2,E95=3),AND(D95=3,E95=2)),C95,"")
A96: 2 | B96: 48 | C96: =SQRT((Scale_PCA_Mechanics!G3-Scale_PCA_Mechanics!G49)^2+(Scale_PCA_Mechanics!H3-Scale_PCA_Mechanics!H49)^2+(Scale_PCA_Mechanics!I3-Scale_PCA_Mechanics!I49)^2+(Scale_PCA_Mechanics!J3-Scale_PCA_Mechanics!J49)^2) | D96: =INDEX(KMeans_6_2!AA2:AA51,A96) | E96: =INDEX(KMeans_6_2!AA2:AA51,B96) | O96: =IF(OR(AND(D96=1,E96=2),AND(D96=2,E96=1)),C96,"") | P96: =IF(OR(AND(D96=1,E96=3),AND(D96=3,E96=1)),C96,"") | Q96: =IF(OR(AND(D96=2,E96=3),AND(D96=3,E96=2)),C96,"")
A97: 2 | B97: 49 | C97: =SQRT((Scale_PCA_Mechanics!G3-Scale_PCA_Mechanics!G50)^2+(Scale_PCA_Mechanics!H3-Scale_PCA_Mechanics!H50)^2+(Scale_PCA_Mechanics!I3-Scale_PCA_Mechanics!I50)^2+(Scale_PCA_Mechanics!J3-Scale_PCA_Mechanics!J50)^2) | D97: =INDEX(KMeans_6_2!AA2:AA51,A97) | E97: =INDEX(KMeans_6_2!AA2:AA51,B97) | O97: =IF(OR(AND(D97=1,E97=2),AND(D97=2,E97=1)),C97,"") | P97: =IF(OR(AND(D97=1,E97=3),AND(D97=3,E97=1)),C97,"") | Q97: =IF(OR(AND(D97=2,E97=3),AND(D97=3,E97=2)),C97,"")
A98: 2 | B98: 50 | C98: =SQRT((Scale_PCA_Mechanics!G3-Scale_PCA_Mechanics!G51)^2+(Scale_PCA_Mechanics!H3-Scale_PCA_Mechanics!H51)^2+(Scale_PCA_Mechanics!I3-Scale_PCA_Mechanics!I51)^2+(Scale_PCA_Mechanics!J3-Scale_PCA_Mechanics!J51)^2) | D98: =INDEX(KMeans_6_2!AA2:AA51,A98) | E98: =INDEX(KMeans_6_2!AA2:AA51,B98) | O98: =IF(OR(AND(D98=1,E98=2),AND(D98=2,E98=1)),C98,"") | P98: =IF(OR(AND(D98=1,E98=3),AND(D98=3,E98=1)),C98,"") | Q98: =IF(OR(AND(D98=2,E98=3),AND(D98=3,E98=2)),C98,"")
A99: 3 | B99: 4 | C99: =SQRT((Scale_PCA_Mechanics!G4-Scale_PCA_Mechanics!G5)^2+(Scale_PCA_Mechanics!H4-Scale_PCA_Mechanics!H5)^2+(Scale_PCA_Mechanics!I4-Scale_PCA_Mechanics!I5)^2+(Scale_PCA_Mechanics!J4-Scale_PCA_Mechanics!J5)^2) | D99: =INDEX(KMeans_6_2!AA2:AA51,A99) | E99: =INDEX(KMeans_6_2!AA2:AA51,B99) | O99: =IF(OR(AND(D99=1,E99=2),AND(D99=2,E99=1)),C99,"") | P99: =IF(OR(AND(D99=1,E99=3),AND(D99=3,E99=1)),C99,"") | Q99: =IF(OR(AND(D99=2,E99=3),AND(D99=3,E99=2)),C99,"")
A100: 3 | B100: 5 | C100: =SQRT((Scale_PCA_Mechanics!G4-Scale_PCA_Mechanics!G6)^2+(Scale_PCA_Mechanics!H4-Scale_PCA_Mechanics!H6)^2+(Scale_PCA_Mechanics!I4-Scale_PCA_Mechanics!I6)^2+(Scale_PCA_Mechanics!J4-Scale_PCA_Mechanics!J6)^2) | D100: =INDEX(KMeans_6_2!AA2:AA51,A100) | E100: =INDEX(KMeans_6_2!AA2:AA51,B100) | O100: =IF(OR(AND(D100=1,E100=2),AND(D100=2,E100=1)),C100,"") | P100: =IF(OR(AND(D100=1,E100=3),AND(D100=3,E100=1)),C100,"") | Q100: =IF(OR(AND(D100=2,E100=3),AND(D100=3,E100=2)),C100,"")
...

Sheet Credit_PCA_Mechanics
A1: id | B1: Limit | C1: Rating | D1: z_Limit | E1: z_Rating | F1: PC1_score
A2: 1 | B2: 3606 | C2: 283 | D2: =(B2-$B$405)/$B$406 | E2: =(C2-$C$405)/$C$406 | F2: =D2*$I$5+E2*$I$6 | H2: corr_r | I2: =CORREL(D2:D401,E2:E401)
A3: 2 | B3: 6645 | C3: 483 | D3: =(B3-$B$405)/$B$406 | E3: =(C3-$C$405)/$C$406 | F3: =D3*$I$5+E3*$I$6 | H3: lambda1 | I3: =1+ABS(I2)
A4: 3 | B4: 7075 | C4: 514 | D4: =(B4-$B$405)/$B$406 | E4: =(C4-$C$405)/$C$406 | F4: =D4*$I$5+E4*$I$6 | H4: lambda2 | I4: =1-ABS(I2)
A5: 4 | B5: 9504 | C5: 681 | D5: =(B5-$B$405)/$B$406 | E5: =(C5-$C$405)/$C$406 | F5: =D5*$I$5+E5*$I$6 | H5: loading_limit_pc1 | I5: =IF(I2>=0,1/SQRT(2),1/SQRT(2))
A6: 5 | B6: 4897 | C6: 357 | D6: =(B6-$B$405)/$B$406 | E6: =(C6-$C$405)/$C$406 | F6: =D6*$I$5+E6*$I$6 | H6: loading_rating_pc1 | I6: =IF(I2>=0,1/SQRT(2),-1/SQRT(2))
A7: 6 | B7: 8047 | C7: 569 | D7: =(B7-$B$405)/$B$406 | E7: =(C7-$C$405)/$C$406 | F7: =D7*$I$5+E7*$I$6 | H7: PVE_PC1 | I7: =I3/2
A8: 7 | B8: 3388 | C8: 259 | D8: =(B8-$B$405)/$B$406 | E8: =(C8-$C$405)/$C$406 | F8: =D8*$I$5+E8*$I$6
A9: 8 | B9: 7114 | C9: 512 | D9: =(B9-$B$405)/$B$406 | E9: =(C9-$C$405)/$C$406 | F9: =D9*$I$5+E9*$I$6
A10: 9 | B10: 3300 | C10: 266 | D10: =(B10-$B$405)/$B$406 | E10: =(C10-$C$405)/$C$406 | F10: =D10*$I$5+E10*$I$6
A11: 10 | B11: 6819 | C11: 491 | D11: =(B11-$B$405)/$B$406 | E11: =(C11-$C$405)/$C$406 | F11: =D11*$I$5+E11*$I$6
A12: 11 | B12: 8117 | C12: 589 | D12: =(B12-$B$405)/$B$406 | E12: =(C12-$C$405)/$C$406 | F12: =D12*$I$5+E12*$I$6
A13: 12 | B13: 1311 | C13: 138 | D13: =(B13-$B$405)/$B$406 | E13: =(C13-$C$405)/$C$406 | F13: =D13*$I$5+E13*$I$6
A14: 13 | B14: 5308 | C14: 394 | D14: =(B14-$B$405)/$B$406 | E14: =(C14-$C$405)/$C$406 | F14: =D14*$I$5+E14*$I$6
A15: 14 | B15: 6922 | C15: 511 | D15: =(B15-$B$405)/$B$406 | E15: =(C15-$C$405)/$C$406 | F15: =D15*$I$5+E15*$I$6
A16: 15 | B16: 3291 | C16: 269 | D16: =(B16-$B$405)/$B$406 | E16: =(C16-$C$405)/$C$406 | F16: =D16*$I$5+E16*$I$6
A17: 16 | B17: 2525 | C17: 200 | D17: =(B17-$B$405)/$B$406 | E17: =(C17-$C$405)/$C$406 | F17: =D17*$I$5+E17*$I$6
A18: 17 | B18: 3714 | C18: 286 | D18: =(B18-$B$405)/$B$406 | E18: =(C18-$C$405)/$C$406 | F18: =D18*$I$5+E18*$I$6
A19: 18 | B19: 4378 | C19: 339 | D19: =(B19-$B$405)/$B$406 | E19: =(C19-$C$405)/$C$406 | F19: =D19*$I$5+E19*$I$6
... A401: 400 | B401: 5524 | C401: 415 | D401: =(B401-$B$405)/$B$406 | E401: =(C401-$C$405)/$C$406 | F401: =D401*$I$5+E401*$I$6
A405: mean | B405: =AVERAGE(B2:B401) | C405: =AVERAGE(C2:C401)
A406: sd | B406: =STDEV(B2:B401) | C406: =STDEV(C2:C401)

Sheet Summary
A1: metric | B1: value
A2: USArrests_n | B2: =COUNT(Data_USArrests!A2:A51)
A3: PC1_lambda | B3: =Scale_PCA_Mechanics!M34
A4: PC1_PVE | B4: =Scale_PCA_Mechanics!M35
A5: PC1_Alabama_diff | B5: =Scale_PCA_Mechanics!O39
A6: k3_withinss | B6: =KMeans_6_2!AC2
A7: k3_bss_tss | B7: =KMeans_6_2!AC6
A8: closest_pair_distance | B8: =Distance_HC_Mechanics!H2
A9: Credit_corr | B9: =Credit_PCA_Mechanics!I2
A10: Credit_PVE_PC1 | B10: =Credit_PCA_Mechanics!I7

Sheet Plot_Parity_6_1
A1: bin | B1: Murder_hi | C1: Murder_count | D1: Assault_hi | E1: Assault_count | F1: UrbanPop_hi | G1: UrbanPop_count | H1: Rape_hi | I1: Rape_count | K1: n_bins | L1: 10 | O1: PC1_scaled | P1: PC2_scaled | Q1: PC1_unscaled_proxy | R1: PC2_unscaled_proxy | T1: variable | U1: pc1_loading_proxy | V1: pc2_loading_proxy | W1: arrow_scale | X1: arrow_x | Y1: arrow_y | AA1: arrow_x | AB1: arrow_y | AC1: tip_x | AD1: tip_y
A2: 1 | B2: =$L$2+($L$3-$L$2)*A2/$L$1 | C2: =COUNTIFS(Data_USArrests!C2:C51,"<="&B2)-IF(A2=1,0,COUNTIFS(Data_USArrests!C2:C51,"<="&B1)) | D2: =$L$4+($L$5-$L$4)*A2/$L$1 | E2: =COUNTIFS(Data_USArrests!D2:D51,"<="&D2)-IF(A2=1,0,COUNTIFS(Data_USArrests!D2:D51,"<="&D1)) | F2: =$L$6+($L$7-$L$6)*A2/$L$1 | G2: =COUNTIFS(Data_USArrests!E2:E51,"<="&F2)-IF(A2=1,0,COUNTIFS(Data_USArrests!E2:E51,"<="&F1)) | H2: =$L$8+($L$9-$L$8)*A2/$L$1 | I2: =COUNTIFS(Data_USArrests!F2:F51,"<="&H2)-IF(A2=1,0,COUNTIFS(Data_USArrests!F2:F51,"<="&H1)) | K2: Murder_min | L2: =MIN(Data_USArrests!C2:C51) | O2: =Scale_PCA_Mechanics!L2 | P2: =Scale_PCA_Mechanics!Z2 | Q2: =SUMPRODUCT(Scale_PCA_Mechanics!B2:E2,Scale_PCA_Mechanics!M33:P33) | R2: =Scale_PCA_Mechanics!C2 | T2: Murder | U2: =INDEX(Scale_PCA_Mechanics!$M$33:$P$33,1,1) | V2: =INDEX(Scale_PCA_Mechanics!$AB$33:$AE$33,1,1) | W2: 3 | X2: =U2*$W$2 | Y2: =V2*$W$2 | AA2: 0 | AB2: 0 | AC2: =AA3 | AD2: =AB3
A3: 2 | B3: =$L$2+($L$3-$L$2)*A3/$L$1 | C3: =COUNTIFS(Data_USArrests!C2:C51,"<="&B3)-IF(A3=1,0,COUNTIFS(Data_USArrests!C2:C51,"<="&B2)) | D3: =$L$4+($L$5-$L$4)*A3/$L$1 | E3: =COUNTIFS(Data_USArrests!D2:D51,"<="&D3)-IF(A3=1,0,COUNTIFS(Data_USArrests!D2:D51,"<="&D2)) | F3: =$L$6+($L$7-$L$6)*A3/$L$1 | G3: =COUNTIFS(Data_USArrests!E2:E51,"<="&F3)-IF(A3=1,0,COUNTIFS(Data_USArrests!E2:E51,"<="&F2)) | H3: =$L$8+($L$9-$L$8)*A3/$L$1 | I3: =COUNTIFS(Data_USArrests!F2:F51,"<="&H3)-IF(A3=1,0,COUNTIFS(Data_USArrests!F2:F51,"<="&H2)) | K3: Murder_max | L3: =MAX(Data_USArrests!C2:C51) | O3: =Scale_PCA_Mechanics!L3 | P3: =Scale_PCA_Mechanics!Z3 | Q3: =SUMPRODUCT(Scale_PCA_Mechanics!B3:E3,Scale_PCA_Mechanics!M33:P33) | R3: =Scale_PCA_Mechanics!C3 | T3: Assault | U3: =INDEX(Scale_PCA_Mechanics!$M$33:$P$33,1,2) | V3: =INDEX(Scale_PCA_Mechanics!$AB$33:$AE$33,1,2) | X3: =U3*$W$2 | Y3: =V3*$W$2 | AA3: =X2 | AB3: =Y2 | AC3: =AA5 | AD3: =AB5
A4: 3 | B4: =$L$2+($L$3-$L$2)*A4/$L$1 | C4: =COUNTIFS(Data_USArrests!C2:C51,"<="&B4)-IF(A4=1,0,COUNTIFS(Data_USArrests!C2:C51,"<="&B3)) | D4: =$L$4+($L$5-$L$4)*A4/$L$1 | E4: =COUNTIFS(Data_USArrests!D2:D51,"<="&D4)-IF(A4=1,0,COUNTIFS(Data_USArrests!D2:D51,"<="&D3)) | F4: =$L$6+($L$7-$L$6)*A4/$L$1 | G4: =COUNTIFS(Data_USArrests!E2:E51,"<="&F4)-IF(A4=1,0,COUNTIFS(Data_USArrests!E2:E51,"<="&F3)) | H4: =$L$8+($L$9-$L$8)*A4/$L$1 | I4: =COUNTIFS(Data_USArrests!F2:F51,"<="&H4)-IF(A4=1,0,COUNTIFS(Data_USArrests!F2:F51,"<="&H3)) | K4: Assault_min | L4: =MIN(Data_USArrests!D2:D51) | O4: =Scale_PCA_Mechanics!L4 | P4: =Scale_PCA_Mechanics!Z4 | Q4: =SUMPRODUCT(Scale_PCA_Mechanics!B4:E4,Scale_PCA_Mechanics!M33:P33) | R4: =Scale_PCA_Mechanics!C4 | T4: UrbanPop | U4: =INDEX(Scale_PCA_Mechanics!$M$33:$P$33,1,3) | V4: =INDEX(Scale_PCA_Mechanics!$AB$33:$AE$33,1,3) | X4: =U4*$W$2 | Y4: =V4*$W$2 | AA4: 0 | AB4: 0 | AC4: =AA7 | AD4: =AB7
A5: 4 | B5: =$L$2+($L$3-$L$2)*A5/$L$1 | C5: =COUNTIFS(Data_USArrests!C2:C51,"<="&B5)-IF(A5=1,0,COUNTIFS(Data_USArrests!C2:C51,"<="&B4)) | D5: =$L$4+($L$5-$L$4)*A5/$L$1 | E5: =COUNTIFS(Data_USArrests!D2:D51,"<="&D5)-IF(A5=1,0,COUNTIFS(Data_USArrests!D2:D51,"<="&D4)) | F5: =$L$6+($L$7-$L$6)*A5/$L$1 | G5: =COUNTIFS(Data_USArrests!E2:E51,"<="&F5)-IF(A5=1,0,COUNTIFS(Data_USArrests!E2:E51,"<="&F4)) | H5: =$L$8+($L$9-$L$8)*A5/$L$1 | I5: =COUNTIFS(Data_USArrests!F2:F51,"<="&H5)-IF(A5=1,0,COUNTIFS(Data_USArrests!F2:F51,"<="&H4)) | K5: Assault_max | L5: =MAX(Data_USArrests!D2:D51) | O5: =Scale_PCA_Mechanics!L5 | P5: =Scale_PCA_Mechanics!Z5 | Q5: =SUMPRODUCT(Scale_PCA_Mechanics!B5:E5,Scale_PCA_Mechanics!M33:P33) | R5: =Scale_PCA_Mechanics!C5 | T5: Rape | U5: =INDEX(Scale_PCA_Mechanics!$M$33:$P$33,1,4) | V5: =INDEX(Scale_PCA_Mechanics!$AB$33:$AE$33,1,4) | X5: =U5*$W$2 | Y5: =V5*$W$2 | AA5: =X3 | AB5: =Y3 | AC5: =AA9 | AD5: =AB9
A6: 5 | B6: =$L$2+($L$3-$L$2)*A6/$L$1 | C6: =COUNTIFS(Data_USArrests!C2:C51,"<="&B6)-IF(A6=1,0,COUNTIFS(Data_USArrests!C2:C51,"<="&B5)) | D6: =$L$4+($L$5-$L$4)*A6/$L$1 | E6: =COUNTIFS(Data_USArrests!D2:D51,"<="&D6)-IF(A6=1,0,COUNTIFS(Data_USArrests!D2:D51,"<="&D5)) | F6: =$L$6+($L$7-$L$6)*A6/$L$1 | G6: =COUNTIFS(Data_USArrests!E2:E51,"<="&F6)-IF(A6=1,0,COUNTIFS(Data_USArrests!E2:E51,"<="&F5)) | H6: =$L$8+($L$9-$L$8)*A6/$L$1 | I6: =COUNTIFS(Data_USArrests!F2:F51,"<="&H6)-IF(A6=1,0,COUNTIFS(Data_USArrests!F2:F51,"<="&H5)) | K6: UrbanPop_min | L6: =MIN(Data_USArrests!E2:E51) | O6: =Scale_PCA_Mechanics!L6 | P6: =Scale_PCA_Mechanics!Z6 | Q6: =SUMPRODUCT(Scale_PCA_Mechanics!B6:E6,Scale_PCA_Mechanics!M33:P33) | R6: =Scale_PCA_Mechanics!C6 | AA6: 0 | AB6: 0
A7: 6 | B7: =$L$2+($L$3-$L$2)*A7/$L$1 | C7: =COUNTIFS(Data_USArrests!C2:C51,"<="&B7)-IF(A7=1,0,COUNTIFS(Data_USArrests!C2:C51,"<="&B6)) | D7: =$L$4+($L$5-$L$4)*A7/$L$1 | E7: =COUNTIFS(Data_USArrests!D2:D51,"<="&D7)-IF(A7=1,0,COUNTIFS(Data_USArrests!D2:D51,"<="&D6)) | F7: =$L$6+($L$7-$L$6)*A7/$L$1 | G7: =COUNTIFS(Data_USArrests!E2:E51,"<="&F7)-IF(A7=1,0,COUNTIFS(Data_USArrests!E2:E51,"<="&F6)) | H7: =$L$8+($L$9-$L$8)*A7/$L$1 | I7: =COUNTIFS(Data_USArrests!F2:F51,"<="&H7)-IF(A7=1,0,COUNTIFS(Data_USArrests!F2:F51,"<="&H6)) | K7: UrbanPop_max | L7: =MAX(Data_USArrests!E2:E51) | O7: =Scale_PCA_Mechanics!L7 | P7: =Scale_PCA_Mechanics!Z7 | Q7: =SUMPRODUCT(Scale_PCA_Mechanics!B7:E7,Scale_PCA_Mechanics!M33:P33) | R7: =Scale_PCA_Mechanics!C7 | AA7: =X4 | AB7: =Y4
A8: 7 | B8: =$L$2+($L$3-$L$2)*A8/$L$1 | C8: =COUNTIFS(Data_USArrests!C2:C51,"<="&B8)-IF(A8=1,0,COUNTIFS(Data_USArrests!C2:C51,"<="&B7)) | D8: =$L$4+($L$5-$L$4)*A8/$L$1 | E8: =COUNTIFS(Data_USArrests!D2:D51,"<="&D8)-IF(A8=1,0,COUNTIFS(Data_USArrests!D2:D51,"<="&D7)) | F8: =$L$6+($L$7-$L$6)*A8/$L$1 | G8: =COUNTIFS(Data_USArrests!E2:E51,"<="&F8)-IF(A8=1,0,COUNTIFS(Data_USArrests!E2:E51,"<="&F7)) | H8: =$L$8+($L$9-$L$8)*A8/$L$1 | I8: =COUNTIFS(Data_USArrests!F2:F51,"<="&H8)-IF(A8=1,0,COUNTIFS(Data_USArrests!F2:F51,"<="&H7)) | K8: Rape_min | L8: =MIN(Data_USArrests!F2:F51) | O8: =Scale_PCA_Mechanics!L8 | P8: =Scale_PCA_Mechanics!Z8 | Q8: =SUMPRODUCT(Scale_PCA_Mechanics!B8:E8,Scale_PCA_Mechanics!M33:P33) | R8: =Scale_PCA_Mechanics!C8 | AA8: 0 | AB8: 0
A9: 8 | B9: =$L$2+($L$3-$L$2)*A9/$L$1 | C9: =COUNTIFS(Data_USArrests!C2:C51,"<="&B9)-IF(A9=1,0,COUNTIFS(Data_USArrests!C2:C51,"<="&B8)) | D9: =$L$4+($L$5-$L$4)*A9/$L$1 | E9: =COUNTIFS(Data_USArrests!D2:D51,"<="&D9)-IF(A9=1,0,COUNTIFS(Data_USArrests!D2:D51,"<="&D8)) | F9: =$L$6+($L$7-$L$6)*A9/$L$1 | G9: =COUNTIFS(Data_USArrests!E2:E51,"<="&F9)-IF(A9=1,0,COUNTIFS(Data_USArrests!E2:E51,"<="&F8)) | H9: =$L$8+($L$9-$L$8)*A9/$L$1 | I9: =COUNTIFS(Data_USArrests!F2:F51,"<="&H9)-IF(A9=1,0,COUNTIFS(Data_USArrests!F2:F51,"<="&H8)) | K9: Rape_max | L9: =MAX(Data_USArrests!F2:F51) | O9: =Scale_PCA_Mechanics!L9 | P9: =Scale_PCA_Mechanics!Z9 | Q9: =SUMPRODUCT(Scale_PCA_Mechanics!B9:E9,Scale_PCA_Mechanics!M33:P33) | R9: =Scale_PCA_Mechanics!C9 | AA9: =X5 | AB9: =Y5
A10: 9 | B10: =$L$2+($L$3-$L$2)*A10/$L$1 | C10: =COUNTIFS(Data_USArrests!C2:C51,"<="&B10)-IF(A10=1,0,COUNTIFS(Data_USArrests!C2:C51,"<="&B9)) | D10: =$L$4+($L$5-$L$4)*A10/$L$1 | E10: =COUNTIFS(Data_USArrests!D2:D51,"<="&D10)-IF(A10=1,0,COUNTIFS(Data_USArrests!D2:D51,"<="&D9)) | F10: =$L$6+($L$7-$L$6)*A10/$L$1 | G10: =COUNTIFS(Data_USArrests!E2:E51,"<="&F10)-IF(A10=1,0,COUNTIFS(Data_USArrests!E2:E51,"<="&F9)) | H10: =$L$8+($L$9-$L$8)*A10/$L$1 | I10: =COUNTIFS(Data_USArrests!F2:F51,"<="&H10)-IF(A10=1,0,COUNTIFS(Data_USArrests!F2:F51,"<="&H9)) | O10: =Scale_PCA_Mechanics!L10 | P10: =Scale_PCA_Mechanics!Z10 | Q10: =SUMPRODUCT(Scale_PCA_Mechanics!B10:E10,Scale_PCA_Mechanics!M33:P33) | R10: =Scale_PCA_Mechanics!C10
A11: 10 | B11: =$L$2+($L$3-$L$2)*A11/$L$1 | C11: =COUNTIFS(Data_USArrests!C2:C51,"<="&B11)-IF(A11=1,0,COUNTIFS(Data_USArrests!C2:C51,"<="&B10)) | D11: =$L$4+($L$5-$L$4)*A11/$L$1 | E11: =COUNTIFS(Data_USArrests!D2:D51,"<="&D11)-IF(A11=1,0,COUNTIFS(Data_USArrests!D2:D51,"<="&D10)) | F11: =$L$6+($L$7-$L$6)*A11/$L$1 | G11: =COUNTIFS(Data_USArrests!E2:E51,"<="&F11)-IF(A11=1,0,COUNTIFS(Data_USArrests!E2:E51,"<="&F10)) | H11: =$L$8+($L$9-$L$8)*A11/$L$1 | I11: =COUNTIFS(Data_USArrests!F2:F51,"<="&H11)-IF(A11=1,0,COUNTIFS(Data_USArrests!F2:F51,"<="&H10)) | O11: =Scale_PCA_Mechanics!L11 | P11: =Scale_PCA_Mechanics!Z11 | Q11: =SUMPRODUCT(Scale_PCA_Mechanics!B11:E11,Scale_PCA_Mechanics!M33:P33) | R11: =Scale_PCA_Mechanics!C11
K12: PC | L12: PVE_proxy | M12: CumPVE_proxy | O12: =Scale_PCA_Mechanics!L12 | P12: =Scale_PCA_Mechanics!Z12 | Q12: =SUMPRODUCT(Scale_PCA_Mechanics!B12:E12,Scale_PCA_Mechanics!M33:P33) | R12: =Scale_PCA_Mechanics!C12
K13: =Scale_PCA_Mechanics!W11 | L13: =Scale_PCA_Mechanics!X11 | M13: =Scale_PCA_Mechanics!Y11 | O13: =Scale_PCA_Mechanics!L13 | P13: =Scale_PCA_Mechanics!Z13 | Q13: =SUMPRODUCT(Scale_PCA_Mechanics!B13:E13,Scale_PCA_Mechanics!M33:P33) | R13: =Scale_PCA_Mechanics!C13
K14: =Scale_PCA_Mechanics!W12 | L14: =Scale_PCA_Mechanics!X12 | M14: =Scale_PCA_Mechanics!Y12 | O14: =Scale_PCA_Mechanics!L14 | P14: =Scale_PCA_Mechanics!Z14 | Q14: =SUMPRODUCT(Scale_PCA_Mechanics!B14:E14,Scale_PCA_Mechanics!M33:P33) | R14: =Scale_PCA_Mechanics!C14
K15: =Scale_PCA_Mechanics!W13 | L15: =Scale_PCA_Mechanics!X13 | M15: =Scale_PCA_Mechanics!Y13 | O15: =Scale_PCA_Mechanics!L15 | P15: =Scale_PCA_Mechanics!Z15 | Q15: =SUMPRODUCT(Scale_PCA_Mechanics!B15:E15,Scale_PCA_Mechanics!M33:P33) | R15: =Scale_PCA_Mechanics!C15
K16: =Scale_PCA_Mechanics!W14 | L16: =Scale_PCA_Mechanics!X14 | M16: =Scale_PCA_Mechanics!Y14 | O16: =Scale_PCA_Mechanics!L16 | P16: =Scale_PCA_Mechanics!Z16 | Q16: =SUMPRODUCT(Scale_PCA_Mechanics!B16:E16,Scale_PCA_Mechanics!M33:P33) | R16: =Scale_PCA_Mechanics!C16
O17: =Scale_PCA_Mechanics!L17 | P17: =Scale_PCA_Mechanics!Z17 | Q17: =SUMPRODUCT(Scale_PCA_Mechanics!B17:E17,Scale_PCA_Mechanics!M33:P33) | R17: =Scale_PCA_Mechanics!C17
O18: =Scale_PCA_Mechanics!L18 | P18: =Scale_PCA_Mechanics!Z18 | Q18: =SUMPRODUCT(Scale_PCA_Mechanics!B18:E18,Scale_PCA_Mechanics!M33:P33) | R18: =Scale_PCA_Mechanics!C18
O19: =Scale_PCA_Mechanics!L19 | P19: =Scale_PCA_Mechanics!Z19 | Q19: =SUMPRODUCT(Scale_PCA_Mechanics!B19:E19,Scale_PCA_Mechanics!M33:P33) | R19: =Scale_PCA_Mechanics!C19
O20: =Scale_PCA_Mechanics!L20 | P20: =Scale_PCA_Mechanics!Z20 | Q20: =SUMPRODUCT(Scale_PCA_Mechanics!B20:E20,Scale_PCA_Mechanics!M33:P33) | R20: =Scale_PCA_Mechanics!C20
O21: =Scale_PCA_Mechanics!L21 | P21: =Scale_PCA_Mechanics!Z21 | Q21: =SUMPRODUCT(Scale_PCA_Mechanics!B21:E21,Scale_PCA_Mechanics!M33:P33) | R21: =Scale_PCA_Mechanics!C21
O22: =Scale_PCA_Mechanics!L22 | P22: =Scale_PCA_Mechanics!Z22 | Q22: =SUMPRODUCT(Scale_PCA_Mechanics!B22:E22,Scale_PCA_Mechanics!M33:P33) | R22: =Scale_PCA_Mechanics!C22
O23: =Scale_PCA_Mechanics!L23 | P23: =Scale_PCA_Mechanics!Z23 | Q23: =SUMPRODUCT(Scale_PCA_Mechanics!B23:E23,Scale_PCA_Mechanics!M33:P33) | R23: =Scale_PCA_Mechanics!C23
O24: =Scale_PCA_Mechanics!L24 | P24: =Scale_PCA_Mechanics!Z24 | Q24: =SUMPRODUCT(Scale_PCA_Mechanics!B24:E24,Scale_PCA_Mechanics!M33:P33) | R24: =Scale_PCA_Mechanics!C24
O25: =Scale_PCA_Mechanics!L25 | P25: =Scale_PCA_Mechanics!Z25 | Q25: =SUMPRODUCT(Scale_PCA_Mechanics!B25:E25,Scale_PCA_Mechanics!M33:P33) | R25: =Scale_PCA_Mechanics!C25
O26: =Scale_PCA_Mechanics!L26 | P26: =Scale_PCA_Mechanics!Z26 | Q26: =SUMPRODUCT(Scale_PCA_Mechanics!B26:E26,Scale_PCA_Mechanics!M33:P33) | R26: =Scale_PCA_Mechanics!C26
O27: =Scale_PCA_Mechanics!L27 | P27: =Scale_PCA_Mechanics!Z27 | Q27: =SUMPRODUCT(Scale_PCA_Mechanics!B27:E27,Scale_PCA_Mechanics!M33:P33) | R27: =Scale_PCA_Mechanics!C27
O28: =Scale_PCA_Mechanics!L28 | P28: =Scale_PCA_Mechanics!Z28 | Q28: =SUMPRODUCT(Scale_PCA_Mechanics!B28:E28,Scale_PCA_Mechanics!M33:P33) | R28: =Scale_PCA_Mechanics!C28
O29: =Scale_PCA_Mechanics!L29 | P29: =Scale_PCA_Mechanics!Z29 | Q29: =SUMPRODUCT(Scale_PCA_Mechanics!B29:E29,Scale_PCA_Mechanics!M33:P33) | R29: =Scale_PCA_Mechanics!C29
O30: =Scale_PCA_Mechanics!L30 | P30: =Scale_PCA_Mechanics!Z30 | Q30: =SUMPRODUCT(Scale_PCA_Mechanics!B30:E30,Scale_PCA_Mechanics!M33:P33) | R30: =Scale_PCA_Mechanics!C30
O31: =Scale_PCA_Mechanics!L31 | P31: =Scale_PCA_Mechanics!Z31 | Q31: =SUMPRODUCT(Scale_PCA_Mechanics!B31:E31,Scale_PCA_Mechanics!M33:P33) | R31: =Scale_PCA_Mechanics!C31
O32: =Scale_PCA_Mechanics!L32 | P32: =Scale_PCA_Mechanics!Z32 | Q32: =SUMPRODUCT(Scale_PCA_Mechanics!B32:E32,Scale_PCA_Mechanics!M33:P33) | R32: =Scale_PCA_Mechanics!C32
O33: =Scale_PCA_Mechanics!L33 | P33: =Scale_PCA_Mechanics!Z33 | Q33: =SUMPRODUCT(Scale_PCA_Mechanics!B33:E33,Scale_PCA_Mechanics!M33:P33) | R33: =Scale_PCA_Mechanics!C33
O34: =Scale_PCA_Mechanics!L34 | P34: =Scale_PCA_Mechanics!Z34 | Q34: =SUMPRODUCT(Scale_PCA_Mechanics!B34:E34,Scale_PCA_Mechanics!M33:P33) | R34: =Scale_PCA_Mechanics!C34
O35: =Scale_PCA_Mechanics!L35 | P35: =Scale_PCA_Mechanics!Z35 | Q35: =SUMPRODUCT(Scale_PCA_Mechanics!B35:E35,Scale_PCA_Mechanics!M33:P33) | R35: =Scale_PCA_Mechanics!C35
O36: =Scale_PCA_Mechanics!L36 | P36: =Scale_PCA_Mechanics!Z36 | Q36: =SUMPRODUCT(Scale_PCA_Mechanics!B36:E36,Scale_PCA_Mechanics!M33:P33) | R36: =Scale_PCA_Mechanics!C36
O37: =Scale_PCA_Mechanics!L37 | P37: =Scale_PCA_Mechanics!Z37 | Q37: =SUMPRODUCT(Scale_PCA_Mechanics!B37:E37,Scale_PCA_Mechanics!M33:P33) | R37: =Scale_PCA_Mechanics!C37
O38: =Scale_PCA_Mechanics!L38 | P38: =Scale_PCA_Mechanics!Z38 | Q38: =SUMPRODUCT(Scale_PCA_Mechanics!B38:E38,Scale_PCA_Mechanics!M33:P33) | R38: =Scale_PCA_Mechanics!C38
O39: =Scale_PCA_Mechanics!L39 | P39: =Scale_PCA_Mechanics!Z39 | Q39: =SUMPRODUCT(Scale_PCA_Mechanics!B39:E39,Scale_PCA_Mechanics!M33:P33) | R39: =Scale_PCA_Mechanics!C39
O40: =Scale_PCA_Mechanics!L40 | P40: =Scale_PCA_Mechanics!Z40 | Q40: =SUMPRODUCT(Scale_PCA_Mechanics!B40:E40,Scale_PCA_Mechanics!M33:P33) | R40: =Scale_PCA_Mechanics!C40
O41: =Scale_PCA_Mechanics!L41 | P41: =Scale_PCA_Mechanics!Z41 | Q41: =SUMPRODUCT(Scale_PCA_Mechanics!B41:E41,Scale_PCA_Mechanics!M33:P33) | R41: =Scale_PCA_Mechanics!C41
O42: =Scale_PCA_Mechanics!L42 | P42: =Scale_PCA_Mechanics!Z42 | Q42: =SUMPRODUCT(Scale_PCA_Mechanics!B42:E42,Scale_PCA_Mechanics!M33:P33) | R42: =Scale_PCA_Mechanics!C42
O43: =Scale_PCA_Mechanics!L43 | P43: =Scale_PCA_Mechanics!Z43 | Q43: =SUMPRODUCT(Scale_PCA_Mechanics!B43:E43,Scale_PCA_Mechanics!M33:P33) | R43: =Scale_PCA_Mechanics!C43
O44: =Scale_PCA_Mechanics!L44 | P44: =Scale_PCA_Mechanics!Z44 | Q44: =SUMPRODUCT(Scale_PCA_Mechanics!B44:E44,Scale_PCA_Mechanics!M33:P33) | R44: =Scale_PCA_Mechanics!C44
O45: =Scale_PCA_Mechanics!L45 | P45: =Scale_PCA_Mechanics!Z45 | Q45: =SUMPRODUCT(Scale_PCA_Mechanics!B45:E45,Scale_PCA_Mechanics!M33:P33) | R45: =Scale_PCA_Mechanics!C45
O46: =Scale_PCA_Mechanics!L46 | P46: =Scale_PCA_Mechanics!Z46 | Q46: =SUMPRODUCT(Scale_PCA_Mechanics!B46:E46,Scale_PCA_Mechanics!M33:P33) | R46: =Scale_PCA_Mechanics!C46
O47: =Scale_PCA_Mechanics!L47 | P47: =Scale_PCA_Mechanics!Z47 | Q47: =SUMPRODUCT(Scale_PCA_Mechanics!B47:E47,Scale_PCA_Mechanics!M33:P33) | R47: =Scale_PCA_Mechanics!C47
O48: =Scale_PCA_Mechanics!L48 | P48: =Scale_PCA_Mechanics!Z48 | Q48: =SUMPRODUCT(Scale_PCA_Mechanics!B48:E48,Scale_PCA_Mechanics!M33:P33) | R48: =Scale_PCA_Mechanics!C48
O49: =Scale_PCA_Mechanics!L49 | P49: =Scale_PCA_Mechanics!Z49 | Q49: =SUMPRODUCT(Scale_PCA_Mechanics!B49:E49,Scale_PCA_Mechanics!M33:P33) | R49: =Scale_PCA_Mechanics!C49
O50: =Scale_PCA_Mechanics!L50 | P50: =Scale_PCA_Mechanics!Z50 | Q50: =SUMPRODUCT(Scale_PCA_Mechanics!B50:E50,Scale_PCA_Mechanics!M33:P33) | R50: =Scale_PCA_Mechanics!C50
O51: =Scale_PCA_Mechanics!L51 | P51: =Scale_PCA_Mechanics!Z51 | Q51: =SUMPRODUCT(Scale_PCA_Mechanics!B51:E51,Scale_PCA_Mechanics!M33:P33) | R51: =Scale_PCA_Mechanics!C51

Sheet Plot_Parity_6_2
A1: state_id | B1: PC1_proxy | C1: PC2_proxy | D1: cluster | F1: c1_x | G1: c1_y | H1: c2_x | I1: c2_y | J1: c3_x | K1: c3_y | M1: K | N1: bss_tss
A2: =KMeans_6_2!A2 | B2: =Scale_PCA_Mechanics!L2 | C2: =Scale_PCA_Mechanics!Z2 | D2: =KMeans_6_2!AA2 | F2: =IF($D2=1,$B2,NA()) | G2: =IF($D2=1,$C2,NA()) | H2: =IF($D2=2,$B2,NA()) | I2: =IF($D2=2,$C2,NA()) | J2: =IF($D2=3,$B2,NA()) | K2: =IF($D2=3,$C2,NA()) | M2: =KMeans_6_2!AE2 | N2: =KMeans_6_2!AF2 | T2: 5 | U2: 0
A3: =KMeans_6_2!A3 | B3: =Scale_PCA_Mechanics!L3 | C3: =Scale_PCA_Mechanics!Z3 | D3: =KMeans_6_2!AA3 | F3: =IF($D3=1,$B3,NA()) | G3: =IF($D3=1,$C3,NA()) | H3: =IF($D3=2,$B3,NA()) | I3: =IF($D3=2,$C3,NA()) | J3: =IF($D3=3,$B3,NA()) | K3: =IF($D3=3,$C3,NA()) | M3: =KMeans_6_2!AE3 | N3: =KMeans_6_2!AF3 | T3: 5 | U3: 0.71088118
A4: =KMeans_6_2!A4 | B4: =Scale_PCA_Mechanics!L4 | C4: =Scale_PCA_Mechanics!Z4 | D4: =KMeans_6_2!AA4 | F4: =IF($D4=1,$B4,NA()) | G4: =IF($D4=1,$C4,NA()) | H4: =IF($D4=2,$B4,NA()) | I4: =IF($D4=2,$C4,NA()) | J4: =IF($D4=3,$B4,NA()) | K4: =IF($D4=3,$C4,NA()) | M4: =KMeans_6_2!AE4 | N4: =KMeans_6_2!AF4 | T4: 15 | U4: 0.71088118
A5: =KMeans_6_2!A5 | B5: =Scale_PCA_Mechanics!L5 | C5: =Scale_PCA_Mechanics!Z5 | D5: =KMeans_6_2!AA5 | F5: =IF($D5=1,$B5,NA()) | G5: =IF($D5=1,$C5,NA()) | H5: =IF($D5=2,$B5,NA()) | I5: =IF($D5=2,$C5,NA()) | J5: =IF($D5=3,$B5,NA()) | K5: =IF($D5=3,$C5,NA()) | M5: =KMeans_6_2!AE5 | N5: =KMeans_6_2!AF5 | T5: 15 | U5: 0
A6: =KMeans_6_2!A6 | B6: =Scale_PCA_Mechanics!L6 | C6: =Scale_PCA_Mechanics!Z6 | D6: =KMeans_6_2!AA6 | F6: =IF($D6=1,$B6,NA()) | G6: =IF($D6=1,$C6,NA()) | H6: =IF($D6=2,$B6,NA()) | I6: =IF($D6=2,$C6,NA()) | J6: =IF($D6=3,$B6,NA()) | K6: =IF($D6=3,$C6,NA()) | M6: =KMeans_6_2!AE6 | N6: =KMeans_6_2!AF6
A7: =KMeans_6_2!A7 | B7: =Scale_PCA_Mechanics!L7 | C7: =Scale_PCA_Mechanics!Z7 | D7: =KMeans_6_2!AA7 | F7: =IF($D7=1,$B7,NA()) | G7: =IF($D7=1,$C7,NA()) | H7: =IF($D7=2,$B7,NA()) | I7: =IF($D7=2,$C7,NA()) | J7: =IF($D7=3,$B7,NA()) | K7: =IF($D7=3,$C7,NA()) | M7: =KMeans_6_2!AE7 | N7: =KMeans_6_2!AF7 | T7: 25 | U7: 0
A8: =KMeans_6_2!A8 | B8: =Scale_PCA_Mechanics!L8 | C8: =Scale_PCA_Mechanics!Z8 | D8: =KMeans_6_2!AA8 | F8: =IF($D8=1,$B8,NA()) | G8: =IF($D8=1,$C8,NA()) | H8: =IF($D8=2,$B8,NA()) | I8: =IF($D8=2,$C8,NA()) | J8: =IF($D8=3,$B8,NA()) | K8: =IF($D8=3,$C8,NA()) | M8: =KMeans_6_2!AE8 | N8: =KMeans_6_2!AF8 | T8: 25 | U8: 0.98248568
A9: =KMeans_6_2!A9 | B9: =Scale_PCA_Mechanics!L9 | C9: =Scale_PCA_Mechanics!Z9 | D9: =KMeans_6_2!AA9 | F9: =IF($D9=1,$B9,NA()) | G9: =IF($D9=1,$C9,NA()) | H9: =IF($D9=2,$B9,NA()) | I9: =IF($D9=2,$C9,NA()) | J9: =IF($D9=3,$B9,NA()) | K9: =IF($D9=3,$C9,NA()) | M9: =KMeans_6_2!AE9 | N9: =KMeans_6_2!AF9 | T9: 35 | U9: 0.98248568
A10: =KMeans_6_2!A10 | B10: =Scale_PCA_Mechanics!L10 | C10: =Scale_PCA_Mechanics!Z10 | D10: =KMeans_6_2!AA10 | F10: =IF($D10=1,$B10,NA()) | G10: =IF($D10=1,$C10,NA()) | H10: =IF($D10=2,$B10,NA()) | I10: =IF($D10=2,$C10,NA()) | J10: =IF($D10=3,$B10,NA()) | K10: =IF($D10=3,$C10,NA()) | M10: =KMeans_6_2!AE10 | N10: =KMeans_6_2!AF10 | T10: 35 | U10: 0
A11: =KMeans_6_2!A11 | B11: =Scale_PCA_Mechanics!L11 | C11: =Scale_PCA_Mechanics!Z11 | D11: =KMeans_6_2!AA11 | F11: =IF($D11=1,$B11,NA()) | G11: =IF($D11=1,$C11,NA()) | H11: =IF($D11=2,$B11,NA()) | I11: =IF($D11=2,$C11,NA()) | J11: =IF($D11=3,$B11,NA()) | K11: =IF($D11=3,$C11,NA()) | M11: =KMeans_6_2!AE11 | N11: =KMeans_6_2!AF11
A12: =KMeans_6_2!A12 | B12: =Scale_PCA_Mechanics!L12 | C12: =Scale_PCA_Mechanics!Z12 | D12: =KMeans_6_2!AA12 | F12: =IF($D12=1,$B12,NA()) | G12: =IF($D12=1,$C12,NA()) | H12: =IF($D12=2,$B12,NA()) | I12: =IF($D12=2,$C12,NA()) | J12: =IF($D12=3,$B12,NA()) | K12: =IF($D12=3,$C12,NA()) | T12: 10 | U12: 0.71088118
A13: =KMeans_6_2!A13 | B13: =Scale_PCA_Mechanics!L13 | C13: =Scale_PCA_Mechanics!Z13 | D13: =KMeans_6_2!AA13 | F13: =IF($D13=1,$B13,NA()) | G13: =IF($D13=1,$C13,NA()) | H13: =IF($D13=2,$B13,NA()) | I13: =IF($D13=2,$C13,NA()) | J13: =IF($D13=3,$B13,NA()) | K13: =IF($D13=3,$C13,NA()) | T13: 10 | U13: 1.2716808
A14: =KMeans_6_2!A14 | B14: =Scale_PCA_Mechanics!L14 | C14: =Scale_PCA_Mechanics!Z14 | D14: =KMeans_6_2!AA14 | F14: =IF($D14=1,$B14,NA()) | G14: =IF($D14=1,$C14,NA()) | H14: =IF($D14=2,$B14,NA()) | I14: =IF($D14=2,$C14,NA()) | J14: =IF($D14=3,$B14,NA()) | K14: =IF($D14=3,$C14,NA()) | T14: 30 | U14: 1.2716808
A15: =KMeans_6_2!A15 | B15: =Scale_PCA_Mechanics!L15 | C15: =Scale_PCA_Mechanics!Z15 | D15: =KMeans_6_2!AA15 | F15: =IF($D15=1,$B15,NA()) | G15: =IF($D15=1,$C15,NA()) | H15: =IF($D15=2,$B15,NA()) | I15: =IF($D15=2,$C15,NA()) | J15: =IF($D15=3,$B15,NA()) | K15: =IF($D15=3,$C15,NA()) | T15: 30 | U15: 0.98248568
A16: =KMeans_6_2!A16 | B16: =Scale_PCA_Mechanics!L16 | C16: =Scale_PCA_Mechanics!Z16 | D16: =KMeans_6_2!AA16 | F16: =IF($D16=1,$B16,NA()) | G16: =IF($D16=1,$C16,NA()) | H16: =IF($D16=2,$B16,NA()) | I16: =IF($D16=2,$C16,NA()) | J16: =IF($D16=3,$B16,NA()) | K16: =IF($D16=3,$C16,NA())
A17: =KMeans_6_2!A17 | B17: =Scale_PCA_Mechanics!L17 | C17: =Scale_PCA_Mechanics!Z17 | D17: =KMeans_6_2!AA17 | F17: =IF($D17=1,$B17,NA()) | G17: =IF($D17=1,$C17,NA()) | H17: =IF($D17=2,$B17,NA()) | I17: =IF($D17=2,$C17,NA()) | J17: =IF($D17=3,$B17,NA()) | K17: =IF($D17=3,$C17,NA()) | T17: 55 | U17: 0
A18: =KMeans_6_2!A18 | B18: =Scale_PCA_Mechanics!L18 | C18: =Scale_PCA_Mechanics!Z18 | D18: =KMeans_6_2!AA18 | F18: =IF($D18=1,$B18,NA()) | G18: =IF($D18=1,$C18,NA()) | H18: =IF($D18=2,$B18,NA()) | I18: =IF($D18=2,$C18,NA()) | J18: =IF($D18=3,$B18,NA()) | K18: =IF($D18=3,$C18,NA()) | T18: 55 | U18: 0.20585386
A19: =KMeans_6_2!A19 | B19: =Scale_PCA_Mechanics!L19 | C19: =Scale_PCA_Mechanics!Z19 | D19: =KMeans_6_2!AA19 | F19: =IF($D19=1,$B19,NA()) | G19: =IF($D19=1,$C19,NA()) | H19: =IF($D19=2,$B19,NA()) | I19: =IF($D19=2,$C19,NA()) | J19: =IF($D19=3,$B19,NA()) | K19: =IF($D19=3,$C19,NA()) | T19: 65 | U19: 0.20585386
A20: =KMeans_6_2!A20 | B20: =Scale_PCA_Mechanics!L20 | C20: =Scale_PCA_Mechanics!Z20 | D20: =KMeans_6_2!AA20 | F20: =IF($D20=1,$B20,NA()) | G20: =IF($D20=1,$C20,NA()) | H20: =IF($D20=2,$B20,NA()) | I20: =IF($D20=2,$C20,NA()) | J20: =IF($D20=3,$B20,NA()) | K20: =IF($D20=3,$C20,NA()) | T20: 65 | U20: 0
A21: =KMeans_6_2!A21 | B21: =Scale_PCA_Mechanics!L21 | C21: =Scale_PCA_Mechanics!Z21 | D21: =KMeans_6_2!AA21 | F21: =IF($D21=1,$B21,NA()) | G21: =IF($D21=1,$C21,NA()) | H21: =IF($D21=2,$B21,NA()) | I21: =IF($D21=2,$C21,NA()) | J21: =IF($D21=3,$B21,NA()) | K21: =IF($D21=3,$C21,NA())
A22: =KMeans_6_2!A22 | B22: =Scale_PCA_Mechanics!L22 | C22: =Scale_PCA_Mechanics!Z22 | D22: =KMeans_6_2!AA22 | F22: =IF($D22=1,$B22,NA()) | G22: =IF($D22=1,$C22,NA()) | H22: =IF($D22=2,$B22,NA()) | I22: =IF($D22=2,$C22,NA()) | J22: =IF($D22=3,$B22,NA()) | K22: =IF($D22=3,$C22,NA()) | T22: 45 | U22: 0
A23: =KMeans_6_2!A23 | B23: =Scale_PCA_Mechanics!L23 | C23: =Scale_PCA_Mechanics!Z23 | D23: =KMeans_6_2!AA23 | F23: =IF($D23=1,$B23,NA()) | G23: =IF($D23=1,$C23,NA()) | H23: =IF($D23=2,$B23,NA()) | I23: =IF($D23=2,$C23,NA()) | J23: =IF($D23=3,$B23,NA()) | K23: =IF($D23=3,$C23,NA()) | T23: 45 | U23: 0.64571576
A24: =KMeans_6_2!A24 | B24: =Scale_PCA_Mechanics!L24 | C24: =Scale_PCA_Mechanics!Z24 | D24: =KMeans_6_2!AA24 | F24: =IF($D24=1,$B24,NA()) | G24: =IF($D24=1,$C24,NA()) | H24: =IF($D24=2,$B24,NA()) | I24: =IF($D24=2,$C24,NA()) | J24: =IF($D24=3,$B24,NA()) | K24: =IF($D24=3,$C24,NA()) | T24: 60 | U24: 0.64571576
A25: =KMeans_6_2!A25 | B25: =Scale_PCA_Mechanics!L25 | C25: =Scale_PCA_Mechanics!Z25 | D25: =KMeans_6_2!AA25 | F25: =IF($D25=1,$B25,NA()) | G25: =IF($D25=1,$C25,NA()) | H25: =IF($D25=2,$B25,NA()) | I25: =IF($D25=2,$C25,NA()) | J25: =IF($D25=3,$B25,NA()) | K25: =IF($D25=3,$C25,NA()) | T25: 60 | U25: 0.20585386
A26: =KMeans_6_2!A26 | B26: =Scale_PCA_Mechanics!L26 | C26: =Scale_PCA_Mechanics!Z26 | D26: =KMeans_6_2!AA26 | F26: =IF($D26=1,$B26,NA()) | G26: =IF($D26=1,$C26,NA()) | H26: =IF($D26=2,$B26,NA()) | I26: =IF($D26=2,$C26,NA()) | J26: =IF($D26=3,$B26,NA()) | K26: =IF($D26=3,$C26,NA())
A27: =KMeans_6_2!A27 | B27: =Scale_PCA_Mechanics!L27 | C27: =Scale_PCA_Mechanics!Z27 | D27: =KMeans_6_2!AA27 | F27: =IF($D27=1,$B27,NA()) | G27: =IF($D27=1,$C27,NA()) | H27: =IF($D27=2,$B27,NA()) | I27: =IF($D27=2,$C27,NA()) | J27: =IF($D27=3,$B27,NA()) | K27: =IF($D27=3,$C27,NA()) | T27: 85 | U27: 0
A28: =KMeans_6_2!A28 | B28: =Scale_PCA_Mechanics!L28 | C28: =Scale_PCA_Mechanics!Z28 | D28: =KMeans_6_2!AA28 | F28: =IF($D28=1,$B28,NA()) | G28: =IF($D28=1,$C28,NA()) | H28: =IF($D28=2,$B28,NA()) | I28: =IF($D28=2,$C28,NA()) | J28: =IF($D28=3,$B28,NA()) | K28: =IF($D28=3,$C28,NA()) | T28: 85 | U28: 0.73899359
A29: =KMeans_6_2!A29 | B29: =Scale_PCA_Mechanics!L29 | C29: =Scale_PCA_Mechanics!Z29 | D29: =KMeans_6_2!AA29 | F29: =IF($D29=1,$B29,NA()) | G29: =IF($D29=1,$C29,NA()) | H29: =IF($D29=2,$B29,NA()) | I29: =IF($D29=2,$C29,NA()) | J29: =IF($D29=3,$B29,NA()) | K29: =IF($D29=3,$C29,NA()) | T29: 95 | U29: 0.73899359
A30: =KMeans_6_2!A30 | B30: =Scale_PCA_Mechanics!L30 | C30: =Scale_PCA_Mechanics!Z30 | D30: =KMeans_6_2!AA30 | F30: =IF($D30=1,$B30,NA()) | G30: =IF($D30=1,$C30,NA()) | H30: =IF($D30=2,$B30,NA()) | I30: =IF($D30=2,$C30,NA()) | J30: =IF($D30=3,$B30,NA()) | K30: =IF($D30=3,$C30,NA()) | T30: 95 | U30: 0
A31: =KMeans_6_2!A31 | B31: =Scale_PCA_Mechanics!L31 | C31: =Scale_PCA_Mechanics!Z31 | D31: =KMeans_6_2!AA31 | F31: =IF($D31=1,$B31,NA()) | G31: =IF($D31=1,$C31,NA()) | H31: =IF($D31=2,$B31,NA()) | I31: =IF($D31=2,$C31,NA()) | J31: =IF($D31=3,$B31,NA()) | K31: =IF($D31=3,$C31,NA())
A32: =KMeans_6_2!A32 | B32: =Scale_PCA_Mechanics!L32 | C32: =Scale_PCA_Mechanics!Z32 | D32: =KMeans_6_2!AA32 | F32: =IF($D32=1,$B32,NA()) | G32: =IF($D32=1,$C32,NA()) | H32: =IF($D32=2,$B32,NA()) | I32: =IF($D32=2,$C32,NA()) | J32: =IF($D32=3,$B32,NA()) | K32: =IF($D32=3,$C32,NA()) | T32: 75 | U32: 0
A33: =KMeans_6_2!A33 | B33: =Scale_PCA_Mechanics!L33 | C33: =Scale_PCA_Mechanics!Z33 | D33: =KMeans_6_2!AA33 | F33: =IF($D33=1,$B33,NA()) | G33: =IF($D33=1,$C33,NA()) | H33: =IF($D33=2,$B33,NA()) | I33: =IF($D33=2,$C33,NA()) | J33: =IF($D33=3,$B33,NA()) | K33: =IF($D33=3,$C33,NA()) | T33: 75 | U33: 0.82869362
A34: =KMeans_6_2!A34 | B34: =Scale_PCA_Mechanics!L34 | C34: =Scale_PCA_Mechanics!Z34 | D34: =KMeans_6_2!AA34 | F34: =IF($D34=1,$B34,NA()) | G34: =IF($D34=1,$C34,NA()) | H34: =IF($D34=2,$B34,NA()) | I34: =IF($D34=2,$C34,NA()) | J34: =IF($D34=3,$B34,NA()) | K34: =IF($D34=3,$C34,NA()) | T34: 90 | U34: 0.82869362
A35: =KMeans_6_2!A35 | B35: =Scale_PCA_Mechanics!L35 | C35: =Scale_PCA_Mechanics!Z35 | D35: =KMeans_6_2!AA35 | F35: =IF($D35=1,$B35,NA()) | G35: =IF($D35=1,$C35,NA()) | H35: =IF($D35=2,$B35,NA()) | I35: =IF($D35=2,$C35,NA()) | J35: =IF($D35=3,$B35,NA()) | K35: =IF($D35=3,$C35,NA()) | T35: 90 | U35: 0.73899359
A36: =KMeans_6_2!A36 | B36: =Scale_PCA_Mechanics!L36 | C36: =Scale_PCA_Mechanics!Z36 | D36: =KMeans_6_2!AA36 | F36: =IF($D36=1,$B36,NA()) | G36: =IF($D36=1,$C36,NA()) | H36: =IF($D36=2,$B36,NA()) | I36: =IF($D36=2,$C36,NA()) | J36: =IF($D36=3,$B36,NA()) | K36: =IF($D36=3,$C36,NA())
A37: =KMeans_6_2!A37 | B37: =Scale_PCA_Mechanics!L37 | C37: =Scale_PCA_Mechanics!Z37 | D37: =KMeans_6_2!AA37 | F37: =IF($D37=1,$B37,NA()) | G37: =IF($D37=1,$C37,NA()) | H37: =IF($D37=2,$B37,NA()) | I37: =IF($D37=2,$C37,NA()) | J37: =IF($D37=3,$B37,NA()) | K37: =IF($D37=3,$C37,NA()) | T37: 52.5 | U37: 0.64571576
A38: =KMeans_6_2!A38 | B38: =Scale_PCA_Mechanics!L38 | C38: =Scale_PCA_Mechanics!Z38 | D38: =KMeans_6_2!AA38 | F38: =IF($D38=1,$B38,NA()) | G38: =IF($D38=1,$C38,NA()) | H38: =IF($D38=2,$B38,NA()) | I38: =IF($D38=2,$C38,NA()) | J38: =IF($D38=3,$B38,NA()) | K38: =IF($D38=3,$C38,NA()) | T38: 52.5 | U38: 1.3329504
A39: =KMeans_6_2!A39 | B39: =Scale_PCA_Mechanics!L39 | C39: =Scale_PCA_Mechanics!Z39 | D39: =KMeans_6_2!AA39 | F39: =IF($D39=1,$B39,NA()) | G39: =IF($D39=1,$C39,NA()) | H39: =IF($D39=2,$B39,NA()) | I39: =IF($D39=2,$C39,NA()) | J39: =IF($D39=3,$B39,NA()) | K39: =IF($D39=3,$C39,NA()) | T39: 82.5 | U39: 1.3329504
A40: =KMeans_6_2!A40 | B40: =Scale_PCA_Mechanics!L40 | C40: =Scale_PCA_Mechanics!Z40 | D40: =KMeans_6_2!AA40 | F40: =IF($D40=1,$B40,NA()) | G40: =IF($D40=1,$C40,NA()) | H40: =IF($D40=2,$B40,NA()) | I40: =IF($D40=2,$C40,NA()) | J40: =IF($D40=3,$B40,NA()) | K40: =IF($D40=3,$C40,NA()) | T40: 82.5 | U40: 0.82869362
A41: =KMeans_6_2!A41 | B41: =Scale_PCA_Mechanics!L41 | C41: =Scale_PCA_Mechanics!Z41 | D41: =KMeans_6_2!AA41 | F41: =IF($D41=1,$B41,NA()) | G41: =IF($D41=1,$C41,NA()) | H41: =IF($D41=2,$B41,NA()) | I41: =IF($D41=2,$C41,NA()) | J41: =IF($D41=3,$B41,NA()) | K41: =IF($D41=3,$C41,NA())
A42: =KMeans_6_2!A42 | B42: =Scale_PCA_Mechanics!L42 | C42: =Scale_PCA_Mechanics!Z42 | D42: =KMeans_6_2!AA42 | F42: =IF($D42=1,$B42,NA()) | G42: =IF($D42=1,$C42,NA()) | H42: =IF($D42=2,$B42,NA()) | I42: =IF($D42=2,$C42,NA()) | J42: =IF($D42=3,$B42,NA()) | K42: =IF($D42=3,$C42,NA()) | T42: 20 | U42: 1.2716808
A43: =KMeans_6_2!A43 | B43: =Scale_PCA_Mechanics!L43 | C43: =Scale_PCA_Mechanics!Z43 | D43: =KMeans_6_2!AA43 | F43: =IF($D43=1,$B43,NA()) | G43: =IF($D43=1,$C43,NA()) | H43: =IF($D43=2,$B43,NA()) | I43: =IF($D43=2,$C43,NA()) | J43: =IF($D43=3,$B43,NA()) | K43: =IF($D43=3,$C43,NA()) | T43: 20 | U43: 2.2952287
A44: =KMeans_6_2!A44 | B44: =Scale_PCA_Mechanics!L44 | C44: =Scale_PCA_Mechanics!Z44 | D44: =KMeans_6_2!AA44 | F44: =IF($D44=1,$B44,NA()) | G44: =IF($D44=1,$C44,NA()) | H44: =IF($D44=2,$B44,NA()) | I44: =IF($D44=2,$C44,NA()) | J44: =IF($D44=3,$B44,NA()) | K44: =IF($D44=3,$C44,NA()) | T44: 67.5 | U44: 2.2952287
A45: =KMeans_6_2!A45 | B45: =Scale_PCA_Mechanics!L45 | C45: =Scale_PCA_Mechanics!Z45 | D45: =KMeans_6_2!AA45 | F45: =IF($D45=1,$B45,NA()) | G45: =IF($D45=1,$C45,NA()) | H45: =IF($D45=2,$B45,NA()) | I45: =IF($D45=2,$C45,NA()) | J45: =IF($D45=3,$B45,NA()) | K45: =IF($D45=3,$C45,NA()) | T45: 67.5 | U45: 1.3329504
A46: =KMeans_6_2!A46 | B46: =Scale_PCA_Mechanics!L46 | C46: =Scale_PCA_Mechanics!Z46 | D46: =KMeans_6_2!AA46 | F46: =IF($D46=1,$B46,NA()) | G46: =IF($D46=1,$C46,NA()) | H46: =IF($D46=2,$B46,NA()) | I46: =IF($D46=2,$C46,NA()) | J46: =IF($D46=3,$B46,NA()) | K46: =IF($D46=3,$C46,NA())
A47: =KMeans_6_2!A47 | B47: =Scale_PCA_Mechanics!L47 | C47: =Scale_PCA_Mechanics!Z47 | D47: =KMeans_6_2!AA47 | F47: =IF($D47=1,$B47,NA()) | G47: =IF($D47=1,$C47,NA()) | H47: =IF($D47=2,$B47,NA()) | I47: =IF($D47=2,$C47,NA()) | J47: =IF($D47=3,$B47,NA()) | K47: =IF($D47=3,$C47,NA()) | T47: 125 | U47: 0
A48: =KMeans_6_2!A48 | B48: =Scale_PCA_Mechanics!L48 | C48: =Scale_PCA_Mechanics!Z48 | D48: =KMeans_6_2!AA48 | F48: =IF($D48=1,$B48,NA()) | G48: =IF($D48=1,$C48,NA()) | H48: =IF($D48=2,$B48,NA()) | I48: =IF($D48=2,$C48,NA()) | J48: =IF($D48=3,$B48,NA()) | K48: =IF($D48=3,$C48,NA()) | T48: 125 | U48: 0.70383091
A49: =KMeans_6_2!A49 | B49: =Scale_PCA_Mechanics!L49 | C49: =Scale_PCA_Mechanics!Z49 | D49: =KMeans_6_2!AA49 | F49: =IF($D49=1,$B49,NA()) | G49: =IF($D49=1,$C49,NA()) | H49: =IF($D49=2,$B49,NA()) | I49: =IF($D49=2,$C49,NA()) | J49: =IF($D49=3,$B49,NA()) | K49: =IF($D49=3,$C49,NA()) | T49: 135 | U49: 0.70383091
A50: =KMeans_6_2!A50 | B50: =Scale_PCA_Mechanics!L50 | C50: =Scale_PCA_Mechanics!Z50 | D50: =KMeans_6_2!AA50 | F50: =IF($D50=1,$B50,NA()) | G50: =IF($D50=1,$C50,NA()) | H50: =IF($D50=2,$B50,NA()) | I50: =IF($D50=2,$C50,NA()) | J50: =IF($D50=3,$B50,NA()) | K50: =IF($D50=3,$C50,NA()) | T50: 135 | U50: 0
A51: =KMeans_6_2!A51 | B51: =Scale_PCA_Mechanics!L51 | C51: =Scale_PCA_Mechanics!Z51 | D51: =KMeans_6_2!AA51 | F51: =IF($D51=1,$B51,NA()) | G51: =IF($D51=1,$C51,NA()) | H51: =IF($D51=2,$B51,NA()) | I51: =IF($D51=2,$C51,NA()) | J51: =IF($D51=3,$B51,NA()) | K51: =IF($D51=3,$C51,NA())
T52: 115 | U52: 0
T53: 115 | U53: 0.99710349
T54: 130 | U54: 0.99710349
T55: 130 | U55: 0.70383091
T57: 105 | U57: 0
T58: 105 | U58: 1.0918624
T59: 122.5 | U59: 1.0918624
T60: 122.5 | U60: 0.99710349
T62: 155 | U62: 0
T63: 155 | U63: 0.59353434
T64: 165 | U64: 0.59353434
T65: 165 | U65: 0
... T245: 393.82812 | U245: 4.4200736
AA260: 25 | AB260: 0
AA261: 25 | AB261: 1.1968261
AA262: 35 | AB262: 1.1968261
AA263: 35 | AB263: 0
AA265: 55 | AB265: 0
AA266: 55 | AB266: 0.78656735
AA267: 65 | AB267: 0.78656735
AA268: 65 | AB268: 0
AA270: 95 | AB270: 0
AA271: 95 | AB271: 0.77222245
AA272: 105 | AB272: 0.77222245
AA273: 105 | AB273: 0
... AA503: 42.923617 | AB503: 1.2965798
T520: 25 | U520: 0
T521: 25 | U521: 0.20585386
T522: 35 | U522: 0.20585386
T523: 35 | U523: 0
T525: 15 | U525: 0
T526: 15 | U526: 0.57265642
T527: 30 | U527: 0.57265642
T528: 30 | U528: 0.20585386
T530: 5 | U530: 0
T531: 5 | U531: 0.90239592
T532: 22.5 | U532: 0.90239592
T533: 22.5 | U533: 0.57265642
... T763: 339.78516 | U763: 2.7347788
AA780: 25 | AB780: 0
AA781: 25 | AB781: 0.20585386
AA782: 35 | AB782: 0.20585386
AA783: 35 | AB783: 0
AA785: 15 | AB785: 0
AA786: 15 | AB786: 0.56804849
AA787: 30 | AB787: 0.56804849
AA788: 30 | AB788: 0.20585386
AA790: 5 | AB790: 0
AA791: 5 | AB791: 0.8678366
...
