Workbook

Sheet README
A1: sheet | B1: purpose
A2: Controls | B2: Global parameters used by all mechanics formulas.
A3: Data | B3: Wage subset with wage_flag and train/test split.
A4: Transform_Tree | B4: Chunk 4 mechanics: wage vs sqrt(wage) stump split on age.
A5: ClassTree | B5: Chunks 5, 8, 9, 14 mechanics: class tree, confusion matrix.
A6: ROC_Mechanics | B6: Chunk 15 mechanics: threshold sweep and ROC points from class probabilities.
A7: RF_Mechanics | B7: Chunks 19-23 mechanics: per-tree class votes and majority prediction.
A8: Boosting_Lite | B8: Chunk 26-27 style additive stage logic (formula-only approximation).
A9: CP_Pruning_Mechanics | B9: cp, xerror, and pruning pick mechanics tied to tree variants.
A10: RF_CV_Tuning | B10: Repeated CV + downsampling + mtry/ntree tuning grid mechanics.
A11: RF_Importance_PDP | B11: Variable-importance proxies and PDP-style views.
A12: XGB_Mechanics | B12: xgbTree-style tuning grid and prediction mechanics.
A13: Summary | B13: Key metrics pulled from all mechanics tabs.

Sheet Controls
A1: wage_high_cutoff | B1: 100
A2: classification_threshold | B2: 0.5
A3: rf_visible_trees | B3: 25
A4: boosting_stages | B4: 12
A5: boosting_learning_rate | B5: 0.2
A6: note | B6: Workbook is formula-first mechanics, not a full package replication.
A7: cp_alpha_override (optional)

Sheet Data
A1: id | B1: year | C1: age | D1: maritl | E1: maritl_collapsed | F1: race | G1: education | H1: jobclass | I1: health | J1: health_ins | K1: wage | L1: wage_flag | M1: set
A2: 1 | B2: 2006 | C2: 18 | D2: 1. Never Married | E2: 1. Never Married | F2: 1. White | G2: 1. < HS Grad | H2: 1. Industrial | I2: 1. <=Good | J2: 2. No | K2: 75.043154 | L2: 0 | M2: Train
A3: 2 | B3: 2004 | C3: 24 | D3: 1. Never Married | E3: 1. Never Married | F3: 1. White | G3: 4. College Grad | H3: 2. Information | I3: 2. >=Very Good | J3: 2. No | K3: 70.47602 | L3: 0 | M3: Train
A4: 3 | B4: 2003 | C4: 45 | D4: 2. Married | E4: 2. Married | F4: 1. White | G4: 3. Some College | H4: 1. Industrial | I4: 1. <=Good | J4: 1. Yes | K4: 130.98218 | L4: 1 | M4: Train
A5: 4 | B5: 2003 | C5: 43 | D5: 2. Married | E5: 2. Married | F5: 3. Asian | G5: 4. College Grad | H5: 2. Information | I5: 2. >=Very Good | J5: 1. Yes | K5: 154.68529 | L5: 1 | M5: Train
A6: 5 | B6: 2005 | C6: 50 | D6: 4. Divorced | E6: 3. Other | F6: 1. White | G6: 2. HS Grad | H6: 2. Information | I6: 1. <=Good | J6: 1. Yes | K6: 75.043154 | L6: 0 | M6: Train
A7: 6 | B7: 2008 | C7: 54 | D7: 2. Married | E7: 2. Married | F7: 1. White | G7: 4. College Grad | H7: 2. Information | I7: 2. >=Very Good | J7: 1. Yes | K7: 127.11574 | L7: 1 | M7: Train
A8: 7 | B8: 2009 | C8: 44 | D8: 2. Married | E8: 2. Married | F8: 4. Other | G8: 3. Some College | H8: 1. Industrial | I8: 2. >=Very Good | J8: 1. Yes | K8: 169.52854 | L8: 1 | M8: Train
A9: 8 | B9: 2008 | C9: 30 | D9: 1. Never Married | E9: 1. Never Married | F9: 3. Asian | G9: 3. Some College | H9: 2. Information | I9: 1. <=Good | J9: 1. Yes | K9: 111.72085 | L9: 1 | M9: Train
A10: 9 | B10: 2006 | C10: 41 | D10: 1. Never Married | E10: 1. Never Married | F10: 2. Black | G10: 3. Some College | H10: 2. Information | I10: 2. >=Very Good | J10: 1. Yes | K10: 118.88436 | L10: 1 | M10: Train
A11: 10 | B11: 2004 | C11: 52 | D11: 2. Married | E11: 2. Married | F11: 1. White | G11: 2. HS Grad | H11: 2. Information | I11: 2. >=Very Good | J11: 1. Yes | K11: 128.68049 | L11: 1 | M11: Train
A12: 11 | B12: 2007 | C12: 45 | D12: 4. Divorced | E12: 3. Other | F12: 1. White | G12: 3. Some College | H12: 2. Information | I12: 1. <=Good | J12: 1. Yes | K12: 117.14682 | L12: 1 | M12: Train
A13: 12 | B13: 2007 | C13: 34 | D13: 2. Married | E13: 2. Married | F13: 1. White | G13: 2. HS Grad | H13: 1. Industrial | I13: 2. >=Very Good | J13: 2. No | K13: 81.283253 | L13: 0 | M13: Train
... A301: 300 | B301: 2009 | C301: 52 | D301: 5. Separated | E301: 3. Other | F301: 2. Black | G301: 2. HS Grad | H301: 1. Industrial | I301: 2. >=Very Good | J301: 1. Yes | K301: 87.981033 | L301: 0 | M301: Test

Sheet Transform_Tree
A1: age_threshold | B1: left_n | C1: left_mean_wage | D1: right_n | E1: right_mean_wage | F1: sse_wage | G1: left_mean_sqrtwage | H1: right_mean_sqrtwage | I1: sse_sqrtwage | J1: valid_split | K1: valid_sse_wage | L1: valid_sse_sqrt | N1: best_threshold_wage
A2: =Data!C2 -> 18 | B2: =COUNTIF(Data!$C$2:$C$301,"<="&A2) -> 2 | C2: =IF(B2=0,0,AVERAGEIF(Data!$C$2:$C$301,"<="&A2,Data!$K$2:$K$301)) -> 72.759587 | D2: =COUNTIF(Data!$C$2:$C$301,">"&A2) -> 298 | E2: =IF(D2=0,0,AVERAGEIF(Data!$C$2:$C$301,">"&A2,Data!$K$2:$K$301)) -> 110.49152 | F2: =SUMPRODUCT(--(Data!$C$2:$C$301<=A2),(Data!$K$2:$K$301-C2)^2)+SUMPRODUCT(--(Data!$C$2:$C$301>A2),(Data!$K$2:$K$301-E2)^2) -> 534445.49 | G2: =IF(B2=0,0,SUMPRODUCT(--(Data!$C$2:$C$301<=A2),SQRT(Data!$K$2:$K$301))/B2) -> 8.5288724 | H2: =IF(D2=0,0,SUMPRODUCT(--(Data!$C$2:$C$301>A2),SQRT(Data!$K$2:$K$301))/D2) -> 10.339827 | I2: =SUMPRODUCT(--(Data!$C$2:$C$301<=A2),(SQRT(Data!$K$2:$K$301)-G2)^2)+SUMPRODUCT(--(Data!$C$2:$C$301>A2),(SQRT(Data!$K$2:$K$301)-H2)^2) -> 1066.728 | J2: =IF(AND(B2>0,D2>0),1,0) -> 1 | K2: =IF(J2=1,F2,1E+99) -> 534445.49 | L2: =IF(J2=1,I2,1E+99) -> 1066.728 | N2: =INDEX(A2:A251,MATCH(MIN(K2:K251),K2:K251,0)) -> 34
A3: =Data!C3 -> 24 | B3: =COUNTIF(Data!$C$2:$C$301,"<="&A3) -> 16 | C3: =IF(B3=0,0,AVERAGEIF(Data!$C$2:$C$301,"<="&A3,Data!$K$2:$K$301)) -> 64.145616 | D3: =COUNTIF(Data!$C$2:$C$301,">"&A3) -> 284 | E3: =IF(D3=0,0,AVERAGEIF(Data!$C$2:$C$301,">"&A3,Data!$K$2:$K$301)) -> 112.83684 | F3: =SUMPRODUCT(--(Data!$C$2:$C$301<=A3),(Data!$K$2:$K$301-C3)^2)+SUMPRODUCT(--(Data!$C$2:$C$301>A3),(Data!$K$2:$K$301-E3)^2) -> 501363.65 | G3: =IF(B3=0,0,SUMPRODUCT(--(Data!$C$2:$C$301<=A3),SQRT(Data!$K$2:$K$301))/B3) -> 7.9418889 | H3: =IF(D3=0,0,SUMPRODUCT(--(Data!$C$2:$C$301>A3),SQRT(Data!$K$2:$K$301))/D3) -> 10.462169 | I3: =SUMPRODUCT(--(Data!$C$2:$C$301<=A3),(SQRT(Data!$K$2:$K$301)-G3)^2)+SUMPRODUCT(--(Data!$C$2:$C$301>A3),(SQRT(Data!$K$2:$K$301)-H3)^2) -> 977.03465 | J3: =IF(AND(B3>0,D3>0),1,0) -> 1 | K3: =IF(J3=1,F3,1E+99) -> 501363.65 | L3: =IF(J3=1,I3,1E+99) -> 977.03465 | N3: best_threshold_sqrt_wage
A4: =Data!C4 -> 45 | B4: =COUNTIF(Data!$C$2:$C$301,"<="&A4) -> 176 | C4: =IF(B4=0,0,AVERAGEIF(Data!$C$2:$C$301,"<="&A4,Data!$K$2:$K$301)) -> 107.19123 | D4: =COUNTIF(Data!$C$2:$C$301,">"&A4) -> 124 | E4: =IF(D4=0,0,AVERAGEIF(Data!$C$2:$C$301,">"&A4,Data!$K$2:$K$301)) -> 114.56723 | F4: =SUMPRODUCT(--(Data!$C$2:$C$301<=A4),(Data!$K$2:$K$301-C4)^2)+SUMPRODUCT(--(Data!$C$2:$C$301>A4),(Data!$K$2:$K$301-E4)^2) -> 533316.09 | G4: =IF(B4=0,0,SUMPRODUCT(--(Data!$C$2:$C$301<=A4),SQRT(Data!$K$2:$K$301))/B4) -> 10.17883 | H4: =IF(D4=0,0,SUMPRODUCT(--(Data!$C$2:$C$301>A4),SQRT(Data!$K$2:$K$301))/D4) -> 10.53913 | I4: =SUMPRODUCT(--(Data!$C$2:$C$301<=A4),(SQRT(Data!$K$2:$K$301)-G4)^2)+SUMPRODUCT(--(Data!$C$2:$C$301>A4),(SQRT(Data!$K$2:$K$301)-H4)^2) -> 1063.7997 | J4: =IF(AND(B4>0,D4>0),1,0) -> 1 | K4: =IF(J4=1,F4,1E+99) -> 533316.09 | L4: =IF(J4=1,I4,1E+99) -> 1063.7997 | N4: =INDEX(A2:A251,MATCH(MIN(L2:L251),L2:L251,0)) -> 27
A5: =Data!C5 -> 43 | B5: =COUNTIF(Data!$C$2:$C$301,"<="&A5) -> 161 | C5: =IF(B5=0,0,AVERAGEIF(Data!$C$2:$C$301,"<="&A5,Data!$K$2:$K$301)) -> 105.87301 | D5: =COUNTIF(Data!$C$2:$C$301,">"&A5) -> 139 | E5: =IF(D5=0,0,AVERAGEIF(Data!$C$2:$C$301,">"&A5,Data!$K$2:$K$301)) -> 115.29812 | F5: =SUMPRODUCT(--(Data!$C$2:$C$301<=A5),(Data!$K$2:$K$301-C5)^2)+SUMPRODUCT(--(Data!$C$2:$C$301>A5),(Data!$K$2:$K$301-E5)^2) -> 530647.27 | G5: =IF(B5=0,0,SUMPRODUCT(--(Data!$C$2:$C$301<=A5),SQRT(Data!$K$2:$K$301))/B5) -> 10.10807 | H5: =IF(D5=0,0,SUMPRODUCT(--(Data!$C$2:$C$301>A5),SQRT(Data!$K$2:$K$301))/D5) -> 10.582208 | I5: =SUMPRODUCT(--(Data!$C$2:$C$301<=A5),(SQRT(Data!$K$2:$K$301)-G5)^2)+SUMPRODUCT(--(Data!$C$2:$C$301>A5),(SQRT(Data!$K$2:$K$301)-H5)^2) -> 1056.4735 | J5: =IF(AND(B5>0,D5>0),1,0) -> 1 | K5: =IF(J5=1,F5,1E+99) -> 530647.27 | L5: =IF(J5=1,I5,1E+99) -> 1056.4735 | N5: abs_difference
A6: =Data!C6 -> 50 | B6: =COUNTIF(Data!$C$2:$C$301,"<="&A6) -> 219 | C6: =IF(B6=0,0,AVERAGEIF(Data!$C$2:$C$301,"<="&A6,Data!$K$2:$K$301)) -> 108.70258 | D6: =COUNTIF(Data!$C$2:$C$301,">"&A6) -> 81 | E6: =IF(D6=0,0,AVERAGEIF(Data!$C$2:$C$301,">"&A6,Data!$K$2:$K$301)) -> 114.39664 | F6: =SUMPRODUCT(--(Data!$C$2:$C$301<=A6),(Data!$K$2:$K$301-C6)^2)+SUMPRODUCT(--(Data!$C$2:$C$301>A6),(Data!$K$2:$K$301-E6)^2) -> 535356.77 | G6: =IF(B6=0,0,SUMPRODUCT(--(Data!$C$2:$C$301<=A6),SQRT(Data!$K$2:$K$301))/B6) -> 10.25444 | H6: =IF(D6=0,0,SUMPRODUCT(--(Data!$C$2:$C$301>A6),SQRT(Data!$K$2:$K$301))/D6) -> 10.525972 | I6: =SUMPRODUCT(--(Data!$C$2:$C$301<=A6),(SQRT(Data!$K$2:$K$301)-G6)^2)+SUMPRODUCT(--(Data!$C$2:$C$301>A6),(SQRT(Data!$K$2:$K$301)-H6)^2) -> 1068.8838 | J6: =IF(AND(B6>0,D6>0),1,0) -> 1 | K6: =IF(J6=1,F6,1E+99) -> 535356.77 | L6: =IF(J6=1,I6,1E+99) -> 1068.8838 | N6: =ABS(N2-N4) -> 7
A7: =Data!C7 -> 54 | B7: =COUNTIF(Data!$C$2:$C$301,"<="&A7) -> 245 | C7: =IF(B7=0,0,AVERAGEIF(Data!$C$2:$C$301,"<="&A7,Data!$K$2:$K$301)) -> 108.70437 | D7: =COUNTIF(Data!$C$2:$C$301,">"&A7) -> 55 | E7: =IF(D7=0,0,AVERAGEIF(Data!$C$2:$C$301,">"&A7,Data!$K$2:$K$301)) -> 117.0804 | F7: =SUMPRODUCT(--(Data!$C$2:$C$301<=A7),(Data!$K$2:$K$301-C7)^2)+SUMPRODUCT(--(Data!$C$2:$C$301>A7),(Data!$K$2:$K$301-E7)^2) -> 534122.65 | G7: =IF(B7=0,0,SUMPRODUCT(--(Data!$C$2:$C$301<=A7),SQRT(Data!$K$2:$K$301))/B7) -> 10.262431 | H7: =IF(D7=0,0,SUMPRODUCT(--(Data!$C$2:$C$301>A7),SQRT(Data!$K$2:$K$301))/D7) -> 10.618737 | I7: =SUMPRODUCT(--(Data!$C$2:$C$301<=A7),(SQRT(Data!$K$2:$K$301)-G7)^2)+SUMPRODUCT(--(Data!$C$2:$C$301>A7),(SQRT(Data!$K$2:$K$301)-H7)^2) -> 1067.5411 | J7: =IF(AND(B7>0,D7>0),1,0) -> 1 | K7: =IF(J7=1,F7,1E+99) -> 534122.65 | L7: =IF(J7=1,I7,1E+99) -> 1067.5411
A8: =Data!C8 -> 44 | B8: =COUNTIF(Data!$C$2:$C$301,"<="&A8) -> 168 | C8: =IF(B8=0,0,AVERAGEIF(Data!$C$2:$C$301,"<="&A8,Data!$K$2:$K$301)) -> 106.42367 | D8: =COUNTIF(Data!$C$2:$C$301,">"&A8) -> 132 | E8: =IF(D8=0,0,AVERAGEIF(Data!$C$2:$C$301,">"&A8,Data!$K$2:$K$301)) -> 115.0971 | F8: =SUMPRODUCT(--(Data!$C$2:$C$301<=A8),(Data!$K$2:$K$301-C8)^2)+SUMPRODUCT(--(Data!$C$2:$C$301>A8),(Data!$K$2:$K$301-E8)^2) -> 531713.03 | G8: =IF(B8=0,0,SUMPRODUCT(--(Data!$C$2:$C$301<=A8),SQRT(Data!$K$2:$K$301))/B8) -> 10.139424 | H8: =IF(D8=0,0,SUMPRODUCT(--(Data!$C$2:$C$301>A8),SQRT(Data!$K$2:$K$301))/D8) -> 10.567446 | I8: =SUMPRODUCT(--(Data!$C$2:$C$301<=A8),(SQRT(Data!$K$2:$K$301)-G8)^2)+SUMPRODUCT(--(Data!$C$2:$C$301>A8),(SQRT(Data!$K$2:$K$301)-H8)^2) -> 1059.7011 | J8: =IF(AND(B8>0,D8>0),1,0) -> 1 | K8: =IF(J8=1,F8,1E+99) -> 531713.03 | L8: =IF(J8=1,I8,1E+99) -> 1059.7011
A9: =Data!C9 -> 30 | B9: =COUNTIF(Data!$C$2:$C$301,"<="&A9) -> 52 | C9: =IF(B9=0,0,AVERAGEIF(Data!$C$2:$C$301,"<="&A9,Data!$K$2:$K$301)) -> 86.222807 | D9: =COUNTIF(Data!$C$2:$C$301,">"&A9) -> 248 | E9: =IF(D9=0,0,AVERAGEIF(Data!$C$2:$C$301,">"&A9,Data!$K$2:$K$301)) -> 115.27584 | F9: =SUMPRODUCT(--(Data!$C$2:$C$301<=A9),(Data!$K$2:$K$301-C9)^2)+SUMPRODUCT(--(Data!$C$2:$C$301>A9),(Data!$K$2:$K$301-E9)^2) -> 500989.79 | G9: =IF(B9=0,0,SUMPRODUCT(--(Data!$C$2:$C$301<=A9),SQRT(Data!$K$2:$K$301))/B9) -> 9.1609179 | H9: =IF(D9=0,0,SUMPRODUCT(--(Data!$C$2:$C$301>A9),SQRT(Data!$K$2:$K$301))/D9) -> 10.572413 | I9: =SUMPRODUCT(--(Data!$C$2:$C$301<=A9),(SQRT(Data!$K$2:$K$301)-G9)^2)+SUMPRODUCT(--(Data!$C$2:$C$301>A9),(SQRT(Data!$K$2:$K$301)-H9)^2) -> 987.60028 | J9: =IF(AND(B9>0,D9>0),1,0) -> 1 | K9: =IF(J9=1,F9,1E+99) -> 500989.79 | L9: =IF(J9=1,I9,1E+99) -> 987.60028
A10: =Data!C10 -> 41 | B10: =COUNTIF(Data!$C$2:$C$301,"<="&A10) -> 143 | C10: =IF(B10=0,0,AVERAGEIF(Data!$C$2:$C$301,"<="&A10,Data!$K$2:$K$301)) -> 103.77383 | D10: =COUNTIF(Data!$C$2:$C$301,">"&A10) -> 157 | E10: =IF(D10=0,0,AVERAGEIF(Data!$C$2:$C$301,">"&A10,Data!$K$2:$K$301)) -> 116.12953 | F10: =SUMPRODUCT(--(Data!$C$2:$C$301<=A10),(Data!$K$2:$K$301-C10)^2)+SUMPRODUCT(--(Data!$C$2:$C$301>A10),(Data!$K$2:$K$301-E10)^2) -> 525849.1 | G10: =IF(B10=0,0,SUMPRODUCT(--(Data!$C$2:$C$301<=A10),SQRT(Data!$K$2:$K$301))/B10) -> 10.028926 | H10: =IF(D10=0,0,SUMPRODUCT(--(Data!$C$2:$C$301>A10),SQRT(Data!$K$2:$K$301))/D10) -> 10.599935 | I10: =SUMPRODUCT(--(Data!$C$2:$C$301<=A10),(SQRT(Data!$K$2:$K$301)-G10)^2)+SUMPRODUCT(--(Data!$C$2:$C$301>A10),(SQRT(Data!$K$2:$K$301)-H10)^2) -> 1048.8429 | J10: =IF(AND(B10>0,D10>0),1,0) -> 1 | K10: =IF(J10=1,F10,1E+99) -> 525849.1 | L10: =IF(J10=1,I10,1E+99) -> 1048.8429
A11: =Data!C11 -> 52 | B11: =COUNTIF(Data!$C$2:$C$301,"<="&A11) -> 233 | C11: =IF(B11=0,0,AVERAGEIF(Data!$C$2:$C$301,"<="&A11,Data!$K$2:$K$301)) -> 108.60726 | D11: =COUNTIF(Data!$C$2:$C$301,">"&A11) -> 67 | E11: =IF(D11=0,0,AVERAGEIF(Data!$C$2:$C$301,">"&A11,Data!$K$2:$K$301)) -> 115.91794 | F11: =SUMPRODUCT(--(Data!$C$2:$C$301<=A11),(Data!$K$2:$K$301-C11)^2)+SUMPRODUCT(--(Data!$C$2:$C$301>A11),(Data!$K$2:$K$301-E11)^2) -> 534492.75 | G11: =IF(B11=0,0,SUMPRODUCT(--(Data!$C$2:$C$301<=A11),SQRT(Data!$K$2:$K$301))/B11) -> 10.252914 | H11: =IF(D11=0,0,SUMPRODUCT(--(Data!$C$2:$C$301>A11),SQRT(Data!$K$2:$K$301))/D11) -> 10.588019 | I11: =SUMPRODUCT(--(Data!$C$2:$C$301<=A11),(SQRT(Data!$K$2:$K$301)-G11)^2)+SUMPRODUCT(--(Data!$C$2:$C$301>A11),(SQRT(Data!$K$2:$K$301)-H11)^2) -> 1067.3999 | J11: =IF(AND(B11>0,D11>0),1,0) -> 1 | K11: =IF(J11=1,F11,1E+99) -> 534492.75 | L11: =IF(J11=1,I11,1E+99) -> 1067.3999
A12: =Data!C12 -> 45 | B12: =COUNTIF(Data!$C$2:$C$301,"<="&A12) -> 176 | C12: =IF(B12=0,0,AVERAGEIF(Data!$C$2:$C$301,"<="&A12,Data!$K$2:$K$301)) -> 107.19123 | D12: =COUNTIF(Data!$C$2:$C$301,">"&A12) -> 124 | E12: =IF(D12=0,0,AVERAGEIF(Data!$C$2:$C$301,">"&A12,Data!$K$2:$K$301)) -> 114.56723 | F12: =SUMPRODUCT(--(Data!$C$2:$C$301<=A12),(Data!$K$2:$K$301-C12)^2)+SUMPRODUCT(--(Data!$C$2:$C$301>A12),(Data!$K$2:$K$301-E12)^2) -> 533316.09 | G12: =IF(B12=0,0,SUMPRODUCT(--(Data!$C$2:$C$301<=A12),SQRT(Data!$K$2:$K$301))/B12) -> 10.17883 | H12: =IF(D12=0,0,SUMPRODUCT(--(Data!$C$2:$C$301>A12),SQRT(Data!$K$2:$K$301))/D12) -> 10.53913 | I12: =SUMPRODUCT(--(Data!$C$2:$C$301<=A12),(SQRT(Data!$K$2:$K$301)-G12)^2)+SUMPRODUCT(--(Data!$C$2:$C$301>A12),(SQRT(Data!$K$2:$K$301)-H12)^2) -> 1063.7997 | J12: =IF(AND(B12>0,D12>0),1,0) -> 1 | K12: =IF(J12=1,F12,1E+99) -> 533316.09 | L12: =IF(J12=1,I12,1E+99) -> 1063.7997
A13: =Data!C13 -> 34 | B13: =COUNTIF(Data!$C$2:$C$301,"<="&A13) -> 79 | C13: =IF(B13=0,0,AVERAGEIF(Data!$C$2:$C$301,"<="&A13,Data!$K$2:$K$301)) -> 89.239688 | D13: =COUNTIF(Data!$C$2:$C$301,">"&A13) -> 221 | E13: =IF(D13=0,0,AVERAGEIF(Data!$C$2:$C$301,">"&A13,Data!$K$2:$K$301)) -> 117.74687 | F13: =SUMPRODUCT(--(Data!$C$2:$C$301<=A13),(Data!$K$2:$K$301-C13)^2)+SUMPRODUCT(--(Data!$C$2:$C$301>A13),(Data!$K$2:$K$301-E13)^2) -> 489979.84 | G13: =IF(B13=0,0,SUMPRODUCT(--(Data!$C$2:$C$301<=A13),SQRT(Data!$K$2:$K$301))/B13) -> 9.3403512 | H13: =IF(D13=0,0,SUMPRODUCT(--(Data!$C$2:$C$301>A13),SQRT(Data!$K$2:$K$301))/D13) -> 10.680717 | I13: =SUMPRODUCT(--(Data!$C$2:$C$301<=A13),(SQRT(Data!$K$2:$K$301)-G13)^2)+SUMPRODUCT(--(Data!$C$2:$C$301>A13),(SQRT(Data!$K$2:$K$301)-H13)^2) -> 968.68845 | J13: =IF(AND(B13>0,D13>0),1,0) -> 1 | K13: =IF(J13=1,F13,1E+99) -> 489979.84 | L13: =IF(J13=1,I13,1E+99) -> 968.68845
A14: =Data!C14 -> 35 | B14: =COUNTIF(Data!$C$2:$C$301,"<="&A14) -> 90 | C14: =IF(B14=0,0,AVERAGEIF(Data!$C$2:$C$301,"<="&A14,Data!$K$2:$K$301)) -> 94.577555 | D14: =COUNTIF(Data!$C$2:$C$301,">"&A14) -> 210 | E14: =IF(D14=0,0,AVERAGEIF(Data!$C$2:$C$301,">"&A14,Data!$K$2:$K$301)) -> 116.95244 | F14: =SUMPRODUCT(--(Data!$C$2:$C$301<=A14),(Data!$K$2:$K$301-C14)^2)+SUMPRODUCT(--(Data!$C$2:$C$301>A14),(Data!$K$2:$K$301-E14)^2) -> 505733.86 | G14: =IF(B14=0,0,SUMPRODUCT(--(Data!$C$2:$C$301<=A14),SQRT(Data!$K$2:$K$301))/B14) -> 9.5793805 | H14: =IF(D14=0,0,SUMPRODUCT(--(Data!$C$2:$C$301>A14),SQRT(Data!$K$2:$K$301))/D14) -> 10.648485 | I14: =SUMPRODUCT(--(Data!$C$2:$C$301<=A14),(SQRT(Data!$K$2:$K$301)-G14)^2)+SUMPRODUCT(--(Data!$C$2:$C$301>A14),(SQRT(Data!$K$2:$K$301)-H14)^2) -> 1001.2354 | J14: =IF(AND(B14>0,D14>0),1,0) -> 1 | K14: =IF(J14=1,F14,1E+99) -> 505733.86 | L14: =IF(J14=1,I14,1E+99) -> 1001.2354
A15: =Data!C15 -> 39 | B15: =COUNTIF(Data!$C$2:$C$301,"<="&A15) -> 124 | C15: =IF(B15=0,0,AVERAGEIF(Data!$C$2:$C$301,"<="&A15,Data!$K$2:$K$301)) -> 102.61245 | D15: =COUNTIF(Data!$C$2:$C$301,">"&A15) -> 176 | E15: =IF(D15=0,0,AVERAGEIF(Data!$C$2:$C$301,">"&A15,Data!$K$2:$K$301)) -> 115.61392 | F15: =SUMPRODUCT(--(Data!$C$2:$C$301<=A15),(Data!$K$2:$K$301-C15)^2)+SUMPRODUCT(--(Data!$C$2:$C$301>A15),(Data!$K$2:$K$301-E15)^2) -> 524976.93 | G15: =IF(B15=0,0,SUMPRODUCT(--(Data!$C$2:$C$301<=A15),SQRT(Data!$K$2:$K$301))/B15) -> 9.9647092 | H15: =IF(D15=0,0,SUMPRODUCT(--(Data!$C$2:$C$301>A15),SQRT(Data!$K$2:$K$301))/D15) -> 10.583535 | I15: =SUMPRODUCT(--(Data!$C$2:$C$301<=A15),(SQRT(Data!$K$2:$K$301)-G15)^2)+SUMPRODUCT(--(Data!$C$2:$C$301>A15),(SQRT(Data!$K$2:$K$301)-H15)^2) -> 1045.3854 | J15: =IF(AND(B15>0,D15>0),1,0) -> 1 | K15: =IF(J15=1,F15,1E+99) -> 524976.93 | L15: =IF(J15=1,I15,1E+99) -> 1045.3854
A16: =Data!C16 -> 54 | B16: =COUNTIF(Data!$C$2:$C$301,"<="&A16) -> 245 | C16: =IF(B16=0,0,AVERAGEIF(Data!$C$2:$C$301,"<="&A16,Data!$K$2:$K$301)) -> 108.70437 | D16: =COUNTIF(Data!$C$2:$C$301,">"&A16) -> 55 | E16: =IF(D16=0,0,AVERAGEIF(Data!$C$2:$C$301,">"&A16,Data!$K$2:$K$301)) -> 117.0804 | F16: =SUMPRODUCT(--(Data!$C$2:$C$301<=A16),(Data!$K$2:$K$301-C16)^2)+SUMPRODUCT(--(Data!$C$2:$C$301>A16),(Data!$K$2:$K$301-E16)^2) -> 534122.65 | G16: =IF(B16=0,0,SUMPRODUCT(--(Data!$C$2:$C$301<=A16),SQRT(Data!$K$2:$K$301))/B16) -> 10.262431 | H16: =IF(D16=0,0,SUMPRODUCT(--(Data!$C$2:$C$301>A16),SQRT(Data!$K$2:$K$301))/D16) -> 10.618737 | I16: =SUMPRODUCT(--(Data!$C$2:$C$301<=A16),(SQRT(Data!$K$2:$K$301)-G16)^2)+SUMPRODUCT(--(Data!$C$2:$C$301>A16),(SQRT(Data!$K$2:$K$301)-H16)^2) -> 1067.5411 | J16: =IF(AND(B16>0,D16>0),1,0) -> 1 | K16: =IF(J16=1,F16,1E+99) -> 534122.65 | L16: =IF(J16=1,I16,1E+99) -> 1067.5411
A17: =Data!C17 -> 51 | B17: =COUNTIF(Data!$C$2:$C$301,"<="&A17) -> 225 | C17: =IF(B17=0,0,AVERAGEIF(Data!$C$2:$C$301,"<="&A17,Data!$K$2:$K$301)) -> 108.72268 | D17: =COUNTIF(Data!$C$2:$C$301,">"&A17) -> 75 | E17: =IF(D17=0,0,AVERAGEIF(Data!$C$2:$C$301,">"&A17,Data!$K$2:$K$301)) -> 114.79187 | F17: =SUMPRODUCT(--(Data!$C$2:$C$301<=A17),(Data!$K$2:$K$301-C17)^2)+SUMPRODUCT(--(Data!$C$2:$C$301>A17),(Data!$K$2:$K$301-E17)^2) -> 535201.93 | G17: =IF(B17=0,0,SUMPRODUCT(--(Data!$C$2:$C$301<=A17),SQRT(Data!$K$2:$K$301))/B17) -> 10.256534 | H17: =IF(D17=0,0,SUMPRODUCT(--(Data!$C$2:$C$301>A17),SQRT(Data!$K$2:$K$301))/D17) -> 10.541413 | I17: =SUMPRODUCT(--(Data!$C$2:$C$301<=A17),(SQRT(Data!$K$2:$K$301)-G17)^2)+SUMPRODUCT(--(Data!$C$2:$C$301>A17),(SQRT(Data!$K$2:$K$301)-H17)^2) -> 1068.6784 | J17: =IF(AND(B17>0,D17>0),1,0) -> 1 | K17: =IF(J17=1,F17,1E+99) -> 535201.93 | L17: =IF(J17=1,I17,1E+99) -> 1068.6784
A18: =Data!C18 -> 37 | B18: =COUNTIF(Data!$C$2:$C$301,"<="&A18) -> 106 | C18: =IF(B18=0,0,AVERAGEIF(Data!$C$2:$C$301,"<="&A18,Data!$K$2:$K$301)) -> 97.276623 | D18: =COUNTIF(Data!$C$2:$C$301,">"&A18) -> 194 | E18: =IF(D18=0,0,AVERAGEIF(Data!$C$2:$C$301,">"&A18,Data!$K$2:$K$301)) -> 117.32305 | F18: =SUMPRODUCT(--(Data!$C$2:$C$301<=A18),(Data!$K$2:$K$301-C18)^2)+SUMPRODUCT(--(Data!$C$2:$C$301>A18),(Data!$K$2:$K$301-E18)^2) -> 509727.8 | G18: =IF(B18=0,0,SUMPRODUCT(--(Data!$C$2:$C$301<=A18),SQRT(Data!$K$2:$K$301))/B18) -> 9.7174656 | H18: =IF(D18=0,0,SUMPRODUCT(--(Data!$C$2:$C$301>A18),SQRT(Data!$K$2:$K$301))/D18) -> 10.66121 | I18: =SUMPRODUCT(--(Data!$C$2:$C$301<=A18),(SQRT(Data!$K$2:$K$301)-G18)^2)+SUMPRODUCT(--(Data!$C$2:$C$301>A18),(SQRT(Data!$K$2:$K$301)-H18)^2) -> 1012.192 | J18: =IF(AND(B18>0,D18>0),1,0) -> 1 | K18: =IF(J18=1,F18,1E+99) -> 509727.8 | L18: =IF(J18=1,I18,1E+99) -> 1012.192
... A251: =Data!C251 -> 38 | B251: =COUNTIF(Data!$C$2:$C$301,"<="&A251) -> 115 | C251: =IF(B251=0,0,AVERAGEIF(Data!$C$2:$C$301,"<="&A251,Data!$K$2:$K$301)) -> 101.18702 | D251: =COUNTIF(Data!$C$2:$C$301,">"&A251) -> 185 | E251: =IF(D251=0,0,AVERAGEIF(Data!$C$2:$C$301,">"&A251,Data!$K$2:$K$301)) -> 115.86749 | F251: =SUMPRODUCT(--(Data!$C$2:$C$301<=A251),(Data!$K$2:$K$301-C251)^2)+SUMPRODUCT(--(Data!$C$2:$C$301>A251),(Data!$K$2:$K$301-E251)^2) -> 521990.2 | G251: =IF(B251=0,0,SUMPRODUCT(--(Data!$C$2:$C$301<=A251),SQRT(Data!$K$2:$K$301))/B251) -> 9.8881544 | H251: =IF(D251=0,0,SUMPRODUCT(--(Data!$C$2:$C$301>A251),SQRT(Data!$K$2:$K$301))/D251) -> 10.601018 | I251: =SUMPRODUCT(--(Data!$C$2:$C$301<=A251),(SQRT(Data!$K$2:$K$301)-G251)^2)+SUMPRODUCT(--(Data!$C$2:$C$301>A251),(SQRT(Data!$K$2:$K$301)-H251)^2) -> 1037.2053 | J251: =IF(AND(B251>0,D251>0),1,0) -> 1 | K251: =IF(J251=1,F251,1E+99) -> 521990.2 | L251: =IF(J251=1,I251,1E+99) -> 1037.2053

Sheet ClassTree
A1: age_threshold | B1: left_train_n | C1: left_train_pos | D1: right_train_n | E1: right_train_pos | F1: left_gini | G1: right_gini | H1: weighted_gini | I1: valid_split | J1: valid_gini | L1: best_threshold_age | N1: test_id | O1: actual | P1: pred_prob | Q1: pred_class | R1: correct
A2: =Data!C2 -> 18 | B2: =COUNTIFS(Data!$M$2:$M$301,"Train",Data!$C$2:$C$301,"<="&A2) -> 2 | C2: =SUMIFS(Data!$L$2:$L$301,Data!$M$2:$M$301,"Train",Data!$C$2:$C$301,"<="&A2) -> 0 | D2: =COUNTIFS(Data!$M$2:$M$301,"Train",Data!$C$2:$C$301,">"&A2) -> 208 | E2: =SUMIFS(Data!$L$2:$L$301,Data!$M$2:$M$301,"Train",Data!$C$2:$C$301,">"&A2) -> 110 | F2: =IF(B2=0,0,1-(C2/B2)^2-(1-C2/B2)^2) -> 0 | G2: =IF(D2=0,0,1-(E2/D2)^2-(1-E2/D2)^2) -> 0.4983358 | H2: =IF(B2+D2=0,1,(B2*F2+D2*G2)/(B2+D2)) -> 0.49358974 | I2: =IF(AND(B2>0,D2>0),1,0) -> 1 | J2: =IF(I2=1,H2,1E+99) -> 0.49358974 | L2: =INDEX(A2:A251,MATCH(MIN(J2:J251),J2:J251,0)) -> 26 | N2: =Data!A206 -> 205 | O2: =Data!L206 -> 1 | P2: =IF(Data!C206<=$L$2,$L$4,$L$6) -> 0.57978723 | Q2: =IF(P2>=Controls!$B$2,1,0) -> 1 | R2: =--(Q2=O2) -> 1
A3: =Data!C3 -> 24 | B3: =COUNTIFS(Data!$M$2:$M$301,"Train",Data!$C$2:$C$301,"<="&A3) -> 12 | C3: =SUMIFS(Data!$L$2:$L$301,Data!$M$2:$M$301,"Train",Data!$C$2:$C$301,"<="&A3) -> 0 | D3: =COUNTIFS(Data!$M$2:$M$301,"Train",Data!$C$2:$C$301,">"&A3) -> 198 | E3: =SUMIFS(Data!$L$2:$L$301,Data!$M$2:$M$301,"Train",Data!$C$2:$C$301,">"&A3) -> 110 | F3: =IF(B3=0,0,1-(C3/B3)^2-(1-C3/B3)^2) -> 0 | G3: =IF(D3=0,0,1-(E3/D3)^2-(1-E3/D3)^2) -> 0.49382716 | H3: =IF(B3+D3=0,1,(B3*F3+D3*G3)/(B3+D3)) -> 0.46560847 | I3: =IF(AND(B3>0,D3>0),1,0) -> 1 | J3: =IF(I3=1,H3,1E+99) -> 0.46560847 | L3: left_prob_high | N3: =Data!A208 -> 207 | O3: =Data!L208 -> 1 | P3: =IF(Data!C208<=$L$2,$L$4,$L$6) -> 0.57978723 | Q3: =IF(P3>=Controls!$B$2,1,0) -> 1 | R3: =--(Q3=O3) -> 1
A4: =Data!C4 -> 45 | B4: =COUNTIFS(Data!$M$2:$M$301,"Train",Data!$C$2:$C$301,"<="&A4) -> 123 | C4: =SUMIFS(Data!$L$2:$L$301,Data!$M$2:$M$301,"Train",Data!$C$2:$C$301,"<="&A4) -> 55 | D4: =COUNTIFS(Data!$M$2:$M$301,"Train",Data!$C$2:$C$301,">"&A4) -> 87 | E4: =SUMIFS(Data!$L$2:$L$301,Data!$M$2:$M$301,"Train",Data!$C$2:$C$301,">"&A4) -> 55 | F4: =IF(B4=0,0,1-(C4/B4)^2-(1-C4/B4)^2) -> 0.4944147 | G4: =IF(D4=0,0,1-(E4/D4)^2-(1-E4/D4)^2) -> 0.46505483 | H4: =IF(B4+D4=0,1,(B4*F4+D4*G4)/(B4+D4)) -> 0.48225132 | I4: =IF(AND(B4>0,D4>0),1,0) -> 1 | J4: =IF(I4=1,H4,1E+99) -> 0.48225132 | L4: =IFERROR(AVERAGEIFS(Data!$L$2:$L$301,Data!$M$2:$M$301,"Train",Data!$C$2:$C$301,"<="&$L$2),0) -> 0.045454545 | N4: =Data!A209 -> 208 | O4: =Data!L209 -> 1 | P4: =IF(Data!C209<=$L$2,$L$4,$L$6) -> 0.57978723 | Q4: =IF(P4>=Controls!$B$2,1,0) -> 1 | R4: =--(Q4=O4) -> 1
A5: =Data!C5 -> 43 | B5: =COUNTIFS(Data!$M$2:$M$301,"Train",Data!$C$2:$C$301,"<="&A5) -> 113 | C5: =SUMIFS(Data!$L$2:$L$301,Data!$M$2:$M$301,"Train",Data!$C$2:$C$301,"<="&A5) -> 48 | D5: =COUNTIFS(Data!$M$2:$M$301,"Train",Data!$C$2:$C$301,">"&A5) -> 97 | E5: =SUMIFS(Data!$L$2:$L$301,Data!$M$2:$M$301,"Train",Data!$C$2:$C$301,">"&A5) -> 62 | F5: =IF(B5=0,0,1-(C5/B5)^2-(1-C5/B5)^2) -> 0.48868353 | G5: =IF(D5=0,0,1-(E5/D5)^2-(1-E5/D5)^2) -> 0.4612605 | H5: =IF(B5+D5=0,1,(B5*F5+D5*G5)/(B5+D5)) -> 0.4760167 | I5: =IF(AND(B5>0,D5>0),1,0) -> 1 | J5: =IF(I5=1,H5,1E+99) -> 0.4760167 | L5: right_prob_high | N5: =Data!A210 -> 209 | O5: =Data!L210 -> 1 | P5: =IF(Data!C210<=$L$2,$L$4,$L$6) -> 0.57978723 | Q5: =IF(P5>=Controls!$B$2,1,0) -> 1 | R5: =--(Q5=O5) -> 1
A6: =Data!C6 -> 50 | B6: =COUNTIFS(Data!$M$2:$M$301,"Train",Data!$C$2:$C$301,"<="&A6) -> 149 | C6: =SUMIFS(Data!$L$2:$L$301,Data!$M$2:$M$301,"Train",Data!$C$2:$C$301,"<="&A6) -> 74 | D6: =COUNTIFS(Data!$M$2:$M$301,"Train",Data!$C$2:$C$301,">"&A6) -> 61 | E6: =SUMIFS(Data!$L$2:$L$301,Data!$M$2:$M$301,"Train",Data!$C$2:$C$301,">"&A6) -> 36 | F6: =IF(B6=0,0,1-(C6/B6)^2-(1-C6/B6)^2) -> 0.49997748 | G6: =IF(D6=0,0,1-(E6/D6)^2-(1-E6/D6)^2) -> 0.48374093 | H6: =IF(B6+D6=0,1,(B6*F6+D6*G6)/(B6+D6)) -> 0.49526115 | I6: =IF(AND(B6>0,D6>0),1,0) -> 1 | J6: =IF(I6=1,H6,1E+99) -> 0.49526115 | L6: =IFERROR(AVERAGEIFS(Data!$L$2:$L$301,Data!$M$2:$M$301,"Train",Data!$C$2:$C$301,">"&$L$2),0) -> 0.57978723 | N6: =Data!A212 -> 211 | O6: =Data!L212 -> 1 | P6: =IF(Data!C212<=$L$2,$L$4,$L$6) -> 0.57978723 | Q6: =IF(P6>=Controls!$B$2,1,0) -> 1 | R6: =--(Q6=O6) -> 1
A7: =Data!C7 -> 54 | B7: =COUNTIFS(Data!$M$2:$M$301,"Train",Data!$C$2:$C$301,"<="&A7) -> 169 | C7: =SUMIFS(Data!$L$2:$L$301,Data!$M$2:$M$301,"Train",Data!$C$2:$C$301,"<="&A7) -> 87 | D7: =COUNTIFS(Data!$M$2:$M$301,"Train",Data!$C$2:$C$301,">"&A7) -> 41 | E7: =SUMIFS(Data!$L$2:$L$301,Data!$M$2:$M$301,"Train",Data!$C$2:$C$301,">"&A7) -> 23 | F7: =IF(B7=0,0,1-(C7/B7)^2-(1-C7/B7)^2) -> 0.49956234 | G7: =IF(D7=0,0,1-(E7/D7)^2-(1-E7/D7)^2) -> 0.49256395 | H7: =IF(B7+D7=0,1,(B7*F7+D7*G7)/(B7+D7)) -> 0.49819599 | I7: =IF(AND(B7>0,D7>0),1,0) -> 1 | J7: =IF(I7=1,H7,1E+99) -> 0.49819599 | L7: left_class_pred | N7: =Data!A214 -> 213 | O7: =Data!L214 -> 1 | P7: =IF(Data!C214<=$L$2,$L$4,$L$6) -> 0.57978723 | Q7: =IF(P7>=Controls!$B$2,1,0) -> 1 | R7: =--(Q7=O7) -> 1
A8: =Data!C8 -> 44 | B8: =COUNTIFS(Data!$M$2:$M$301,"Train",Data!$C$2:$C$301,"<="&A8) -> 119 | C8: =SUMIFS(Data!$L$2:$L$301,Data!$M$2:$M$301,"Train",Data!$C$2:$C$301,"<="&A8) -> 52 | D8: =COUNTIFS(Data!$M$2:$M$301,"Train",Data!$C$2:$C$301,">"&A8) -> 91 | E8: =SUMIFS(Data!$L$2:$L$301,Data!$M$2:$M$301,"Train",Data!$C$2:$C$301,">"&A8) -> 58 | F8: =IF(B8=0,0,1-(C8/B8)^2-(1-C8/B8)^2) -> 0.49205565 | G8: =IF(D8=0,0,1-(E8/D8)^2-(1-E8/D8)^2) -> 0.46226301 | H8: =IF(B8+D8=0,1,(B8*F8+D8*G8)/(B8+D8)) -> 0.4791455 | I8: =IF(AND(B8>0,D8>0),1,0) -> 1 | J8: =IF(I8=1,H8,1E+99) -> 0.4791455 | L8: =IF(L4>=Controls!$B$2,1,0) -> 0 | N8: =Data!A215 -> 214 | O8: =Data!L215 -> 1 | P8: =IF(Data!C215<=$L$2,$L$4,$L$6) -> 0.57978723 | Q8: =IF(P8>=Controls!$B$2,1,0) -> 1 | R8: =--(Q8=O8) -> 1
A9: =Data!C9 -> 30 | B9: =COUNTIFS(Data!$M$2:$M$301,"Train",Data!$C$2:$C$301,"<="&A9) -> 35 | C9: =SUMIFS(Data!$L$2:$L$301,Data!$M$2:$M$301,"Train",Data!$C$2:$C$301,"<="&A9) -> 9 | D9: =COUNTIFS(Data!$M$2:$M$301,"Train",Data!$C$2:$C$301,">"&A9) -> 175 | E9: =SUMIFS(Data!$L$2:$L$301,Data!$M$2:$M$301,"Train",Data!$C$2:$C$301,">"&A9) -> 101 | F9: =IF(B9=0,0,1-(C9/B9)^2-(1-C9/B9)^2) -> 0.38204082 | G9: =IF(D9=0,0,1-(E9/D9)^2-(1-E9/D9)^2) -> 0.48809796 | H9: =IF(B9+D9=0,1,(B9*F9+D9*G9)/(B9+D9)) -> 0.47042177 | I9: =IF(AND(B9>0,D9>0),1,0) -> 1 | J9: =IF(I9=1,H9,1E+99) -> 0.47042177 | L9: right_class_pred | N9: =Data!A217 -> 216 | O9: =Data!L217 -> 1 | P9: =IF(Data!C217<=$L$2,$L$4,$L$6) -> 0.57978723 | Q9: =IF(P9>=Controls!$B$2,1,0) -> 1 | R9: =--(Q9=O9) -> 1
A10: =Data!C10 -> 41 | B10: =COUNTIFS(Data!$M$2:$M$301,"Train",Data!$C$2:$C$301,"<="&A10) -> 99 | C10: =SUMIFS(Data!$L$2:$L$301,Data!$M$2:$M$301,"Train",Data!$C$2:$C$301,"<="&A10) -> 41 | D10: =COUNTIFS(Data!$M$2:$M$301,"Train",Data!$C$2:$C$301,">"&A10) -> 111 | E10: =SUMIFS(Data!$L$2:$L$301,Data!$M$2:$M$301,"Train",Data!$C$2:$C$301,">"&A10) -> 69 | F10: =IF(B10=0,0,1-(C10/B10)^2-(1-C10/B10)^2) -> 0.48525661 | G10: =IF(D10=0,0,1-(E10/D10)^2-(1-E10/D10)^2) -> 0.47041636 | H10: =IF(B10+D10=0,1,(B10*F10+D10*G10)/(B10+D10)) -> 0.47741248 | I10: =IF(AND(B10>0,D10>0),1,0) -> 1 | J10: =IF(I10=1,H10,1E+99) -> 0.47741248 | L10: =IF(L6>=Controls!$B$2,1,0) -> 1 | N10: =Data!A218 -> 217 | O10: =Data!L218 -> 1 | P10: =IF(Data!C218<=$L$2,$L$4,$L$6) -> 0.57978723 | Q10: =IF(P10>=Controls!$B$2,1,0) -> 1 | R10: =--(Q10=O10) -> 1
A11: =Data!C11 -> 52 | B11: =COUNTIFS(Data!$M$2:$M$301,"Train",Data!$C$2:$C$301,"<="&A11) -> 160 | C11: =SUMIFS(Data!$L$2:$L$301,Data!$M$2:$M$301,"Train",Data!$C$2:$C$301,"<="&A11) -> 81 | D11: =COUNTIFS(Data!$M$2:$M$301,"Train",Data!$C$2:$C$301,">"&A11) -> 50 | E11: =SUMIFS(Data!$L$2:$L$301,Data!$M$2:$M$301,"Train",Data!$C$2:$C$301,">"&A11) -> 29 | F11: =IF(B11=0,0,1-(C11/B11)^2-(1-C11/B11)^2) -> 0.49992187 | G11: =IF(D11=0,0,1-(E11/D11)^2-(1-E11/D11)^2) -> 0.4872 | H11: =IF(B11+D11=0,1,(B11*F11+D11*G11)/(B11+D11)) -> 0.49689286 | I11: =IF(AND(B11>0,D11>0),1,0) -> 1 | J11: =IF(I11=1,H11,1E+99) -> 0.49689286 | N11: =Data!A220 -> 219 | O11: =Data!L220 -> 1 | P11: =IF(Data!C220<=$L$2,$L$4,$L$6) -> 0.57978723 | Q11: =IF(P11>=Controls!$B$2,1,0) -> 1 | R11: =--(Q11=O11) -> 1
A12: =Data!C12 -> 45 | B12: =COUNTIFS(Data!$M$2:$M$301,"Train",Data!$C$2:$C$301,"<="&A12) -> 123 | C12: =SUMIFS(Data!$L$2:$L$301,Data!$M$2:$M$301,"Train",Data!$C$2:$C$301,"<="&A12) -> 55 | D12: =COUNTIFS(Data!$M$2:$M$301,"Train",Data!$C$2:$C$301,">"&A12) -> 87 | E12: =SUMIFS(Data!$L$2:$L$301,Data!$M$2:$M$301,"Train",Data!$C$2:$C$301,">"&A12) -> 55 | F12: =IF(B12=0,0,1-(C12/B12)^2-(1-C12/B12)^2) -> 0.4944147 | G12: =IF(D12=0,0,1-(E12/D12)^2-(1-E12/D12)^2) -> 0.46505483 | H12: =IF(B12+D12=0,1,(B12*F12+D12*G12)/(B12+D12)) -> 0.48225132 | I12: =IF(AND(B12>0,D12>0),1,0) -> 1 | J12: =IF(I12=1,H12,1E+99) -> 0.48225132 | N12: =Data!A222 -> 221 | O12: =Data!L222 -> 0 | P12: =IF(Data!C222<=$L$2,$L$4,$L$6) -> 0.57978723 | Q12: =IF(P12>=Controls!$B$2,1,0) -> 1 | R12: =--(Q12=O12) -> 0
A13: =Data!C13 -> 34 | B13: =COUNTIFS(Data!$M$2:$M$301,"Train",Data!$C$2:$C$301,"<="&A13) -> 55 | C13: =SUMIFS(Data!$L$2:$L$301,Data!$M$2:$M$301,"Train",Data!$C$2:$C$301,"<="&A13) -> 17 | D13: =COUNTIFS(Data!$M$2:$M$301,"Train",Data!$C$2:$C$301,">"&A13) -> 155 | E13: =SUMIFS(Data!$L$2:$L$301,Data!$M$2:$M$301,"Train",Data!$C$2:$C$301,">"&A13) -> 93 | F13: =IF(B13=0,0,1-(C13/B13)^2-(1-C13/B13)^2) -> 0.42710744 | G13: =IF(D13=0,0,1-(E13/D13)^2-(1-E13/D13)^2) -> 0.48 | H13: =IF(B13+D13=0,1,(B13*F13+D13*G13)/(B13+D13)) -> 0.46614719 | I13: =IF(AND(B13>0,D13>0),1,0) -> 1 | J13: =IF(I13=1,H13,1E+99) -> 0.46614719 | N13: =Data!A223 -> 222 | O13: =Data!L223 -> 0 | P13: =IF(Data!C223<=$L$2,$L$4,$L$6) -> 0.57978723 | Q13: =IF(P13>=Controls!$B$2,1,0) -> 1 | R13: =--(Q13=O13) -> 0
A14: =Data!C14 -> 35 | B14: =COUNTIFS(Data!$M$2:$M$301,"Train",Data!$C$2:$C$301,"<="&A14) -> 64 | C14: =SUMIFS(Data!$L$2:$L$301,Data!$M$2:$M$301,"Train",Data!$C$2:$C$301,"<="&A14) -> 22 | D14: =COUNTIFS(Data!$M$2:$M$301,"Train",Data!$C$2:$C$301,">"&A14) -> 146 | E14: =SUMIFS(Data!$L$2:$L$301,Data!$M$2:$M$301,"Train",Data!$C$2:$C$301,">"&A14) -> 88 | F14: =IF(B14=0,0,1-(C14/B14)^2-(1-C14/B14)^2) -> 0.45117188 | G14: =IF(D14=0,0,1-(E14/D14)^2-(1-E14/D14)^2) -> 0.4788891 | H14: =IF(B14+D14=0,1,(B14*F14+D14*G14)/(B14+D14)) -> 0.47044194 | I14: =IF(AND(B14>0,D14>0),1,0) -> 1 | J14: =IF(I14=1,H14,1E+99) -> 0.47044194 | N14: =Data!A224 -> 223 | O14: =Data!L224 -> 0 | P14: =IF(Data!C224<=$L$2,$L$4,$L$6) -> 0.57978723 | Q14: =IF(P14>=Controls!$B$2,1,0) -> 1 | R14: =--(Q14=O14) -> 0
A15: =Data!C15 -> 39 | B15: =COUNTIFS(Data!$M$2:$M$301,"Train",Data!$C$2:$C$301,"<="&A15) -> 87 | C15: =SUMIFS(Data!$L$2:$L$301,Data!$M$2:$M$301,"Train",Data!$C$2:$C$301,"<="&A15) -> 36 | D15: =COUNTIFS(Data!$M$2:$M$301,"Train",Data!$C$2:$C$301,">"&A15) -> 123 | E15: =SUMIFS(Data!$L$2:$L$301,Data!$M$2:$M$301,"Train",Data!$C$2:$C$301,">"&A15) -> 74 | F15: =IF(B15=0,0,1-(C15/B15)^2-(1-C15/B15)^2) -> 0.48513674 | G15: =IF(D15=0,0,1-(E15/D15)^2-(1-E15/D15)^2) -> 0.47934431 | H15: =IF(B15+D15=0,1,(B15*F15+D15*G15)/(B15+D15)) -> 0.48174403 | I15: =IF(AND(B15>0,D15>0),1,0) -> 1 | J15: =IF(I15=1,H15,1E+99) -> 0.48174403 | N15: =Data!A225 -> 224 | O15: =Data!L225 -> 1 | P15: =IF(Data!C225<=$L$2,$L$4,$L$6) -> 0.57978723 | Q15: =IF(P15>=Controls!$B$2,1,0) -> 1 | R15: =--(Q15=O15) -> 1
A16: =Data!C16 -> 54 | B16: =COUNTIFS(Data!$M$2:$M$301,"Train",Data!$C$2:$C$301,"<="&A16) -> 169 | C16: =SUMIFS(Data!$L$2:$L$301,Data!$M$2:$M$301,"Train",Data!$C$2:$C$301,"<="&A16) -> 87 | D16: =COUNTIFS(Data!$M$2:$M$301,"Train",Data!$C$2:$C$301,">"&A16) -> 41 | E16: =SUMIFS(Data!$L$2:$L$301,Data!$M$2:$M$301,"Train",Data!$C$2:$C$301,">"&A16) -> 23 | F16: =IF(B16=0,0,1-(C16/B16)^2-(1-C16/B16)^2) -> 0.49956234 | G16: =IF(D16=0,0,1-(E16/D16)^2-(1-E16/D16)^2) -> 0.49256395 | H16: =IF(B16+D16=0,1,(B16*F16+D16*G16)/(B16+D16)) -> 0.49819599 | I16: =IF(AND(B16>0,D16>0),1,0) -> 1 | J16: =IF(I16=1,H16,1E+99) -> 0.49819599 | N16: =Data!A226 -> 225 | O16: =Data!L226 -> 0 | P16: =IF(Data!C226<=$L$2,$L$4,$L$6) -> 0.045454545 | Q16: =IF(P16>=Controls!$B$2,1,0) -> 0 | R16: =--(Q16=O16) -> 1
A17: =Data!C17 -> 51 | B17: =COUNTIFS(Data!$M$2:$M$301,"Train",Data!$C$2:$C$301,"<="&A17) -> 155 | C17: =SUMIFS(Data!$L$2:$L$301,Data!$M$2:$M$301,"Train",Data!$C$2:$C$301,"<="&A17) -> 77 | D17: =COUNTIFS(Data!$M$2:$M$301,"Train",Data!$C$2:$C$301,">"&A17) -> 55 | E17: =SUMIFS(Data!$L$2:$L$301,Data!$M$2:$M$301,"Train",Data!$C$2:$C$301,">"&A17) -> 33 | F17: =IF(B17=0,0,1-(C17/B17)^2-(1-C17/B17)^2) -> 0.49997919 | G17: =IF(D17=0,0,1-(E17/D17)^2-(1-E17/D17)^2) -> 0.48 | H17: =IF(B17+D17=0,1,(B17*F17+D17*G17)/(B17+D17)) -> 0.49474654 | I17: =IF(AND(B17>0,D17>0),1,0) -> 1 | J17: =IF(I17=1,H17,1E+99) -> 0.49474654 | N17: =Data!A227 -> 226 | O17: =Data!L227 -> 0 | P17: =IF(Data!C227<=$L$2,$L$4,$L$6) -> 0.57978723 | Q17: =IF(P17>=Controls!$B$2,1,0) -> 1 | R17: =--(Q17=O17) -> 0
A18: =Data!C18 -> 37 | B18: =COUNTIFS(Data!$M$2:$M$301,"Train",Data!$C$2:$C$301,"<="&A18) -> 74 | C18: =SUMIFS(Data!$L$2:$L$301,Data!$M$2:$M$301,"Train",Data!$C$2:$C$301,"<="&A18) -> 26 | D18: =COUNTIFS(Data!$M$2:$M$301,"Train",Data!$C$2:$C$301,">"&A18) -> 136 | E18: =SUMIFS(Data!$L$2:$L$301,Data!$M$2:$M$301,"Train",Data!$C$2:$C$301,">"&A18) -> 84 | F18: =IF(B18=0,0,1-(C18/B18)^2-(1-C18/B18)^2) -> 0.45580716 | G18: =IF(D18=0,0,1-(E18/D18)^2-(1-E18/D18)^2) -> 0.47231834 | H18: =IF(B18+D18=0,1,(B18*F18+D18*G18)/(B18+D18)) -> 0.46650011 | I18: =IF(AND(B18>0,D18>0),1,0) -> 1 | J18: =IF(I18=1,H18,1E+99) -> 0.46650011 | N18: =Data!A228 -> 227 | O18: =Data!L228 -> 0 | P18: =IF(Data!C228<=$L$2,$L$4,$L$6) -> 0.045454545 | Q18: =IF(P18>=Controls!$B$2,1,0) -> 0 | R18: =--(Q18=O18) -> 1
A19: =Data!C19 -> 50 | B19: =COUNTIFS(Data!$M$2:$M$301,"Train",Data!$C$2:$C$301,"<="&A19) -> 149 | C19: =SUMIFS(Data!$L$2:$L$301,Data!$M$2:$M$301,"Train",Data!$C$2:$C$301,"<="&A19) -> 74 | D19: =COUNTIFS(Data!$M$2:$M$301,"Train",Data!$C$2:$C$301,">"&A19) -> 61 | E19: =SUMIFS(Data!$L$2:$L$301,Data!$M$2:$M$301,"Train",Data!$C$2:$C$301,">"&A19) -> 36 | F19: =IF(B19=0,0,1-(C19/B19)^2-(1-C19/B19)^2) -> 0.49997748 | G19: =IF(D19=0,0,1-(E19/D19)^2-(1-E19/D19)^2) -> 0.48374093 | H19: =IF(B19+D19=0,1,(B19*F19+D19*G19)/(B19+D19)) -> 0.49526115 | I19: =IF(AND(B19>0,D19>0),1,0) -> 1 | J19: =IF(I19=1,H19,1E+99) -> 0.49526115 | N19: =Data!A229 -> 228 | O19: =Data!L229 -> 0 | P19: =IF(Data!C229<=$L$2,$L$4,$L$6) -> 0.57978723 | Q19: =IF(P19>=Controls!$B$2,1,0) -> 1 | R19: =--(Q19=O19) -> 0
A20: =Data!C20 -> 56 | B20: =COUNTIFS(Data!$M$2:$M$301,"Train",Data!$C$2:$C$301,"<="&A20) -> 178 | C20: =SUMIFS(Data!$L$2:$L$301,Data!$M$2:$M$301,"Train",Data!$C$2:$C$301,"<="&A20) -> 92 | D20: =COUNTIFS(Data!$M$2:$M$301,"Train",Data!$C$2:$C$301,">"&A20) -> 32 | E20: =SUMIFS(Data!$L$2:$L$301,Data!$M$2:$M$301,"Train",Data!$C$2:$C$301,">"&A20) -> 18 | F20: =IF(B20=0,0,1-(C20/B20)^2-(1-C20/B20)^2) -> 0.49943189 | G20: =IF(D20=0,0,1-(E20/D20)^2-(1-E20/D20)^2) -> 0.4921875 | H20: =IF(B20+D20=0,1,(B20*F20+D20*G20)/(B20+D20)) -> 0.49832798 | I20: =IF(AND(B20>0,D20>0),1,0) -> 1 | J20: =IF(I20=1,H20,1E+99) -> 0.49832798 | N20: =Data!A230 -> 229 | O20: =Data!L230 -> 1 | P20: =IF(Data!C230<=$L$2,$L$4,$L$6) -> 0.57978723 | Q20: =IF(P20>=Controls!$B$2,1,0) -> 1 | R20: =--(Q20=O20) -> 1
A21: =Data!C21 -> 37 | B21: =COUNTIFS(Data!$M$2:$M$301,"Train",Data!$C$2:$C$301,"<="&A21) -> 74 | C21: =SUMIFS(Data!$L$2:$L$301,Data!$M$2:$M$301,"Train",Data!$C$2:$C$301,"<="&A21) -> 26 | D21: =COUNTIFS(Data!$M$2:$M$301,"Train",Data!$C$2:$C$301,">"&A21) -> 136 | E21: =SUMIFS(Data!$L$2:$L$301,Data!$M$2:$M$301,"Train",Data!$C$2:$C$301,">"&A21) -> 84 | F21: =IF(B21=0,0,1-(C21/B21)^2-(1-C21/B21)^2) -> 0.45580716 | G21: =IF(D21=0,0,1-(E21/D21)^2-(1-E21/D21)^2) -> 0.47231834 | H21: =IF(B21+D21=0,1,(B21*F21+D21*G21)/(B21+D21)) -> 0.46650011 | I21: =IF(AND(B21>0,D21>0),1,0) -> 1 | J21: =IF(I21=1,H21,1E+99) -> 0.46650011 | N21: =Data!A231 -> 230 | O21: =Data!L231 -> 0 | P21: =IF(Data!C231<=$L$2,$L$4,$L$6) -> 0.57978723 | Q21: =IF(P21>=Controls!$B$2,1,0) -> 1 | R21: =--(Q21=O21) -> 0
A22: =Data!C22 -> 38 | B22: =COUNTIFS(Data!$M$2:$M$301,"Train",Data!$C$2:$C$301,"<="&A22) -> 81 | C22: =SUMIFS(Data!$L$2:$L$301,Data!$M$2:$M$301,"Train",Data!$C$2:$C$301,"<="&A22) -> 32 | D22: =COUNTIFS(Data!$M$2:$M$301,"Train",Data!$C$2:$C$301,">"&A22) -> 129 | E22: =SUMIFS(Data!$L$2:$L$301,Data!$M$2:$M$301,"Train",Data!$C$2:$C$301,">"&A22) -> 78 | F22: =IF(B22=0,0,1-(C22/B22)^2-(1-C22/B22)^2) -> 0.47797592 | G22: =IF(D22=0,0,1-(E22/D22)^2-(1-E22/D22)^2) -> 0.47809627 | H22: =IF(B22+D22=0,1,(B22*F22+D22*G22)/(B22+D22)) -> 0.47804985 | I22: =IF(AND(B22>0,D22>0),1,0) -> 1 | J22: =IF(I22=1,H22,1E+99) -> 0.47804985 | N22: =Data!A232 -> 231 | O22: =Data!L232 -> 0 | P22: =IF(Data!C232<=$L$2,$L$4,$L$6) -> 0.57978723 | Q22: =IF(P22>=Controls!$B$2,1,0) -> 1 | R22: =--(Q22=O22) -> 0
A23: =Data!C23 -> 40 | B23: =COUNTIFS(Data!$M$2:$M$301,"Train",Data!$C$2:$C$301,"<="&A23) -> 95 | C23: =SUMIFS(Data!$L$2:$L$301,Data!$M$2:$M$301,"Train",Data!$C$2:$C$301,"<="&A23) -> 40 | D23: =COUNTIFS(Data!$M$2:$M$301,"Train",Data!$C$2:$C$301,">"&A23) -> 115 | E23: =SUMIFS(Data!$L$2:$L$301,Data!$M$2:$M$301,"Train",Data!$C$2:$C$301,">"&A23) -> 70 | F23: =IF(B23=0,0,1-(C23/B23)^2-(1-C23/B23)^2) -> 0.48753463 | G23: =IF(D23=0,0,1-(E23/D23)^2-(1-E23/D23)^2) -> 0.47637051 | H23: =IF(B23+D23=0,1,(B23*F23+D23*G23)/(B23+D23)) -> 0.48142094 | I23: =IF(AND(B23>0,D23>0),1,0) -> 1 | J23: =IF(I23=1,H23,1E+99) -> 0.48142094 | N23: =Data!A233 -> 232 | O23: =Data!L233 -> 1 | P23: =IF(Data!C233<=$L$2,$L$4,$L$6) -> 0.57978723 | Q23: =IF(P23>=Controls!$B$2,1,0) -> 1 | R23: =--(Q23=O23) -> 1
... A91: =Data!C91 -> 70 | B91: =COUNTIFS(Data!$M$2:$M$301,"Train",Data!$C$2:$C$301,"<="&A91) -> 207 | C91: =SUMIFS(Data!$L$2:$L$301,Data!$M$2:$M$301,"Train",Data!$C$2:$C$301,"<="&A91) -> 109 | D91: =COUNTIFS(Data!$M$2:$M$301,"Train",Data!$C$2:$C$301,">"&A91) -> 3 | E91: =SUMIFS(Data!$L$2:$L$301,Data!$M$2:$M$301,"Train",Data!$C$2:$C$301,">"&A91) -> 1 | F91: =IF(B91=0,0,1-(C91/B91)^2-(1-C91/B91)^2) -> 0.49858807 | G91: =IF(D91=0,0,1-(E91/D91)^2-(1-E91/D91)^2) -> 0.44444444 | H91: =IF(B91+D91=0,1,(B91*F91+D91*G91)/(B91+D91)) -> 0.49781458 | I91: =IF(AND(B91>0,D91>0),1,0) -> 1 | J91: =IF(I91=1,H91,1E+99) -> 0.49781458 | N91: =Data!A301 -> 300 | O91: =Data!L301 -> 0 | P91: =IF(Data!C301<=$L$2,$L$4,$L$6) -> 0.57978723 | Q91: =IF(P91>=Controls!$B$2,1,0) -> 1 | R91: =--(Q91=O91) -> 0
A92: =Data!C92 -> 47 | B92: =COUNTIFS(Data!$M$2:$M$301,"Train",Data!$C$2:$C$301,"<="&A92) -> 132 | C92: =SUMIFS(Data!$L$2:$L$301,Data!$M$2:$M$301,"Train",Data!$C$2:$C$301,"<="&A92) -> 60 | D92: =COUNTIFS(Data!$M$2:$M$301,"Train",Data!$C$2:$C$301,">"&A92) -> 78 | E92: =SUMIFS(Data!$L$2:$L$301,Data!$M$2:$M$301,"Train",Data!$C$2:$C$301,">"&A92) -> 50 | F92: =IF(B92=0,0,1-(C92/B92)^2-(1-C92/B92)^2) -> 0.49586777 | G92: =IF(D92=0,0,1-(E92/D92)^2-(1-E92/D92)^2) -> 0.46022354 | H92: =IF(B92+D92=0,1,(B92*F92+D92*G92)/(B92+D92)) -> 0.48262848 | I92: =IF(AND(B92>0,D92>0),1,0) -> 1 | J92: =IF(I92=1,H92,1E+99) -> 0.48262848
A93: =Data!C93 -> 46 | B93: =COUNTIFS(Data!$M$2:$M$301,"Train",Data!$C$2:$C$301,"<="&A93) -> 128 | C93: =SUMIFS(Data!$L$2:$L$301,Data!$M$2:$M$301,"Train",Data!$C$2:$C$301,"<="&A93) -> 56 | D93: =COUNTIFS(Data!$M$2:$M$301,"Train",Data!$C$2:$C$301,">"&A93) -> 82 | E93: =SUMIFS(Data!$L$2:$L$301,Data!$M$2:$M$301,"Train",Data!$C$2:$C$301,">"&A93) -> 54 | F93: =IF(B93=0,0,1-(C93/B93)^2-(1-C93/B93)^2) -> 0.4921875 | G93: =IF(D93=0,0,1-(E93/D93)^2-(1-E93/D93)^2) -> 0.4497323 | H93: =IF(B93+D93=0,1,(B93*F93+D93*G93)/(B93+D93)) -> 0.47560976 | I93: =IF(AND(B93>0,D93>0),1,0) -> 1 | J93: =IF(I93=1,H93,1E+99) -> 0.47560976
A94: =Data!C94 -> 33 | B94: =COUNTIFS(Data!$M$2:$M$301,"Train",Data!$C$2:$C$301,"<="&A94) -> 47 | C94: =SUMIFS(Data!$L$2:$L$301,Data!$M$2:$M$301,"Train",Data!$C$2:$C$301,"<="&A94) -> 14 | D94: =COUNTIFS(Data!$M$2:$M$301,"Train",Data!$C$2:$C$301,">"&A94) -> 163 | E94: =SUMIFS(Data!$L$2:$L$301,Data!$M$2:$M$301,"Train",Data!$C$2:$C$301,">"&A94) -> 96 | F94: =IF(B94=0,0,1-(C94/B94)^2-(1-C94/B94)^2) -> 0.41828882 | G94: =IF(D94=0,0,1-(E94/D94)^2-(1-E94/D94)^2) -> 0.48417328 | H94: =IF(B94+D94=0,1,(B94*F94+D94*G94)/(B94+D94)) -> 0.46942771 | I94: =IF(AND(B94>0,D94>0),1,0) -> 1 | J94: =IF(I94=1,H94,1E+99) -> 0.46942771 | N94: accuracy | O94: =AVERAGE(R2:R91) -> 0.57777778
A95: =Data!C95 -> 34 | B95: =COUNTIFS(Data!$M$2:$M$301,"Train",Data!$C$2:$C$301,"<="&A95) -> 55 | C95: =SUMIFS(Data!$L$2:$L$301,Data!$M$2:$M$301,"Train",Data!$C$2:$C$301,"<="&A95) -> 17 | D95: =COUNTIFS(Data!$M$2:$M$301,"Train",Data!$C$2:$C$301,">"&A95) -> 155 | E95: =SUMIFS(Data!$L$2:$L$301,Data!$M$2:$M$301,"Train",Data!$C$2:$C$301,">"&A95) -> 93 | F95: =IF(B95=0,0,1-(C95/B95)^2-(1-C95/B95)^2) -> 0.42710744 | G95: =IF(D95=0,0,1-(E95/D95)^2-(1-E95/D95)^2) -> 0.48 | H95: =IF(B95+D95=0,1,(B95*F95+D95*G95)/(B95+D95)) -> 0.46614719 | I95: =IF(AND(B95>0,D95>0),1,0) -> 1 | J95: =IF(I95=1,H95,1E+99) -> 0.46614719 | N95: TP | O95: =COUNTIFS(O2:O91,1,Q2:Q91,1) -> 46
A96: =Data!C96 -> 22 | B96: =COUNTIFS(Data!$M$2:$M$301,"Train",Data!$C$2:$C$301,"<="&A96) -> 8 | C96: =SUMIFS(Data!$L$2:$L$301,Data!$M$2:$M$301,"Train",Data!$C$2:$C$301,"<="&A96) -> 0 | D96: =COUNTIFS(Data!$M$2:$M$301,"Train",Data!$C$2:$C$301,">"&A96) -> 202 | E96: =SUMIFS(Data!$L$2:$L$301,Data!$M$2:$M$301,"Train",Data!$C$2:$C$301,">"&A96) -> 110 | F96: =IF(B96=0,0,1-(C96/B96)^2-(1-C96/B96)^2) -> 0 | G96: =IF(D96=0,0,1-(E96/D96)^2-(1-E96/D96)^2) -> 0.4960298 | H96: =IF(B96+D96=0,1,(B96*F96+D96*G96)/(B96+D96)) -> 0.47713343 | I96: =IF(AND(B96>0,D96>0),1,0) -> 1 | J96: =IF(I96=1,H96,1E+99) -> 0.47713343 | N96: TN | O96: =COUNTIFS(O2:O91,0,Q2:Q91,0) -> 6
A97: =Data!C97 -> 74 | B97: =COUNTIFS(Data!$M$2:$M$301,"Train",Data!$C$2:$C$301,"<="&A97) -> 209 | C97: =SUMIFS(Data!$L$2:$L$301,Data!$M$2:$M$301,"Train",Data!$C$2:$C$301,"<="&A97) -> 110 | D97: =COUNTIFS(Data!$M$2:$M$301,"Train",Data!$C$2:$C$301,">"&A97) -> 1 | E97: =SUMIFS(Data!$L$2:$L$301,Data!$M$2:$M$301,"Train",Data!$C$2:$C$301,">"&A97) -> 0 | F97: =IF(B97=0,0,1-(C97/B97)^2-(1-C97/B97)^2) -> 0.49861496 | G97: =IF(D97=0,0,1-(E97/D97)^2-(1-E97/D97)^2) -> 0 | H97: =IF(B97+D97=0,1,(B97*F97+D97*G97)/(B97+D97)) -> 0.4962406 | I97: =IF(AND(B97>0,D97>0),1,0) -> 1 | J97: =IF(I97=1,H97,1E+99) -> 0.4962406 | N97: FP | O97: =COUNTIFS(O2:O91,0,Q2:Q91,1) -> 37
A98: =Data!C98 -> 40 | B98: =COUNTIFS(Data!$M$2:$M$301,"Train",Data!$C$2:$C$301,"<="&A98) -> 95 | C98: =SUMIFS(Data!$L$2:$L$301,Data!$M$2:$M$301,"Train",Data!$C$2:$C$301,"<="&A98) -> 40 | D98: =COUNTIFS(Data!$M$2:$M$301,"Train",Data!$C$2:$C$301,">"&A98) -> 115 | E98: =SUMIFS(Data!$L$2:$L$301,Data!$M$2:$M$301,"Train",Data!$C$2:$C$301,">"&A98) -> 70 | F98: =IF(B98=0,0,1-(C98/B98)^2-(1-C98/B98)^2) -> 0.48753463 | G98: =IF(D98=0,0,1-(E98/D98)^2-(1-E98/D98)^2) -> 0.47637051 | H98: =IF(B98+D98=0,1,(B98*F98+D98*G98)/(B98+D98)) -> 0.48142094 | I98: =IF(AND(B98>0,D98>0),1,0) -> 1 | J98: =IF(I98=1,H98,1E+99) -> 0.48142094 | N98: FN | O98: =COUNTIFS(O2:O91,1,Q2:Q91,0) -> 1
A99: =Data!C99 -> 45 | B99: =COUNTIFS(Data!$M$2:$M$301,"Train",Data!$C$2:$C$301,"<="&A99) -> 123 | C99: =SUMIFS(Data!$L$2:$L$301,Data!$M$2:$M$301,"Train",Data!$C$2:$C$301,"<="&A99) -> 55 | D99: =COUNTIFS(Data!$M$2:$M$301,"Train",Data!$C$2:$C$301,">"&A99) -> 87 | E99: =SUMIFS(Data!$L$2:$L$301,Data!$M$2:$M$301,"Train",Data!$C$2:$C$301,">"&A99) -> 55 | F99: =IF(B99=0,0,1-(C99/B99)^2-(1-C99/B99)^2) -> 0.4944147 | G99: =IF(D99=0,0,1-(E99/D99)^2-(1-E99/D99)^2) -> 0.46505483 | H99: =IF(B99+D99=0,1,(B99*F99+D99*G99)/(B99+D99)) -> 0.48225132 | I99: =IF(AND(B99>0,D99>0),1,0) -> 1 | J99: =IF(I99=1,H99,1E+99) -> 0.48225132
A100: =Data!C100 -> 43 | B100: =COUNTIFS(Data!$M$2:$M$301,"Train",Data!$C$2:$C$301,"<="&A100) -> 113 | C100: =SUMIFS(Data!$L$2:$L$301,Data!$M$2:$M$301,"Train",Data!$C$2:$C$301,"<="&A100) -> 48 | D100: =COUNTIFS(Data!$M$2:$M$301,"Train",Data!$C$2:$C$301,">"&A100) -> 97 | E100: =SUMIFS(Data!$L$2:$L$301,Data!$M$2:$M$301,"Train",Data!$C$2:$C$301,">"&A100) -> 62 | F100: =IF(B100=0,0,1-(C100/B100)^2-(1-C100/B100)^2) -> 0.48868353 | G100: =IF(D100=0,0,1-(E100/D100)^2-(1-E100/D100)^2) -> 0.4612605 | H100: =IF(B100+D100=0,1,(B100*F100+D100*G100)/(B100+D100)) -> 0.4760167 | I100: =IF(AND(B100>0,D100>0),1,0) -> 1 | J100: =IF(I100=1,H100,1E+99) -> 0.4760167
A101: =Data!C101 -> 33 | B101: =COUNTIFS(Data!$M$2:$M$301,"Train",Data!$C$2:$C$301,"<="&A101) -> 47 | C101: =SUMIFS(Data!$L$2:$L$301,Data!$M$2:$M$301,"Train",Data!$C$2:$C$301,"<="&A101) -> 14 | D101: =COUNTIFS(Data!$M$2:$M$301,"Train",Data!$C$2:$C$301,">"&A101) -> 163 | E101: =SUMIFS(Data!$L$2:$L$301,Data!$M$2:$M$301,"Train",Data!$C$2:$C$301,">"&A101) -> 96 | F101: =IF(B101=0,0,1-(C101/B101)^2-(1-C101/B101)^2) -> 0.41828882 | G101: =IF(D101=0,0,1-(E101/D101)^2-(1-E101/D101)^2) -> 0.48417328 | H101: =IF(B101+D101=0,1,(B101*F101+D101*G101)/(B101+D101)) -> 0.46942771 | I101: =IF(AND(B101>0,D101>0),1,0) -> 1 | J101: =IF(I101=1,H101,1E+99) -> 0.46942771
A102: =Data!C102 -> 62 | B102: =COUNTIFS(Data!$M$2:$M$301,"Train",Data!$C$2:$C$301,"<="&A102) -> 200 | C102: =SUMIFS(Data!$L$2:$L$301,Data!$M$2:$M$301,"Train",Data!$C$2:$C$301,"<="&A102) -> 107 | D102: =COUNTIFS(Data!$M$2:$M$301,"Train",Data!$C$2:$C$301,">"&A102) -> 10 | E102: =SUMIFS(Data!$L$2:$L$301,Data!$M$2:$M$301,"Train",Data!$C$2:$C$301,">"&A102) -> 3 | F102: =IF(B102=0,0,1-(C102/B102)^2-(1-C102/B102)^2) -> 0.49755 | G102: =IF(D102=0,0,1-(E102/D102)^2-(1-E102/D102)^2) -> 0.42 | H102: =IF(B102+D102=0,1,(B102*F102+D102*G102)/(B102+D102)) -> 0.49385714 | I102: =IF(AND(B102>0,D102>0),1,0) -> 1 | J102: =IF(I102=1,H102,1E+99) -> 0.49385714
A103: =Data!C103 -> 37 | B103: =COUNTIFS(Data!$M$2:$M$301,"Train",Data!$C$2:$C$301,"<="&A103) -> 74 | C103: =SUMIFS(Data!$L$2:$L$301,Data!$M$2:$M$301,"Train",Data!$C$2:$C$301,"<="&A103) -> 26 | D103: =COUNTIFS(Data!$M$2:$M$301,"Train",Data!$C$2:$C$301,">"&A103) -> 136 | E103: =SUMIFS(Data!$L$2:$L$301,Data!$M$2:$M$301,"Train",Data!$C$2:$C$301,">"&A103) -> 84 | F103: =IF(B103=0,0,1-(C103/B103)^2-(1-C103/B103)^2) -> 0.45580716 | G103: =IF(D103=0,0,1-(E103/D103)^2-(1-E103/D103)^2) -> 0.47231834 | H103: =IF(B103+D103=0,1,(B103*F103+D103*G103)/(B103+D103)) -> 0.46650011 | I103: =IF(AND(B103>0,D103>0),1,0) -> 1 | J103: =IF(I103=1,H103,1E+99) -> 0.46650011
A104: =Data!C104 -> 54 | B104: =COUNTIFS(Data!$M$2:$M$301,"Train",Data!$C$2:$C$301,"<="&A104) -> 169 | C104: =SUMIFS(Data!$L$2:$L$301,Data!$M$2:$M$301,"Train",Data!$C$2:$C$301,"<="&A104) -> 87 | D104: =COUNTIFS(Data!$M$2:$M$301,"Train",Data!$C$2:$C$301,">"&A104) -> 41 | E104: =SUMIFS(Data!$L$2:$L$301,Data!$M$2:$M$301,"Train",Data!$C$2:$C$301,">"&A104) -> 23 | F104: =IF(B104=0,0,1-(C104/B104)^2-(1-C104/B104)^2) -> 0.49956234 | G104: =IF(D104=0,0,1-(E104/D104)^2-(1-E104/D104)^2) -> 0.49256395 | H104: =IF(B104+D104=0,1,(B104*F104+D104*G104)/(B104+D104)) -> 0.49819599 | I104: =IF(AND(B104>0,D104>0),1,0) -> 1 | J104: =IF(I104=1,H104,1E+99) -> 0.49819599
A105: =Data!C105 -> 34 | B105: =COUNTIFS(Data!$M$2:$M$301,"Train",Data!$C$2:$C$301,"<="&A105) -> 55 | C105: =SUMIFS(Data!$L$2:$L$301,Data!$M$2:$M$301,"Train",Data!$C$2:$C$301,"<="&A105) -> 17 | D105: =COUNTIFS(Data!$M$2:$M$301,"Train",Data!$C$2:$C$301,">"&A105) -> 155 | E105: =SUMIFS(Data!$L$2:$L$301,Data!$M$2:$M$301,"Train",Data!$C$2:$C$301,">"&A105) -> 93 | F105: =IF(B105=0,0,1-(C105/B105)^2-(1-C105/B105)^2) -> 0.42710744 | G105: =IF(D105=0,0,1-(E105/D105)^2-(1-E105/D105)^2) -> 0.48 | H105: =IF(B105+D105=0,1,(B105*F105+D105*G105)/(B105+D105)) -> 0.46614719 | I105: =IF(AND(B105>0,D105>0),1,0) -> 1 | J105: =IF(I105=1,H105,1E+99) -> 0.46614719
A106: =Data!C106 -> 50 | B106: =COUNTIFS(Data!$M$2:$M$301,"Train",Data!$C$2:$C$301,"<="&A106) -> 149 | C106: =SUMIFS(Data!$L$2:$L$301,Data!$M$2:$M$301,"Train",Data!$C$2:$C$301,"<="&A106) -> 74 | D106: =COUNTIFS(Data!$M$2:$M$301,"Train",Data!$C$2:$C$301,">"&A106) -> 61 | E106: =SUMIFS(Data!$L$2:$L$301,Data!$M$2:$M$301,"Train",Data!$C$2:$C$301,">"&A106) -> 36 | F106: =IF(B106=0,0,1-(C106/B106)^2-(1-C106/B106)^2) -> 0.49997748 | G106: =IF(D106=0,0,1-(E106/D106)^2-(1-E106/D106)^2) -> 0.48374093 | H106: =IF(B106+D106=0,1,(B106*F106+D106*G106)/(B106+D106)) -> 0.49526115 | I106: =IF(AND(B106>0,D106>0),1,0) -> 1 | J106: =IF(I106=1,H106,1E+99) -> 0.49526115
A107: =Data!C107 -> 46 | B107: =COUNTIFS(Data!$M$2:$M$301,"Train",Data!$C$2:$C$301,"<="&A107) -> 128 | C107: =SUMIFS(Data!$L$2:$L$301,Data!$M$2:$M$301,"Train",Data!$C$2:$C$301,"<="&A107) -> 56 | D107: =COUNTIFS(Data!$M$2:$M$301,"Train",Data!$C$2:$C$301,">"&A107) -> 82 | E107: =SUMIFS(Data!$L$2:$L$301,Data!$M$2:$M$301,"Train",Data!$C$2:$C$301,">"&A107) -> 54 | F107: =IF(B107=0,0,1-(C107/B107)^2-(1-C107/B107)^2) -> 0.4921875 | G107: =IF(D107=0,0,1-(E107/D107)^2-(1-E107/D107)^2) -> 0.4497323 | H107: =IF(B107+D107=0,1,(B107*F107+D107*G107)/(B107+D107)) -> 0.47560976 | I107: =IF(AND(B107>0,D107>0),1,0) -> 1 | J107: =IF(I107=1,H107,1E+99) -> 0.47560976
A108: =Data!C108 -> 41 | B108: =COUNTIFS(Data!$M$2:$M$301,"Train",Data!$C$2:$C$301,"<="&A108) -> 99 | C108: =SUMIFS(Data!$L$2:$L$301,Data!$M$2:$M$301,"Train",Data!$C$2:$C$301,"<="&A108) -> 41 | D108: =COUNTIFS(Data!$M$2:$M$301,"Train",Data!$C$2:$C$301,">"&A108) -> 111 | E108: =SUMIFS(Data!$L$2:$L$301,Data!$M$2:$M$301,"Train",Data!$C$2:$C$301,">"&A108) -> 69 | F108: =IF(B108=0,0,1-(C108/B108)^2-(1-C108/B108)^2) -> 0.48525661 | G108: =IF(D108=0,0,1-(E108/D108)^2-(1-E108/D108)^2) -> 0.47041636 | H108: =IF(B108+D108=0,1,(B108*F108+D108*G108)/(B108+D108)) -> 0.47741248 | I108: =IF(AND(B108>0,D108>0),1,0) -> 1 | J108: =IF(I108=1,H108,1E+99) -> 0.47741248
A109: =Data!C109 -> 63 | B109: =COUNTIFS(Data!$M$2:$M$301,"Train",Data!$C$2:$C$301,"<="&A109) -> 202 | C109: =SUMIFS(Data!$L$2:$L$301,Data!$M$2:$M$301,"Train",Data!$C$2:$C$301,"<="&A109) -> 108 | D109: =COUNTIFS(Data!$M$2:$M$301,"Train",Data!$C$2:$C$301,">"&A109) -> 8 | E109: =SUMIFS(Data!$L$2:$L$301,Data!$M$2:$M$301,"Train",Data!$C$2:$C$301,">"&A109) -> 2 | F109: =IF(B109=0,0,1-(C109/B109)^2-(1-C109/B109)^2) -> 0.49759827 | G109: =IF(D109=0,0,1-(E109/D109)^2-(1-E109/D109)^2) -> 0.375 | H109: =IF(B109+D109=0,1,(B109*F109+D109*G109)/(B109+D109)) -> 0.49292786 | I109: =IF(AND(B109>0,D109>0),1,0) -> 1 | J109: =IF(I109=1,H109,1E+99) -> 0.49292786
A110: =Data!C110 -> 38 | B110: =COUNTIFS(Data!$M$2:$M$301,"Train",Data!$C$2:$C$301,"<="&A110) -> 81 | C110: =SUMIFS(Data!$L$2:$L$301,Data!$M$2:$M$301,"Train",Data!$C$2:$C$301,"<="&A110) -> 32 | D110: =COUNTIFS(Data!$M$2:$M$301,"Train",Data!$C$2:$C$301,">"&A110) -> 129 | E110: =SUMIFS(Data!$L$2:$L$301,Data!$M$2:$M$301,"Train",Data!$C$2:$C$301,">"&A110) -> 78 | F110: =IF(B110=0,0,1-(C110/B110)^2-(1-C110/B110)^2) -> 0.47797592 | G110: =IF(D110=0,0,1-(E110/D110)^2-(1-E110/D110)^2) -> 0.47809627 | H110: =IF(B110+D110=0,1,(B110*F110+D110*G110)/(B110+D110)) -> 0.47804985 | I110: =IF(AND(B110>0,D110>0),1,0) -> 1 | J110: =IF(I110=1,H110,1E+99) -> 0.47804985
... A251: =Data!C251 -> 38 | B251: =COUNTIFS(Data!$M$2:$M$301,"Train",Data!$C$2:$C$301,"<="&A251) -> 81 | C251: =SUMIFS(Data!$L$2:$L$301,Data!$M$2:$M$301,"Train",Data!$C$2:$C$301,"<="&A251) -> 32 | D251: =COUNTIFS(Data!$M$2:$M$301,"Train",Data!$C$2:$C$301,">"&A251) -> 129 | E251: =SUMIFS(Data!$L$2:$L$301,Data!$M$2:$M$301,"Train",Data!$C$2:$C$301,">"&A251) -> 78 | F251: =IF(B251=0,0,1-(C251/B251)^2-(1-C251/B251)^2) -> 0.47797592 | G251: =IF(D251=0,0,1-(E251/D251)^2-(1-E251/D251)^2) -> 0.47809627 | H251: =IF(B251+D251=0,1,(B251*F251+D251*G251)/(B251+D251)) -> 0.47804985 | I251: =IF(AND(B251>0,D251>0),1,0) -> 1 | J251: =IF(I251=1,H251,1E+99) -> 0.47804985

Sheet ROC_Mechanics
A1: threshold | B1: TP | C1: FP | D1: TN | E1: FN | F1: TPR | G1: FPR | I1: approx_auc
A2: 0 | B2: =COUNTIFS(ClassTree!$O$2:$O$91,1,ClassTree!$P$2:$P$91,">="&A2) -> 47 | C2: =COUNTIFS(ClassTree!$O$2:$O$91,0,ClassTree!$P$2:$P$91,">="&A2) -> 43 | D2: =COUNTIFS(ClassTree!$O$2:$O$91,0,ClassTree!$P$2:$P$91,"<"&A2) -> 0 | E2: =COUNTIFS(ClassTree!$O$2:$O$91,1,ClassTree!$P$2:$P$91,"<"&A2) -> 0 | F2: =IF(B2+E2=0,0,B2/(B2+E2)) -> 1 | G2: =IF(C2+D2=0,0,C2/(C2+D2)) -> 1 | I2: =SUMPRODUCT((G2:G21-G3:G22),(F2:F21+F3:F22)/2) -> 0.55912914
A3: 0.05 | B3: =COUNTIFS(ClassTree!$O$2:$O$91,1,ClassTree!$P$2:$P$91,">="&A3) -> 46 | C3: =COUNTIFS(ClassTree!$O$2:$O$91,0,ClassTree!$P$2:$P$91,">="&A3) -> 37 | D3: =COUNTIFS(ClassTree!$O$2:$O$91,0,ClassTree!$P$2:$P$91,"<"&A3) -> 6 | E3: =COUNTIFS(ClassTree!$O$2:$O$91,1,ClassTree!$P$2:$P$91,"<"&A3) -> 1 | F3: =IF(B3+E3=0,0,B3/(B3+E3)) -> 0.9787234 | G3: =IF(C3+D3=0,0,C3/(C3+D3)) -> 0.86046512
A4: 0.1 | B4: =COUNTIFS(ClassTree!$O$2:$O$91,1,ClassTree!$P$2:$P$91,">="&A4) -> 46 | C4: =COUNTIFS(ClassTree!$O$2:$O$91,0,ClassTree!$P$2:$P$91,">="&A4) -> 37 | D4: =COUNTIFS(ClassTree!$O$2:$O$91,0,ClassTree!$P$2:$P$91,"<"&A4) -> 6 | E4: =COUNTIFS(ClassTree!$O$2:$O$91,1,ClassTree!$P$2:$P$91,"<"&A4) -> 1 | F4: =IF(B4+E4=0,0,B4/(B4+E4)) -> 0.9787234 | G4: =IF(C4+D4=0,0,C4/(C4+D4)) -> 0.86046512
A5: 0.15 | B5: =COUNTIFS(ClassTree!$O$2:$O$91,1,ClassTree!$P$2:$P$91,">="&A5) -> 46 | C5: =COUNTIFS(ClassTree!$O$2:$O$91,0,ClassTree!$P$2:$P$91,">="&A5) -> 37 | D5: =COUNTIFS(ClassTree!$O$2:$O$91,0,ClassTree!$P$2:$P$91,"<"&A5) -> 6 | E5: =COUNTIFS(ClassTree!$O$2:$O$91,1,ClassTree!$P$2:$P$91,"<"&A5) -> 1 | F5: =IF(B5+E5=0,0,B5/(B5+E5)) -> 0.9787234 | G5: =IF(C5+D5=0,0,C5/(C5+D5)) -> 0.86046512
A6: 0.2 | B6: =COUNTIFS(ClassTree!$O$2:$O$91,1,ClassTree!$P$2:$P$91,">="&A6) -> 46 | C6: =COUNTIFS(ClassTree!$O$2:$O$91,0,ClassTree!$P$2:$P$91,">="&A6) -> 37 | D6: =COUNTIFS(ClassTree!$O$2:$O$91,0,ClassTree!$P$2:$P$91,"<"&A6) -> 6 | E6: =COUNTIFS(ClassTree!$O$2:$O$91,1,ClassTree!$P$2:$P$91,"<"&A6) -> 1 | F6: =IF(B6+E6=0,0,B6/(B6+E6)) -> 0.9787234 | G6: =IF(C6+D6=0,0,C6/(C6+D6)) -> 0.86046512
A7: 0.25 | B7: =COUNTIFS(ClassTree!$O$2:$O$91,1,ClassTree!$P$2:$P$91,">="&A7) -> 46 | C7: =COUNTIFS(ClassTree!$O$2:$O$91,0,ClassTree!$P$2:$P$91,">="&A7) -> 37 | D7: =COUNTIFS(ClassTree!$O$2:$O$91,0,ClassTree!$P$2:$P$91,"<"&A7) -> 6 | E7: =COUNTIFS(ClassTree!$O$2:$O$91,1,ClassTree!$P$2:$P$91,"<"&A7) -> 1 | F7: =IF(B7+E7=0,0,B7/(B7+E7)) -> 0.9787234 | G7: =IF(C7+D7=0,0,C7/(C7+D7)) -> 0.86046512
A8: 0.3 | B8: =COUNTIFS(ClassTree!$O$2:$O$91,1,ClassTree!$P$2:$P$91,">="&A8) -> 46 | C8: =COUNTIFS(ClassTree!$O$2:$O$91,0,ClassTree!$P$2:$P$91,">="&A8) -> 37 | D8: =COUNTIFS(ClassTree!$O$2:$O$91,0,ClassTree!$P$2:$P$91,"<"&A8) -> 6 | E8: =COUNTIFS(ClassTree!$O$2:$O$91,1,ClassTree!$P$2:$P$91,"<"&A8) -> 1 | F8: =IF(B8+E8=0,0,B8/(B8+E8)) -> 0.9787234 | G8: =IF(C8+D8=0,0,C8/(C8+D8)) -> 0.86046512
A9: 0.35 | B9: =COUNTIFS(ClassTree!$O$2:$O$91,1,ClassTree!$P$2:$P$91,">="&A9) -> 46 | C9: =COUNTIFS(ClassTree!$O$2:$O$91,0,ClassTree!$P$2:$P$91,">="&A9) -> 37 | D9: =COUNTIFS(ClassTree!$O$2:$O$91,0,ClassTree!$P$2:$P$91,"<"&A9) -> 6 | E9: =COUNTIFS(ClassTree!$O$2:$O$91,1,ClassTree!$P$2:$P$91,"<"&A9) -> 1 | F9: =IF(B9+E9=0,0,B9/(B9+E9)) -> 0.9787234 | G9: =IF(C9+D9=0,0,C9/(C9+D9)) -> 0.86046512
A10: 0.4 | B10: =COUNTIFS(ClassTree!$O$2:$O$91,1,ClassTree!$P$2:$P$91,">="&A10) -> 46 | C10: =COUNTIFS(ClassTree!$O$2:$O$91,0,ClassTree!$P$2:$P$91,">="&A10) -> 37 | D10: =COUNTIFS(ClassTree!$O$2:$O$91,0,ClassTree!$P$2:$P$91,"<"&A10) -> 6 | E10: =COUNTIFS(ClassTree!$O$2:$O$91,1,ClassTree!$P$2:$P$91,"<"&A10) -> 1 | F10: =IF(B10+E10=0,0,B10/(B10+E10)) -> 0.9787234 | G10: =IF(C10+D10=0,0,C10/(C10+D10)) -> 0.86046512
A11: 0.45 | B11: =COUNTIFS(ClassTree!$O$2:$O$91,1,ClassTree!$P$2:$P$91,">="&A11) -> 46 | C11: =COUNTIFS(ClassTree!$O$2:$O$91,0,ClassTree!$P$2:$P$91,">="&A11) -> 37 | D11: =COUNTIFS(ClassTree!$O$2:$O$91,0,ClassTree!$P$2:$P$91,"<"&A11) -> 6 | E11: =COUNTIFS(ClassTree!$O$2:$O$91,1,ClassTree!$P$2:$P$91,"<"&A11) -> 1 | F11: =IF(B11+E11=0,0,B11/(B11+E11)) -> 0.9787234 | G11: =IF(C11+D11=0,0,C11/(C11+D11)) -> 0.86046512
A12: 0.5 | B12: =COUNTIFS(ClassTree!$O$2:$O$91,1,ClassTree!$P$2:$P$91,">="&A12) -> 46 | C12: =COUNTIFS(ClassTree!$O$2:$O$91,0,ClassTree!$P$2:$P$91,">="&A12) -> 37 | D12: =COUNTIFS(ClassTree!$O$2:$O$91,0,ClassTree!$P$2:$P$91,"<"&A12) -> 6 | E12: =COUNTIFS(ClassTree!$O$2:$O$91,1,ClassTree!$P$2:$P$91,"<"&A12) -> 1 | F12: =IF(B12+E12=0,0,B12/(B12+E12)) -> 0.9787234 | G12: =IF(C12+D12=0,0,C12/(C12+D12)) -> 0.86046512
A13: 0.55 | B13: =COUNTIFS(ClassTree!$O$2:$O$91,1,ClassTree!$P$2:$P$91,">="&A13) -> 46 | C13: =COUNTIFS(ClassTree!$O$2:$O$91,0,ClassTree!$P$2:$P$91,">="&A13) -> 37 | D13: =COUNTIFS(ClassTree!$O$2:$O$91,0,ClassTree!$P$2:$P$91,"<"&A13) -> 6 | E13: =COUNTIFS(ClassTree!$O$2:$O$91,1,ClassTree!$P$2:$P$91,"<"&A13) -> 1 | F13: =IF(B13+E13=0,0,B13/(B13+E13)) -> 0.9787234 | G13: =IF(C13+D13=0,0,C13/(C13+D13)) -> 0.86046512
A14: 0.6 | B14: =COUNTIFS(ClassTree!$O$2:$O$91,1,ClassTree!$P$2:$P$91,">="&A14) -> 0 | C14: =COUNTIFS(ClassTree!$O$2:$O$91,0,ClassTree!$P$2:$P$91,">="&A14) -> 0 | D14: =COUNTIFS(ClassTree!$O$2:$O$91,0,ClassTree!$P$2:$P$91,"<"&A14) -> 43 | E14: =COUNTIFS(ClassTree!$O$2:$O$91,1,ClassTree!$P$2:$P$91,"<"&A14) -> 47 | F14: =IF(B14+E14=0,0,B14/(B14+E14)) -> 0 | G14: =IF(C14+D14=0,0,C14/(C14+D14)) -> 0
... A22: 1 | B22: =COUNTIFS(ClassTree!$O$2:$O$91,1,ClassTree!$P$2:$P$91,">="&A22) -> 0 | C22: =COUNTIFS(ClassTree!$O$2:$O$91,0,ClassTree!$P$2:$P$91,">="&A22) -> 0 | D22: =COUNTIFS(ClassTree!$O$2:$O$91,0,ClassTree!$P$2:$P$91,"<"&A22) -> 43 | E22: =COUNTIFS(ClassTree!$O$2:$O$91,1,ClassTree!$P$2:$P$91,"<"&A22) -> 47 | F22: =IF(B22+E22=0,0,B22/(B22+E22)) -> 0 | G22: =IF(C22+D22=0,0,C22/(C22+D22)) -> 0

Sheet RF_Mechanics
A1: tree | B1: feature_used | C1: threshold | D1: left_prob_high | E1: right_prob_high | F1: left_class | G1: right_class | I1: test_id | J1: actual | K1: tree_01_pred | L1: tree_02_pred | M1: tree_03_pred | N1: tree_04_pred | O1: tree_05_pred | P1: tree_06_pred | Q1: tree_07_pred | R1: tree_08_pred | S1: tree_09_pred | T1: tree_10_pred | U1: tree_11_pred | V1: tree_12_pred | W1: tree_13_pred | X1: tree_14_pred | Y1: tree_15_pred | Z1: tree_16_pred | AA1: tree_17_pred | AB1: tree_18_pred | AC1: tree_19_pred | AD1: tree_20_pred | AE1: tree_21_pred | AF1: tree_22_pred | AG1: tree_23_pred | AH1: tree_24_pred | AI1: tree_25_pred | AJ1: vote_prob_high | AK1: pred_class | AL1: correct
A2: 1 | B2: =IF(MOD(1,2)=1,"age","year") -> age | C2: =IF(B2="age",INDEX(Data!$C$2:$C$301,1+MOD(INT(ABS(SIN((1*41+ROW()))*1000000)),300)),INDEX(Data!$B$2:$B$301,1+MOD(INT(ABS(SIN((1*53+ROW()))*1000000)),300))) -> 50 | D2: =IF(B2="age",IFERROR(AVERAGEIFS(Data!$L$2:$L$301,Data!$M$2:$M$301,"Train",Data!$C$2:$C$301,"<="&C2),0),IFERROR(AVERAGEIFS(Data!$L$2:$L$301,Data!$M$2:$M$301,"Train",Data!$B$2:$B$301,"<="&C2),0)) -> 0.4966443 | E2: =IF(B2="age",IFERROR(AVERAGEIFS(Data!$L$2:$L$301,Data!$M$2:$M$301,"Train",Data!$C$2:$C$301,">"&C2),0),IFERROR(AVERAGEIFS(Data!$L$2:$L$301,Data!$M$2:$M$301,"Train",Data!$B$2:$B$301,">"&C2),0)) -> 0.59016393 | F2: =IF(D2>=Controls!$B$2,1,0) -> 0 | G2: =IF(E2>=Controls!$B$2,1,0) -> 1 | I2: =Data!A206 -> 205 | J2: =Data!L206 -> 1 | K2: =IF($B$2="age",IF(Data!C206<=$C$2,$F$2,$G$2),IF(Data!B206<=$C$2,$F$2,$G$2)) -> 0 | L2: =IF($B$3="age",IF(Data!C206<=$C$3,$F$3,$G$3),IF(Data!B206<=$C$3,$F$3,$G$3)) -> 1 | M2: =IF($B$4="age",IF(Data!C206<=$C$4,$F$4,$G$4),IF(Data!B206<=$C$4,$F$4,$G$4)) -> 1 | N2: =IF($B$5="age",IF(Data!C206<=$C$5,$F$5,$G$5),IF(Data!B206<=$C$5,$F$5,$G$5)) -> 1 | O2: =IF($B$6="age",IF(Data!C206<=$C$6,$F$6,$G$6),IF(Data!B206<=$C$6,$F$6,$G$6)) -> 1 | P2: =IF($B$7="age",IF(Data!C206<=$C$7,$F$7,$G$7),IF(Data!B206<=$C$7,$F$7,$G$7)) -> 1 | Q2: =IF($B$8="age",IF(Data!C206<=$C$8,$F$8,$G$8),IF(Data!B206<=$C$8,$F$8,$G$8)) -> 1 | R2: =IF($B$9="age",IF(Data!C206<=$C$9,$F$9,$G$9),IF(Data!B206<=$C$9,$F$9,$G$9)) -> 1 | S2: =IF($B$10="age",IF(Data!C206<=$C$10,$F$10,$G$10),IF(Data!B206<=$C$10,$F$10,$G$10)) -> 0 | T2: =IF($B$11="age",IF(Data!C206<=$C$11,$F$11,$G$11),IF(Data!B206<=$C$11,$F$11,$G$11)) -> 1 | U2: =IF($B$12="age",IF(Data!C206<=$C$12,$F$12,$G$12),IF(Data!B206<=$C$12,$F$12,$G$12)) -> 1 | V2: =IF($B$13="age",IF(Data!C206<=$C$13,$F$13,$G$13),IF(Data!B206<=$C$13,$F$13,$G$13)) -> 1 | W2: =IF($B$14="age",IF(Data!C206<=$C$14,$F$14,$G$14),IF(Data!B206<=$C$14,$F$14,$G$14)) -> 1 | X2: =IF($B$15="age",IF(Data!C206<=$C$15,$F$15,$G$15),IF(Data!B206<=$C$15,$F$15,$G$15)) -> 1 | Y2: =IF($B$16="age",IF(Data!C206<=$C$16,$F$16,$G$16),IF(Data!B206<=$C$16,$F$16,$G$16)) -> 1 | Z2: =IF($B$17="age",IF(Data!C206<=$C$17,$F$17,$G$17),IF(Data!B206<=$C$17,$F$17,$G$17)) -> 0 | AA2: =IF($B$18="age",IF(Data!C206<=$C$18,$F$18,$G$18),IF(Data!B206<=$C$18,$F$18,$G$18)) -> 1 | AB2: =IF($B$19="age",IF(Data!C206<=$C$19,$F$19,$G$19),IF(Data!B206<=$C$19,$F$19,$G$19)) -> 1 | AC2: =IF($B$20="age",IF(Data!C206<=$C$20,$F$20,$G$20),IF(Data!B206<=$C$20,$F$20,$G$20)) -> 1 | AD2: =IF($B$21="age",IF(Data!C206<=$C$21,$F$21,$G$21),IF(Data!B206<=$C$21,$F$21,$G$21)) -> 0 | AE2: =IF($B$22="age",IF(Data!C206<=$C$22,$F$22,$G$22),IF(Data!B206<=$C$22,$F$22,$G$22)) -> 1 | AF2: =IF($B$23="age",IF(Data!C206<=$C$23,$F$23,$G$23),IF(Data!B206<=$C$23,$F$23,$G$23)) -> 1 | AG2: =IF($B$24="age",IF(Data!C206<=$C$24,$F$24,$G$24),IF(Data!B206<=$C$24,$F$24,$G$24)) -> 1 | AH2: =IF($B$25="age",IF(Data!C206<=$C$25,$F$25,$G$25),IF(Data!B206<=$C$25,$F$25,$G$25)) -> 1 | AI2: =IF($B$26="age",IF(Data!C206<=$C$26,$F$26,$G$26),IF(Data!B206<=$C$26,$F$26,$G$26)) -> 1 | AJ2: =AVERAGE(K2:AI2) -> 0.84 | AK2: =IF(AJ2>=Controls!$B$2,1,0) -> 1 | AL2: =--(AK2=J2) -> 1
A3: 2 | B3: =IF(MOD(2,2)=1,"age","year") -> year | C3: =IF(B3="age",INDEX(Data!$C$2:$C$301,1+MOD(INT(ABS(SIN((2*41+ROW()))*1000000)),300)),INDEX(Data!$B$2:$B$301,1+MOD(INT(ABS(SIN((2*53+ROW()))*1000000)),300))) -> 2003 | D3: =IF(B3="age",IFERROR(AVERAGEIFS(Data!$L$2:$L$301,Data!$M$2:$M$301,"Train",Data!$C$2:$C$301,"<="&C3),0),IFERROR(AVERAGEIFS(Data!$L$2:$L$301,Data!$M$2:$M$301,"Train",Data!$B$2:$B$301,"<="&C3),0)) -> 0.47368421 | E3: =IF(B3="age",IFERROR(AVERAGEIFS(Data!$L$2:$L$301,Data!$M$2:$M$301,"Train",Data!$C$2:$C$301,">"&C3),0),IFERROR(AVERAGEIFS(Data!$L$2:$L$301,Data!$M$2:$M$301,"Train",Data!$B$2:$B$301,">"&C3),0)) -> 0.53488372 | F3: =IF(D3>=Controls!$B$2,1,0) -> 0 | G3: =IF(E3>=Controls!$B$2,1,0) -> 1 | I3: =Data!A208 -> 207 | J3: =Data!L208 -> 1 | K3: =IF($B$2="age",IF(Data!C208<=$C$2,$F$2,$G$2),IF(Data!B208<=$C$2,$F$2,$G$2)) -> 1 | L3: =IF($B$3="age",IF(Data!C208<=$C$3,$F$3,$G$3),IF(Data!B208<=$C$3,$F$3,$G$3)) -> 1 | M3: =IF($B$4="age",IF(Data!C208<=$C$4,$F$4,$G$4),IF(Data!B208<=$C$4,$F$4,$G$4)) -> 1 | N3: =IF($B$5="age",IF(Data!C208<=$C$5,$F$5,$G$5),IF(Data!B208<=$C$5,$F$5,$G$5)) -> 1 | O3: =IF($B$6="age",IF(Data!C208<=$C$6,$F$6,$G$6),IF(Data!B208<=$C$6,$F$6,$G$6)) -> 1 | P3: =IF($B$7="age",IF(Data!C208<=$C$7,$F$7,$G$7),IF(Data!B208<=$C$7,$F$7,$G$7)) -> 1 | Q3: =IF($B$8="age",IF(Data!C208<=$C$8,$F$8,$G$8),IF(Data!B208<=$C$8,$F$8,$G$8)) -> 1 | R3: =IF($B$9="age",IF(Data!C208<=$C$9,$F$9,$G$9),IF(Data!B208<=$C$9,$F$9,$G$9)) -> 1 | S3: =IF($B$10="age",IF(Data!C208<=$C$10,$F$10,$G$10),IF(Data!B208<=$C$10,$F$10,$G$10)) -> 1 | T3: =IF($B$11="age",IF(Data!C208<=$C$11,$F$11,$G$11),IF(Data!B208<=$C$11,$F$11,$G$11)) -> 1 | U3: =IF($B$12="age",IF(Data!C208<=$C$12,$F$12,$G$12),IF(Data!B208<=$C$12,$F$12,$G$12)) -> 0 | V3: =IF($B$13="age",IF(Data!C208<=$C$13,$F$13,$G$13),IF(Data!B208<=$C$13,$F$13,$G$13)) -> 1 | W3: =IF($B$14="age",IF(Data!C208<=$C$14,$F$14,$G$14),IF(Data!B208<=$C$14,$F$14,$G$14)) -> 1 | X3: =IF($B$15="age",IF(Data!C208<=$C$15,$F$15,$G$15),IF(Data!B208<=$C$15,$F$15,$G$15)) -> 1 | Y3: =IF($B$16="age",IF(Data!C208<=$C$16,$F$16,$G$16),IF(Data!B208<=$C$16,$F$16,$G$16)) -> 0 | Z3: =IF($B$17="age",IF(Data!C208<=$C$17,$F$17,$G$17),IF(Data!B208<=$C$17,$F$17,$G$17)) -> 0 | AA3: =IF($B$18="age",IF(Data!C208<=$C$18,$F$18,$G$18),IF(Data!B208<=$C$18,$F$18,$G$18)) -> 1 | AB3: =IF($B$19="age",IF(Data!C208<=$C$19,$F$19,$G$19),IF(Data!B208<=$C$19,$F$19,$G$19)) -> 1 | AC3: =IF($B$20="age",IF(Data!C208<=$C$20,$F$20,$G$20),IF(Data!B208<=$C$20,$F$20,$G$20)) -> 1 | AD3: =IF($B$21="age",IF(Data!C208<=$C$21,$F$21,$G$21),IF(Data!B208<=$C$21,$F$21,$G$21)) -> 0 | AE3: =IF($B$22="age",IF(Data!C208<=$C$22,$F$22,$G$22),IF(Data!B208<=$C$22,$F$22,$G$22)) -> 1 | AF3: =IF($B$23="age",IF(Data!C208<=$C$23,$F$23,$G$23),IF(Data!B208<=$C$23,$F$23,$G$23)) -> 1 | AG3: =IF($B$24="age",IF(Data!C208<=$C$24,$F$24,$G$24),IF(Data!B208<=$C$24,$F$24,$G$24)) -> 1 | AH3: =IF($B$25="age",IF(Data!C208<=$C$25,$F$25,$G$25),IF(Data!B208<=$C$25,$F$25,$G$25)) -> 1 | AI3: =IF($B$26="age",IF(Data!C208<=$C$26,$F$26,$G$26),IF(Data!B208<=$C$26,$F$26,$G$26)) -> 1 | AJ3: =AVERAGE(K3:AI3) -> 0.84 | AK3: =IF(AJ3>=Controls!$B$2,1,0) -> 1 | AL3: =--(AK3=J3) -> 1
A4: 3 | B4: =IF(MOD(3,2)=1,"age","year") -> age | C4: =IF(B4="age",INDEX(Data!$C$2:$C$301,1+MOD(INT(ABS(SIN((3*41+ROW()))*1000000)),300)),INDEX(Data!$B$2:$B$301,1+MOD(INT(ABS(SIN((3*53+ROW()))*1000000)),300))) -> 55 | D4: =IF(B4="age",IFERROR(AVERAGEIFS(Data!$L$2:$L$301,Data!$M$2:$M$301,"Train",Data!$C$2:$C$301,"<="&C4),0),IFERROR(AVERAGEIFS(Data!$L$2:$L$301,Data!$M$2:$M$301,"Train",Data!$B$2:$B$301,"<="&C4),0)) -> 0.51704545 | E4: =IF(B4="age",IFERROR(AVERAGEIFS(Data!$L$2:$L$301,Data!$M$2:$M$301,"Train",Data!$C$2:$C$301,">"&C4),0),IFERROR(AVERAGEIFS(Data!$L$2:$L$301,Data!$M$2:$M$301,"Train",Data!$B$2:$B$301,">"&C4),0)) -> 0.55882353 | F4: =IF(D4>=Controls!$B$2,1,0) -> 1 | G4: =IF(E4>=Controls!$B$2,1,0) -> 1 | I4: =Data!A209 -> 208 | J4: =Data!L209 -> 1 | K4: =IF($B$2="age",IF(Data!C209<=$C$2,$F$2,$G$2),IF(Data!B209<=$C$2,$F$2,$G$2)) -> 0 | L4: =IF($B$3="age",IF(Data!C209<=$C$3,$F$3,$G$3),IF(Data!B209<=$C$3,$F$3,$G$3)) -> 1 | M4: =IF($B$4="age",IF(Data!C209<=$C$4,$F$4,$G$4),IF(Data!B209<=$C$4,$F$4,$G$4)) -> 1 | N4: =IF($B$5="age",IF(Data!C209<=$C$5,$F$5,$G$5),IF(Data!B209<=$C$5,$F$5,$G$5)) -> 1 | O4: =IF($B$6="age",IF(Data!C209<=$C$6,$F$6,$G$6),IF(Data!B209<=$C$6,$F$6,$G$6)) -> 1 | P4: =IF($B$7="age",IF(Data!C209<=$C$7,$F$7,$G$7),IF(Data!B209<=$C$7,$F$7,$G$7)) -> 1 | Q4: =IF($B$8="age",IF(Data!C209<=$C$8,$F$8,$G$8),IF(Data!B209<=$C$8,$F$8,$G$8)) -> 1 | R4: =IF($B$9="age",IF(Data!C209<=$C$9,$F$9,$G$9),IF(Data!B209<=$C$9,$F$9,$G$9)) -> 1 | S4: =IF($B$10="age",IF(Data!C209<=$C$10,$F$10,$G$10),IF(Data!B209<=$C$10,$F$10,$G$10)) -> 1 | T4: =IF($B$11="age",IF(Data!C209<=$C$11,$F$11,$G$11),IF(Data!B209<=$C$11,$F$11,$G$11)) -> 0 | U4: =IF($B$12="age",IF(Data!C209<=$C$12,$F$12,$G$12),IF(Data!B209<=$C$12,$F$12,$G$12)) -> 1 | V4: =IF($B$13="age",IF(Data!C209<=$C$13,$F$13,$G$13),IF(Data!B209<=$C$13,$F$13,$G$13)) -> 1 | W4: =IF($B$14="age",IF(Data!C209<=$C$14,$F$14,$G$14),IF(Data!B209<=$C$14,$F$14,$G$14)) -> 1 | X4: =IF($B$15="age",IF(Data!C209<=$C$15,$F$15,$G$15),IF(Data!B209<=$C$15,$F$15,$G$15)) -> 1 | Y4: =IF($B$16="age",IF(Data!C209<=$C$16,$F$16,$G$16),IF(Data!B209<=$C$16,$F$16,$G$16)) -> 1 | Z4: =IF($B$17="age",IF(Data!C209<=$C$17,$F$17,$G$17),IF(Data!B209<=$C$17,$F$17,$G$17)) -> 0 | AA4: =IF($B$18="age",IF(Data!C209<=$C$18,$F$18,$G$18),IF(Data!B209<=$C$18,$F$18,$G$18)) -> 1 | AB4: =IF($B$19="age",IF(Data!C209<=$C$19,$F$19,$G$19),IF(Data!B209<=$C$19,$F$19,$G$19)) -> 1 | AC4: =IF($B$20="age",IF(Data!C209<=$C$20,$F$20,$G$20),IF(Data!B209<=$C$20,$F$20,$G$20)) -> 1 | AD4: =IF($B$21="age",IF(Data!C209<=$C$21,$F$21,$G$21),IF(Data!B209<=$C$21,$F$21,$G$21)) -> 0 | AE4: =IF($B$22="age",IF(Data!C209<=$C$22,$F$22,$G$22),IF(Data!B209<=$C$22,$F$22,$G$22)) -> 1 | AF4: =IF($B$23="age",IF(Data!C209<=$C$23,$F$23,$G$23),IF(Data!B209<=$C$23,$F$23,$G$23)) -> 1 | AG4: =IF($B$24="age",IF(Data!C209<=$C$24,$F$24,$G$24),IF(Data!B209<=$C$24,$F$24,$G$24)) -> 1 | AH4: =IF($B$25="age",IF(Data!C209<=$C$25,$F$25,$G$25),IF(Data!B209<=$C$25,$F$25,$G$25)) -> 1 | AI4: =IF($B$26="age",IF(Data!C209<=$C$26,$F$26,$G$26),IF(Data!B209<=$C$26,$F$26,$G$26)) -> 1 | AJ4: =AVERAGE(K4:AI4) -> 0.84 | AK4: =IF(AJ4>=Controls!$B$2,1,0) -> 1 | AL4: =--(AK4=J4) -> 1
A5: 4 | B5: =IF(MOD(4,2)=1,"age","year") -> year | C5: =IF(B5="age",INDEX(Data!$C$2:$C$301,1+MOD(INT(ABS(SIN((4*41+ROW()))*1000000)),300)),INDEX(Data!$B$2:$B$301,1+MOD(INT(ABS(SIN((4*53+ROW()))*1000000)),300))) -> 2004 | D5: =IF(B5="age",IFERROR(AVERAGEIFS(Data!$L$2:$L$301,Data!$M$2:$M$301,"Train",Data!$C$2:$C$301,"<="&C5),0),IFERROR(AVERAGEIFS(Data!$L$2:$L$301,Data!$M$2:$M$301,"Train",Data!$B$2:$B$301,"<="&C5),0)) -> 0.43835616 | E5: =IF(B5="age",IFERROR(AVERAGEIFS(Data!$L$2:$L$301,Data!$M$2:$M$301,"Train",Data!$C$2:$C$301,">"&C5),0),IFERROR(AVERAGEIFS(Data!$L$2:$L$301,Data!$M$2:$M$301,"Train",Data!$B$2:$B$301,">"&C5),0)) -> 0.56934307 | F5: =IF(D5>=Controls!$B$2,1,0) -> 0 | G5: =IF(E5>=Controls!$B$2,1,0) -> 1 | I5: =Data!A210 -> 209 | J5: =Data!L210 -> 1 | K5: =IF($B$2="age",IF(Data!C210<=$C$2,$F$2,$G$2),IF(Data!B210<=$C$2,$F$2,$G$2)) -> 0 | L5: =IF($B$3="age",IF(Data!C210<=$C$3,$F$3,$G$3),IF(Data!B210<=$C$3,$F$3,$G$3)) -> 1 | M5: =IF($B$4="age",IF(Data!C210<=$C$4,$F$4,$G$4),IF(Data!B210<=$C$4,$F$4,$G$4)) -> 1 | N5: =IF($B$5="age",IF(Data!C210<=$C$5,$F$5,$G$5),IF(Data!B210<=$C$5,$F$5,$G$5)) -> 1 | O5: =IF($B$6="age",IF(Data!C210<=$C$6,$F$6,$G$6),IF(Data!B210<=$C$6,$F$6,$G$6)) -> 0 | P5: =IF($B$7="age",IF(Data!C210<=$C$7,$F$7,$G$7),IF(Data!B210<=$C$7,$F$7,$G$7)) -> 1 | Q5: =IF($B$8="age",IF(Data!C210<=$C$8,$F$8,$G$8),IF(Data!B210<=$C$8,$F$8,$G$8)) -> 1 | R5: =IF($B$9="age",IF(Data!C210<=$C$9,$F$9,$G$9),IF(Data!B210<=$C$9,$F$9,$G$9)) -> 1 | S5: =IF($B$10="age",IF(Data!C210<=$C$10,$F$10,$G$10),IF(Data!B210<=$C$10,$F$10,$G$10)) -> 0 | T5: =IF($B$11="age",IF(Data!C210<=$C$11,$F$11,$G$11),IF(Data!B210<=$C$11,$F$11,$G$11)) -> 0 | U5: =IF($B$12="age",IF(Data!C210<=$C$12,$F$12,$G$12),IF(Data!B210<=$C$12,$F$12,$G$12)) -> 1 | V5: =IF($B$13="age",IF(Data!C210<=$C$13,$F$13,$G$13),IF(Data!B210<=$C$13,$F$13,$G$13)) -> 1 | W5: =IF($B$14="age",IF(Data!C210<=$C$14,$F$14,$G$14),IF(Data!B210<=$C$14,$F$14,$G$14)) -> 0 | X5: =IF($B$15="age",IF(Data!C210<=$C$15,$F$15,$G$15),IF(Data!B210<=$C$15,$F$15,$G$15)) -> 1 | Y5: =IF($B$16="age",IF(Data!C210<=$C$16,$F$16,$G$16),IF(Data!B210<=$C$16,$F$16,$G$16)) -> 1 | Z5: =IF($B$17="age",IF(Data!C210<=$C$17,$F$17,$G$17),IF(Data!B210<=$C$17,$F$17,$G$17)) -> 0 | AA5: =IF($B$18="age",IF(Data!C210<=$C$18,$F$18,$G$18),IF(Data!B210<=$C$18,$F$18,$G$18)) -> 1 | AB5: =IF($B$19="age",IF(Data!C210<=$C$19,$F$19,$G$19),IF(Data!B210<=$C$19,$F$19,$G$19)) -> 1 | AC5: =IF($B$20="age",IF(Data!C210<=$C$20,$F$20,$G$20),IF(Data!B210<=$C$20,$F$20,$G$20)) -> 1 | AD5: =IF($B$21="age",IF(Data!C210<=$C$21,$F$21,$G$21),IF(Data!B210<=$C$21,$F$21,$G$21)) -> 0 | AE5: =IF($B$22="age",IF(Data!C210<=$C$22,$F$22,$G$22),IF(Data!B210<=$C$22,$F$22,$G$22)) -> 0 | AF5: =IF($B$23="age",IF(Data!C210<=$C$23,$F$23,$G$23),IF(Data!B210<=$C$23,$F$23,$G$23)) -> 1 | AG5: =IF($B$24="age",IF(Data!C210<=$C$24,$F$24,$G$24),IF(Data!B210<=$C$24,$F$24,$G$24)) -> 1 | AH5: =IF($B$25="age",IF(Data!C210<=$C$25,$F$25,$G$25),IF(Data!B210<=$C$25,$F$25,$G$25)) -> 1 | AI5: =IF($B$26="age",IF(Data!C210<=$C$26,$F$26,$G$26),IF(Data!B210<=$C$26,$F$26,$G$26)) -> 1 | AJ5: =AVERAGE(K5:AI5) -> 0.68 | AK5: =IF(AJ5>=Controls!$B$2,1,0) -> 1 | AL5: =--(AK5=J5) -> 1
A6: 5 | B6: =IF(MOD(5,2)=1,"age","year") -> age | C6: =IF(B6="age",INDEX(Data!$C$2:$C$301,1+MOD(INT(ABS(SIN((5*41+ROW()))*1000000)),300)),INDEX(Data!$B$2:$B$301,1+MOD(INT(ABS(SIN((5*53+ROW()))*1000000)),300))) -> 41 | D6: =IF(B6="age",IFERROR(AVERAGEIFS(Data!$L$2:$L$301,Data!$M$2:$M$301,"Train",Data!$C$2:$C$301,"<="&C6),0),IFERROR(AVERAGEIFS(Data!$L$2:$L$301,Data!$M$2:$M$301,"Train",Data!$B$2:$B$301,"<="&C6),0)) -> 0.41414141 | E6: =IF(B6="age",IFERROR(AVERAGEIFS(Data!$L$2:$L$301,Data!$M$2:$M$301,"Train",Data!$C$2:$C$301,">"&C6),0),IFERROR(AVERAGEIFS(Data!$L$2:$L$301,Data!$M$2:$M$301,"Train",Data!$B$2:$B$301,">"&C6),0)) -> 0.62162162 | F6: =IF(D6>=Controls!$B$2,1,0) -> 0 | G6: =IF(E6>=Controls!$B$2,1,0) -> 1 | I6: =Data!A212 -> 211 | J6: =Data!L212 -> 1 | K6: =IF($B$2="age",IF(Data!C212<=$C$2,$F$2,$G$2),IF(Data!B212<=$C$2,$F$2,$G$2)) -> 0 | L6: =IF($B$3="age",IF(Data!C212<=$C$3,$F$3,$G$3),IF(Data!B212<=$C$3,$F$3,$G$3)) -> 1 | M6: =IF($B$4="age",IF(Data!C212<=$C$4,$F$4,$G$4),IF(Data!B212<=$C$4,$F$4,$G$4)) -> 1 | N6: =IF($B$5="age",IF(Data!C212<=$C$5,$F$5,$G$5),IF(Data!B212<=$C$5,$F$5,$G$5)) -> 1 | O6: =IF($B$6="age",IF(Data!C212<=$C$6,$F$6,$G$6),IF(Data!B212<=$C$6,$F$6,$G$6)) -> 0 | P6: =IF($B$7="age",IF(Data!C212<=$C$7,$F$7,$G$7),IF(Data!B212<=$C$7,$F$7,$G$7)) -> 1 | Q6: =IF($B$8="age",IF(Data!C212<=$C$8,$F$8,$G$8),IF(Data!B212<=$C$8,$F$8,$G$8)) -> 1 | R6: =IF($B$9="age",IF(Data!C212<=$C$9,$F$9,$G$9),IF(Data!B212<=$C$9,$F$9,$G$9)) -> 1 | S6: =IF($B$10="age",IF(Data!C212<=$C$10,$F$10,$G$10),IF(Data!B212<=$C$10,$F$10,$G$10)) -> 0 | T6: =IF($B$11="age",IF(Data!C212<=$C$11,$F$11,$G$11),IF(Data!B212<=$C$11,$F$11,$G$11)) -> 0 | U6: =IF($B$12="age",IF(Data!C212<=$C$12,$F$12,$G$12),IF(Data!B212<=$C$12,$F$12,$G$12)) -> 1 | V6: =IF($B$13="age",IF(Data!C212<=$C$13,$F$13,$G$13),IF(Data!B212<=$C$13,$F$13,$G$13)) -> 1 | W6: =IF($B$14="age",IF(Data!C212<=$C$14,$F$14,$G$14),IF(Data!B212<=$C$14,$F$14,$G$14)) -> 0 | X6: =IF($B$15="age",IF(Data!C212<=$C$15,$F$15,$G$15),IF(Data!B212<=$C$15,$F$15,$G$15)) -> 1 | Y6: =IF($B$16="age",IF(Data!C212<=$C$16,$F$16,$G$16),IF(Data!B212<=$C$16,$F$16,$G$16)) -> 1 | Z6: =IF($B$17="age",IF(Data!C212<=$C$17,$F$17,$G$17),IF(Data!B212<=$C$17,$F$17,$G$17)) -> 0 | AA6: =IF($B$18="age",IF(Data!C212<=$C$18,$F$18,$G$18),IF(Data!B212<=$C$18,$F$18,$G$18)) -> 1 | AB6: =IF($B$19="age",IF(Data!C212<=$C$19,$F$19,$G$19),IF(Data!B212<=$C$19,$F$19,$G$19)) -> 1 | AC6: =IF($B$20="age",IF(Data!C212<=$C$20,$F$20,$G$20),IF(Data!B212<=$C$20,$F$20,$G$20)) -> 1 | AD6: =IF($B$21="age",IF(Data!C212<=$C$21,$F$21,$G$21),IF(Data!B212<=$C$21,$F$21,$G$21)) -> 0 | AE6: =IF($B$22="age",IF(Data!C212<=$C$22,$F$22,$G$22),IF(Data!B212<=$C$22,$F$22,$G$22)) -> 0 | AF6: =IF($B$23="age",IF(Data!C212<=$C$23,$F$23,$G$23),IF(Data!B212<=$C$23,$F$23,$G$23)) -> 1 | AG6: =IF($B$24="age",IF(Data!C212<=$C$24,$F$24,$G$24),IF(Data!B212<=$C$24,$F$24,$G$24)) -> 0 | AH6: =IF($B$25="age",IF(Data!C212<=$C$25,$F$25,$G$25),IF(Data!B212<=$C$25,$F$25,$G$25)) -> 1 | AI6: =IF($B$26="age",IF(Data!C212<=$C$26,$F$26,$G$26),IF(Data!B212<=$C$26,$F$26,$G$26)) -> 1 | AJ6: =AVERAGE(K6:AI6) -> 0.64 | AK6: =IF(AJ6>=Controls!$B$2,1,0) -> 1 | AL6: =--(AK6=J6) -> 1
A7: 6 | B7: =IF(MOD(6,2)=1,"age","year") -> year | C7: =IF(B7="age",INDEX(Data!$C$2:$C$301,1+MOD(INT(ABS(SIN((6*41+ROW()))*1000000)),300)),INDEX(Data!$B$2:$B$301,1+MOD(INT(ABS(SIN((6*53+ROW()))*1000000)),300))) -> 2009 | D7: =IF(B7="age",IFERROR(AVERAGEIFS(Data!$L$2:$L$301,Data!$M$2:$M$301,"Train",Data!$C$2:$C$301,"<="&C7),0),IFERROR(AVERAGEIFS(Data!$L$2:$L$301,Data!$M$2:$M$301,"Train",Data!$B$2:$B$301,"<="&C7),0)) -> 0.52380952 | E7: =IF(B7="age",IFERROR(AVERAGEIFS(Data!$L$2:$L$301,Data!$M$2:$M$301,"Train",Data!$C$2:$C$301,">"&C7),0),IFERROR(AVERAGEIFS(Data!$L$2:$L$301,Data!$M$2:$M$301,"Train",Data!$B$2:$B$301,">"&C7),0)) -> 0 | F7: =IF(D7>=Controls!$B$2,1,0) -> 1 | G7: =IF(E7>=Controls!$B$2,1,0) -> 0 | I7: =Data!A214 -> 213 | J7: =Data!L214 -> 1 | K7: =IF($B$2="age",IF(Data!C214<=$C$2,$F$2,$G$2),IF(Data!B214<=$C$2,$F$2,$G$2)) -> 0 | L7: =IF($B$3="age",IF(Data!C214<=$C$3,$F$3,$G$3),IF(Data!B214<=$C$3,$F$3,$G$3)) -> 1 | M7: =IF($B$4="age",IF(Data!C214<=$C$4,$F$4,$G$4),IF(Data!B214<=$C$4,$F$4,$G$4)) -> 1 | N7: =IF($B$5="age",IF(Data!C214<=$C$5,$F$5,$G$5),IF(Data!B214<=$C$5,$F$5,$G$5)) -> 1 | O7: =IF($B$6="age",IF(Data!C214<=$C$6,$F$6,$G$6),IF(Data!B214<=$C$6,$F$6,$G$6)) -> 0 | P7: =IF($B$7="age",IF(Data!C214<=$C$7,$F$7,$G$7),IF(Data!B214<=$C$7,$F$7,$G$7)) -> 1 | Q7: =IF($B$8="age",IF(Data!C214<=$C$8,$F$8,$G$8),IF(Data!B214<=$C$8,$F$8,$G$8)) -> 1 | R7: =IF($B$9="age",IF(Data!C214<=$C$9,$F$9,$G$9),IF(Data!B214<=$C$9,$F$9,$G$9)) -> 1 | S7: =IF($B$10="age",IF(Data!C214<=$C$10,$F$10,$G$10),IF(Data!B214<=$C$10,$F$10,$G$10)) -> 0 | T7: =IF($B$11="age",IF(Data!C214<=$C$11,$F$11,$G$11),IF(Data!B214<=$C$11,$F$11,$G$11)) -> 1 | U7: =IF($B$12="age",IF(Data!C214<=$C$12,$F$12,$G$12),IF(Data!B214<=$C$12,$F$12,$G$12)) -> 1 | V7: =IF($B$13="age",IF(Data!C214<=$C$13,$F$13,$G$13),IF(Data!B214<=$C$13,$F$13,$G$13)) -> 1 | W7: =IF($B$14="age",IF(Data!C214<=$C$14,$F$14,$G$14),IF(Data!B214<=$C$14,$F$14,$G$14)) -> 0 | X7: =IF($B$15="age",IF(Data!C214<=$C$15,$F$15,$G$15),IF(Data!B214<=$C$15,$F$15,$G$15)) -> 1 | Y7: =IF($B$16="age",IF(Data!C214<=$C$16,$F$16,$G$16),IF(Data!B214<=$C$16,$F$16,$G$16)) -> 1 | Z7: =IF($B$17="age",IF(Data!C214<=$C$17,$F$17,$G$17),IF(Data!B214<=$C$17,$F$17,$G$17)) -> 1 | AA7: =IF($B$18="age",IF(Data!C214<=$C$18,$F$18,$G$18),IF(Data!B214<=$C$18,$F$18,$G$18)) -> 1 | AB7: =IF($B$19="age",IF(Data!C214<=$C$19,$F$19,$G$19),IF(Data!B214<=$C$19,$F$19,$G$19)) -> 1 | AC7: =IF($B$20="age",IF(Data!C214<=$C$20,$F$20,$G$20),IF(Data!B214<=$C$20,$F$20,$G$20)) -> 1 | AD7: =IF($B$21="age",IF(Data!C214<=$C$21,$F$21,$G$21),IF(Data!B214<=$C$21,$F$21,$G$21)) -> 1 | AE7: =IF($B$22="age",IF(Data!C214<=$C$22,$F$22,$G$22),IF(Data!B214<=$C$22,$F$22,$G$22)) -> 0 | AF7: =IF($B$23="age",IF(Data!C214<=$C$23,$F$23,$G$23),IF(Data!B214<=$C$23,$F$23,$G$23)) -> 1 | AG7: =IF($B$24="age",IF(Data!C214<=$C$24,$F$24,$G$24),IF(Data!B214<=$C$24,$F$24,$G$24)) -> 1 | AH7: =IF($B$25="age",IF(Data!C214<=$C$25,$F$25,$G$25),IF(Data!B214<=$C$25,$F$25,$G$25)) -> 1 | AI7: =IF($B$26="age",IF(Data!C214<=$C$26,$F$26,$G$26),IF(Data!B214<=$C$26,$F$26,$G$26)) -> 1 | AJ7: =AVERAGE(K7:AI7) -> 0.8 | AK7: =IF(AJ7>=Controls!$B$2,1,0) -> 1 | AL7: =--(AK7=J7) -> 1
A8: 7 | B8: =IF(MOD(7,2)=1,"age","year") -> age | C8: =IF(B8="age",INDEX(Data!$C$2:$C$301,1+MOD(INT(ABS(SIN((7*41+ROW()))*1000000)),300)),INDEX(Data!$B$2:$B$301,1+MOD(INT(ABS(SIN((7*53+ROW()))*1000000)),300))) -> 53 | D8: =IF(B8="age",IFERROR(AVERAGEIFS(Data!$L$2:$L$301,Data!$M$2:$M$301,"Train",Data!$C$2:$C$301,"<="&C8),0),IFERROR(AVERAGEIFS(Data!$L$2:$L$301,Data!$M$2:$M$301,"Train",Data!$B$2:$B$301,"<="&C8),0)) -> 0.50609756 | E8: =IF(B8="age",IFERROR(AVERAGEIFS(Data!$L$2:$L$301,Data!$M$2:$M$301,"Train",Data!$C$2:$C$301,">"&C8),0),IFERROR(AVERAGEIFS(Data!$L$2:$L$301,Data!$M$2:$M$301,"Train",Data!$B$2:$B$301,">"&C8),0)) -> 0.58695652 | F8: =IF(D8>=Controls!$B$2,1,0) -> 1 | G8: =IF(E8>=Controls!$B$2,1,0) -> 1 | I8: =Data!A215 -> 214 | J8: =Data!L215 -> 1 | K8: =IF($B$2="age",IF(Data!C215<=$C$2,$F$2,$G$2),IF(Data!B215<=$C$2,$F$2,$G$2)) -> 0 | L8: =IF($B$3="age",IF(Data!C215<=$C$3,$F$3,$G$3),IF(Data!B215<=$C$3,$F$3,$G$3)) -> 1 | M8: =IF($B$4="age",IF(Data!C215<=$C$4,$F$4,$G$4),IF(Data!B215<=$C$4,$F$4,$G$4)) -> 1 | N8: =IF($B$5="age",IF(Data!C215<=$C$5,$F$5,$G$5),IF(Data!B215<=$C$5,$F$5,$G$5)) -> 1 | O8: =IF($B$6="age",IF(Data!C215<=$C$6,$F$6,$G$6),IF(Data!B215<=$C$6,$F$6,$G$6)) -> 1 | P8: =IF($B$7="age",IF(Data!C215<=$C$7,$F$7,$G$7),IF(Data!B215<=$C$7,$F$7,$G$7)) -> 1 | Q8: =IF($B$8="age",IF(Data!C215<=$C$8,$F$8,$G$8),IF(Data!B215<=$C$8,$F$8,$G$8)) -> 1 | R8: =IF($B$9="age",IF(Data!C215<=$C$9,$F$9,$G$9),IF(Data!B215<=$C$9,$F$9,$G$9)) -> 1 | S8: =IF($B$10="age",IF(Data!C215<=$C$10,$F$10,$G$10),IF(Data!B215<=$C$10,$F$10,$G$10)) -> 0 | T8: =IF($B$11="age",IF(Data!C215<=$C$11,$F$11,$G$11),IF(Data!B215<=$C$11,$F$11,$G$11)) -> 1 | U8: =IF($B$12="age",IF(Data!C215<=$C$12,$F$12,$G$12),IF(Data!B215<=$C$12,$F$12,$G$12)) -> 1 | V8: =IF($B$13="age",IF(Data!C215<=$C$13,$F$13,$G$13),IF(Data!B215<=$C$13,$F$13,$G$13)) -> 1 | W8: =IF($B$14="age",IF(Data!C215<=$C$14,$F$14,$G$14),IF(Data!B215<=$C$14,$F$14,$G$14)) -> 1 | X8: =IF($B$15="age",IF(Data!C215<=$C$15,$F$15,$G$15),IF(Data!B215<=$C$15,$F$15,$G$15)) -> 1 | Y8: =IF($B$16="age",IF(Data!C215<=$C$16,$F$16,$G$16),IF(Data!B215<=$C$16,$F$16,$G$16)) -> 1 | Z8: =IF($B$17="age",IF(Data!C215<=$C$17,$F$17,$G$17),IF(Data!B215<=$C$17,$F$17,$G$17)) -> 1 | AA8: =IF($B$18="age",IF(Data!C215<=$C$18,$F$18,$G$18),IF(Data!B215<=$C$18,$F$18,$G$18)) -> 1 | AB8: =IF($B$19="age",IF(Data!C215<=$C$19,$F$19,$G$19),IF(Data!B215<=$C$19,$F$19,$G$19)) -> 1 | AC8: =IF($B$20="age",IF(Data!C215<=$C$20,$F$20,$G$20),IF(Data!B215<=$C$20,$F$20,$G$20)) -> 1 | AD8: =IF($B$21="age",IF(Data!C215<=$C$21,$F$21,$G$21),IF(Data!B215<=$C$21,$F$21,$G$21)) -> 1 | AE8: =IF($B$22="age",IF(Data!C215<=$C$22,$F$22,$G$22),IF(Data!B215<=$C$22,$F$22,$G$22)) -> 1 | AF8: =IF($B$23="age",IF(Data!C215<=$C$23,$F$23,$G$23),IF(Data!B215<=$C$23,$F$23,$G$23)) -> 1 | AG8: =IF($B$24="age",IF(Data!C215<=$C$24,$F$24,$G$24),IF(Data!B215<=$C$24,$F$24,$G$24)) -> 1 | AH8: =IF($B$25="age",IF(Data!C215<=$C$25,$F$25,$G$25),IF(Data!B215<=$C$25,$F$25,$G$25)) -> 1 | AI8: =IF($B$26="age",IF(Data!C215<=$C$26,$F$26,$G$26),IF(Data!B215<=$C$26,$F$26,$G$26)) -> 1 | AJ8: =AVERAGE(K8:AI8) -> 0.92 | AK8: =IF(AJ8>=Controls!$B$2,1,0) -> 1 | AL8: =--(AK8=J8) -> 1
A9: 8 | B9: =IF(MOD(8,2)=1,"age","year") -> year | C9: =IF(B9="age",INDEX(Data!$C$2:$C$301,1+MOD(INT(ABS(SIN((8*41+ROW()))*1000000)),300)),INDEX(Data!$B$2:$B$301,1+MOD(INT(ABS(SIN((8*53+ROW()))*1000000)),300))) -> 2004 | D9: =IF(B9="age",IFERROR(AVERAGEIFS(Data!$L$2:$L$301,Data!$M$2:$M$301,"Train",Data!$C$2:$C$301,"<="&C9),0),IFERROR(AVERAGEIFS(Data!$L$2:$L$301,Data!$M$2:$M$301,"Train",Data!$B$2:$B$301,"<="&C9),0)) -> 0.43835616 | E9: =IF(B9="age",IFERROR(AVERAGEIFS(Data!$L$2:$L$301,Data!$M$2:$M$301,"Train",Data!$C$2:$C$301,">"&C9),0),IFERROR(AVERAGEIFS(Data!$L$2:$L$301,Data!$M$2:$M$301,"Train",Data!$B$2:$B$301,">"&C9),0)) -> 0.56934307 | F9: =IF(D9>=Controls!$B$2,1,0) -> 0 | G9: =IF(E9>=Controls!$B$2,1,0) -> 1 | I9: =Data!A217 -> 216 | J9: =Data!L217 -> 1 | K9: =IF($B$2="age",IF(Data!C217<=$C$2,$F$2,$G$2),IF(Data!B217<=$C$2,$F$2,$G$2)) -> 0 | L9: =IF($B$3="age",IF(Data!C217<=$C$3,$F$3,$G$3),IF(Data!B217<=$C$3,$F$3,$G$3)) -> 0 | M9: =IF($B$4="age",IF(Data!C217<=$C$4,$F$4,$G$4),IF(Data!B217<=$C$4,$F$4,$G$4)) -> 1 | N9: =IF($B$5="age",IF(Data!C217<=$C$5,$F$5,$G$5),IF(Data!B217<=$C$5,$F$5,$G$5)) -> 0 | O9: =IF($B$6="age",IF(Data!C217<=$C$6,$F$6,$G$6),IF(Data!B217<=$C$6,$F$6,$G$6)) -> 0 | P9: =IF($B$7="age",IF(Data!C217<=$C$7,$F$7,$G$7),IF(Data!B217<=$C$7,$F$7,$G$7)) -> 1 | Q9: =IF($B$8="age",IF(Data!C217<=$C$8,$F$8,$G$8),IF(Data!B217<=$C$8,$F$8,$G$8)) -> 1 | R9: =IF($B$9="age",IF(Data!C217<=$C$9,$F$9,$G$9),IF(Data!B217<=$C$9,$F$9,$G$9)) -> 0 | S9: =IF($B$10="age",IF(Data!C217<=$C$10,$F$10,$G$10),IF(Data!B217<=$C$10,$F$10,$G$10)) -> 0 | T9: =IF($B$11="age",IF(Data!C217<=$C$11,$F$11,$G$11),IF(Data!B217<=$C$11,$F$11,$G$11)) -> 0 | U9: =IF($B$12="age",IF(Data!C217<=$C$12,$F$12,$G$12),IF(Data!B217<=$C$12,$F$12,$G$12)) -> 1 | V9: =IF($B$13="age",IF(Data!C217<=$C$13,$F$13,$G$13),IF(Data!B217<=$C$13,$F$13,$G$13)) -> 0 | W9: =IF($B$14="age",IF(Data!C217<=$C$14,$F$14,$G$14),IF(Data!B217<=$C$14,$F$14,$G$14)) -> 0 | X9: =IF($B$15="age",IF(Data!C217<=$C$15,$F$15,$G$15),IF(Data!B217<=$C$15,$F$15,$G$15)) -> 1 | Y9: =IF($B$16="age",IF(Data!C217<=$C$16,$F$16,$G$16),IF(Data!B217<=$C$16,$F$16,$G$16)) -> 1 | Z9: =IF($B$17="age",IF(Data!C217<=$C$17,$F$17,$G$17),IF(Data!B217<=$C$17,$F$17,$G$17)) -> 0 | AA9: =IF($B$18="age",IF(Data!C217<=$C$18,$F$18,$G$18),IF(Data!B217<=$C$18,$F$18,$G$18)) -> 1 | AB9: =IF($B$19="age",IF(Data!C217<=$C$19,$F$19,$G$19),IF(Data!B217<=$C$19,$F$19,$G$19)) -> 0 | AC9: =IF($B$20="age",IF(Data!C217<=$C$20,$F$20,$G$20),IF(Data!B217<=$C$20,$F$20,$G$20)) -> 1 | AD9: =IF($B$21="age",IF(Data!C217<=$C$21,$F$21,$G$21),IF(Data!B217<=$C$21,$F$21,$G$21)) -> 0 | AE9: =IF($B$22="age",IF(Data!C217<=$C$22,$F$22,$G$22),IF(Data!B217<=$C$22,$F$22,$G$22)) -> 0 | AF9: =IF($B$23="age",IF(Data!C217<=$C$23,$F$23,$G$23),IF(Data!B217<=$C$23,$F$23,$G$23)) -> 0 | AG9: =IF($B$24="age",IF(Data!C217<=$C$24,$F$24,$G$24),IF(Data!B217<=$C$24,$F$24,$G$24)) -> 1 | AH9: =IF($B$25="age",IF(Data!C217<=$C$25,$F$25,$G$25),IF(Data!B217<=$C$25,$F$25,$G$25)) -> 1 | AI9: =IF($B$26="age",IF(Data!C217<=$C$26,$F$26,$G$26),IF(Data!B217<=$C$26,$F$26,$G$26)) -> 1 | AJ9: =AVERAGE(K9:AI9) -> 0.44 | AK9: =IF(AJ9>=Controls!$B$2,1,0) -> 0 | AL9: =--(AK9=J9) -> 0
A10: 9 | B10: =IF(MOD(9,2)=1,"age","year") -> age | C10: =IF(B10="age",INDEX(Data!$C$2:$C$301,1+MOD(INT(ABS(SIN((9*41+ROW()))*1000000)),300)),INDEX(Data!$B$2:$B$301,1+MOD(INT(ABS(SIN((9*53+ROW()))*1000000)),300))) -> 48 | D10: =IF(B10="age",IFERROR(AVERAGEIFS(Data!$L$2:$L$301,Data!$M$2:$M$301,"Train",Data!$C$2:$C$301,"<="&C10),0),IFERROR(AVERAGEIFS(Data!$L$2:$L$301,Data!$M$2:$M$301,"Train",Data!$B$2:$B$301,"<="&C10),0)) -> 0.47058824 | E10: =IF(B10="age",IFERROR(AVERAGEIFS(Data!$L$2:$L$301,Data!$M$2:$M$301,"Train",Data!$C$2:$C$301,">"&C10),0),IFERROR(AVERAGEIFS(Data!$L$2:$L$301,Data!$M$2:$M$301,"Train",Data!$B$2:$B$301,">"&C10),0)) -> 0.62162162 | F10: =IF(D10>=Controls!$B$2,1,0) -> 0 | G10: =IF(E10>=Controls!$B$2,1,0) -> 1 | I10: =Data!A218 -> 217 | J10: =Data!L218 -> 1 | K10: =IF($B$2="age",IF(Data!C218<=$C$2,$F$2,$G$2),IF(Data!B218<=$C$2,$F$2,$G$2)) -> 0 | L10: =IF($B$3="age",IF(Data!C218<=$C$3,$F$3,$G$3),IF(Data!B218<=$C$3,$F$3,$G$3)) -> 1 | M10: =IF($B$4="age",IF(Data!C218<=$C$4,$F$4,$G$4),IF(Data!B218<=$C$4,$F$4,$G$4)) -> 1 | N10: =IF($B$5="age",IF(Data!C218<=$C$5,$F$5,$G$5),IF(Data!B218<=$C$5,$F$5,$G$5)) -> 1 | O10: =IF($B$6="age",IF(Data!C218<=$C$6,$F$6,$G$6),IF(Data!B218<=$C$6,$F$6,$G$6)) -> 0 | P10: =IF($B$7="age",IF(Data!C218<=$C$7,$F$7,$G$7),IF(Data!B218<=$C$7,$F$7,$G$7)) -> 1 | Q10: =IF($B$8="age",IF(Data!C218<=$C$8,$F$8,$G$8),IF(Data!B218<=$C$8,$F$8,$G$8)) -> 1 | R10: =IF($B$9="age",IF(Data!C218<=$C$9,$F$9,$G$9),IF(Data!B218<=$C$9,$F$9,$G$9)) -> 1 | S10: =IF($B$10="age",IF(Data!C218<=$C$10,$F$10,$G$10),IF(Data!B218<=$C$10,$F$10,$G$10)) -> 0 | T10: =IF($B$11="age",IF(Data!C218<=$C$11,$F$11,$G$11),IF(Data!B218<=$C$11,$F$11,$G$11)) -> 1 | U10: =IF($B$12="age",IF(Data!C218<=$C$12,$F$12,$G$12),IF(Data!B218<=$C$12,$F$12,$G$12)) -> 1 | V10: =IF($B$13="age",IF(Data!C218<=$C$13,$F$13,$G$13),IF(Data!B218<=$C$13,$F$13,$G$13)) -> 1 | W10: =IF($B$14="age",IF(Data!C218<=$C$14,$F$14,$G$14),IF(Data!B218<=$C$14,$F$14,$G$14)) -> 0 | X10: =IF($B$15="age",IF(Data!C218<=$C$15,$F$15,$G$15),IF(Data!B218<=$C$15,$F$15,$G$15)) -> 1 | Y10: =IF($B$16="age",IF(Data!C218<=$C$16,$F$16,$G$16),IF(Data!B218<=$C$16,$F$16,$G$16)) -> 1 | Z10: =IF($B$17="age",IF(Data!C218<=$C$17,$F$17,$G$17),IF(Data!B218<=$C$17,$F$17,$G$17)) -> 1 | AA10: =IF($B$18="age",IF(Data!C218<=$C$18,$F$18,$G$18),IF(Data!B218<=$C$18,$F$18,$G$18)) -> 1 | AB10: =IF($B$19="age",IF(Data!C218<=$C$19,$F$19,$G$19),IF(Data!B218<=$C$19,$F$19,$G$19)) -> 1 | AC10: =IF($B$20="age",IF(Data!C218<=$C$20,$F$20,$G$20),IF(Data!B218<=$C$20,$F$20,$G$20)) -> 1 | AD10: =IF($B$21="age",IF(Data!C218<=$C$21,$F$21,$G$21),IF(Data!B218<=$C$21,$F$21,$G$21)) -> 1 | AE10: =IF($B$22="age",IF(Data!C218<=$C$22,$F$22,$G$22),IF(Data!B218<=$C$22,$F$22,$G$22)) -> 0 | AF10: =IF($B$23="age",IF(Data!C218<=$C$23,$F$23,$G$23),IF(Data!B218<=$C$23,$F$23,$G$23)) -> 1 | AG10: =IF($B$24="age",IF(Data!C218<=$C$24,$F$24,$G$24),IF(Data!B218<=$C$24,$F$24,$G$24)) -> 1 | AH10: =IF($B$25="age",IF(Data!C218<=$C$25,$F$25,$G$25),IF(Data!B218<=$C$25,$F$25,$G$25)) -> 1 | AI10: =IF($B$26="age",IF(Data!C218<=$C$26,$F$26,$G$26),IF(Data!B218<=$C$26,$F$26,$G$26)) -> 1 | AJ10: =AVERAGE(K10:AI10) -> 0.8 | AK10: =IF(AJ10>=Controls!$B$2,1,0) -> 1 | AL10: =--(AK10=J10) -> 1
A11: 10 | B11: =IF(MOD(10,2)=1,"age","year") -> year | C11: =IF(B11="age",INDEX(Data!$C$2:$C$301,1+MOD(INT(ABS(SIN((10*41+ROW()))*1000000)),300)),INDEX(Data!$B$2:$B$301,1+MOD(INT(ABS(SIN((10*53+ROW()))*1000000)),300))) -> 2006 | D11: =IF(B11="age",IFERROR(AVERAGEIFS(Data!$L$2:$L$301,Data!$M$2:$M$301,"Train",Data!$C$2:$C$301,"<="&C11),0),IFERROR(AVERAGEIFS(Data!$L$2:$L$301,Data!$M$2:$M$301,"Train",Data!$B$2:$B$301,"<="&C11),0)) -> 0.47826087 | E11: =IF(B11="age",IFERROR(AVERAGEIFS(Data!$L$2:$L$301,Data!$M$2:$M$301,"Train",Data!$C$2:$C$301,">"&C11),0),IFERROR(AVERAGEIFS(Data!$L$2:$L$301,Data!$M$2:$M$301,"Train",Data!$B$2:$B$301,">"&C11),0)) -> 0.61111111 | F11: =IF(D11>=Controls!$B$2,1,0) -> 0 | G11: =IF(E11>=Controls!$B$2,1,0) -> 1 | I11: =Data!A220 -> 219 | J11: =Data!L220 -> 1 | K11: =IF($B$2="age",IF(Data!C220<=$C$2,$F$2,$G$2),IF(Data!B220<=$C$2,$F$2,$G$2)) -> 0 | L11: =IF($B$3="age",IF(Data!C220<=$C$3,$F$3,$G$3),IF(Data!B220<=$C$3,$F$3,$G$3)) -> 1 | M11: =IF($B$4="age",IF(Data!C220<=$C$4,$F$4,$G$4),IF(Data!B220<=$C$4,$F$4,$G$4)) -> 1 | N11: =IF($B$5="age",IF(Data!C220<=$C$5,$F$5,$G$5),IF(Data!B220<=$C$5,$F$5,$G$5)) -> 1 | O11: =IF($B$6="age",IF(Data!C220<=$C$6,$F$6,$G$6),IF(Data!B220<=$C$6,$F$6,$G$6)) -> 0 | P11: =IF($B$7="age",IF(Data!C220<=$C$7,$F$7,$G$7),IF(Data!B220<=$C$7,$F$7,$G$7)) -> 1 | Q11: =IF($B$8="age",IF(Data!C220<=$C$8,$F$8,$G$8),IF(Data!B220<=$C$8,$F$8,$G$8)) -> 1 | R11: =IF($B$9="age",IF(Data!C220<=$C$9,$F$9,$G$9),IF(Data!B220<=$C$9,$F$9,$G$9)) -> 1 | S11: =IF($B$10="age",IF(Data!C220<=$C$10,$F$10,$G$10),IF(Data!B220<=$C$10,$F$10,$G$10)) -> 0 | T11: =IF($B$11="age",IF(Data!C220<=$C$11,$F$11,$G$11),IF(Data!B220<=$C$11,$F$11,$G$11)) -> 1 | U11: =IF($B$12="age",IF(Data!C220<=$C$12,$F$12,$G$12),IF(Data!B220<=$C$12,$F$12,$G$12)) -> 1 | V11: =IF($B$13="age",IF(Data!C220<=$C$13,$F$13,$G$13),IF(Data!B220<=$C$13,$F$13,$G$13)) -> 1 | W11: =IF($B$14="age",IF(Data!C220<=$C$14,$F$14,$G$14),IF(Data!B220<=$C$14,$F$14,$G$14)) -> 0 | X11: =IF($B$15="age",IF(Data!C220<=$C$15,$F$15,$G$15),IF(Data!B220<=$C$15,$F$15,$G$15)) -> 1 | Y11: =IF($B$16="age",IF(Data!C220<=$C$16,$F$16,$G$16),IF(Data!B220<=$C$16,$F$16,$G$16)) -> 1 | Z11: =IF($B$17="age",IF(Data!C220<=$C$17,$F$17,$G$17),IF(Data!B220<=$C$17,$F$17,$G$17)) -> 1 | AA11: =IF($B$18="age",IF(Data!C220<=$C$18,$F$18,$G$18),IF(Data!B220<=$C$18,$F$18,$G$18)) -> 1 | AB11: =IF($B$19="age",IF(Data!C220<=$C$19,$F$19,$G$19),IF(Data!B220<=$C$19,$F$19,$G$19)) -> 1 | AC11: =IF($B$20="age",IF(Data!C220<=$C$20,$F$20,$G$20),IF(Data!B220<=$C$20,$F$20,$G$20)) -> 1 | AD11: =IF($B$21="age",IF(Data!C220<=$C$21,$F$21,$G$21),IF(Data!B220<=$C$21,$F$21,$G$21)) -> 1 | AE11: =IF($B$22="age",IF(Data!C220<=$C$22,$F$22,$G$22),IF(Data!B220<=$C$22,$F$22,$G$22)) -> 0 | AF11: =IF($B$23="age",IF(Data!C220<=$C$23,$F$23,$G$23),IF(Data!B220<=$C$23,$F$23,$G$23)) -> 1 | AG11: =IF($B$24="age",IF(Data!C220<=$C$24,$F$24,$G$24),IF(Data!B220<=$C$24,$F$24,$G$24)) -> 1 | AH11: =IF($B$25="age",IF(Data!C220<=$C$25,$F$25,$G$25),IF(Data!B220<=$C$25,$F$25,$G$25)) -> 1 | AI11: =IF($B$26="age",IF(Data!C220<=$C$26,$F$26,$G$26),IF(Data!B220<=$C$26,$F$26,$G$26)) -> 1 | AJ11: =AVERAGE(K11:AI11) -> 0.8 | AK11: =IF(AJ11>=Controls!$B$2,1,0) -> 1 | AL11: =--(AK11=J11) -> 1
A12: 11 | B12: =IF(MOD(11,2)=1,"age","year") -> age | C12: =IF(B12="age",INDEX(Data!$C$2:$C$301,1+MOD(INT(ABS(SIN((11*41+ROW()))*1000000)),300)),INDEX(Data!$B$2:$B$301,1+MOD(INT(ABS(SIN((11*53+ROW()))*1000000)),300))) -> 61 | D12: =IF(B12="age",IFERROR(AVERAGEIFS(Data!$L$2:$L$301,Data!$M$2:$M$301,"Train",Data!$C$2:$C$301,"<="&C12),0),IFERROR(AVERAGEIFS(Data!$L$2:$L$301,Data!$M$2:$M$301,"Train",Data!$B$2:$B$301,"<="&C12),0)) -> 0.53535354 | E12: =IF(B12="age",IFERROR(AVERAGEIFS(Data!$L$2:$L$301,Data!$M$2:$M$301,"Train",Data!$C$2:$C$301,">"&C12),0),IFERROR(AVERAGEIFS(Data!$L$2:$L$301,Data!$M$2:$M$301,"Train",Data!$B$2:$B$301,">"&C12),0)) -> 0.33333333 | F12: =IF(D12>=Controls!$B$2,1,0) -> 1 | G12: =IF(E12>=Controls!$B$2,1,0) -> 0 | I12: =Data!A222 -> 221 | J12: =Data!L222 -> 0 | K12: =IF($B$2="age",IF(Data!C222<=$C$2,$F$2,$G$2),IF(Data!B222<=$C$2,$F$2,$G$2)) -> 0 | L12: =IF($B$3="age",IF(Data!C222<=$C$3,$F$3,$G$3),IF(Data!B222<=$C$3,$F$3,$G$3)) -> 1 | M12: =IF($B$4="age",IF(Data!C222<=$C$4,$F$4,$G$4),IF(Data!B222<=$C$4,$F$4,$G$4)) -> 1 | N12: =IF($B$5="age",IF(Data!C222<=$C$5,$F$5,$G$5),IF(Data!B222<=$C$5,$F$5,$G$5)) -> 1 | O12: =IF($B$6="age",IF(Data!C222<=$C$6,$F$6,$G$6),IF(Data!B222<=$C$6,$F$6,$G$6)) -> 0 | P12: =IF($B$7="age",IF(Data!C222<=$C$7,$F$7,$G$7),IF(Data!B222<=$C$7,$F$7,$G$7)) -> 1 | Q12: =IF($B$8="age",IF(Data!C222<=$C$8,$F$8,$G$8),IF(Data!B222<=$C$8,$F$8,$G$8)) -> 1 | R12: =IF($B$9="age",IF(Data!C222<=$C$9,$F$9,$G$9),IF(Data!B222<=$C$9,$F$9,$G$9)) -> 1 | S12: =IF($B$10="age",IF(Data!C222<=$C$10,$F$10,$G$10),IF(Data!B222<=$C$10,$F$10,$G$10)) -> 0 | T12: =IF($B$11="age",IF(Data!C222<=$C$11,$F$11,$G$11),IF(Data!B222<=$C$11,$F$11,$G$11)) -> 1 | U12: =IF($B$12="age",IF(Data!C222<=$C$12,$F$12,$G$12),IF(Data!B222<=$C$12,$F$12,$G$12)) -> 1 | V12: =IF($B$13="age",IF(Data!C222<=$C$13,$F$13,$G$13),IF(Data!B222<=$C$13,$F$13,$G$13)) -> 1 | W12: =IF($B$14="age",IF(Data!C222<=$C$14,$F$14,$G$14),IF(Data!B222<=$C$14,$F$14,$G$14)) -> 0 | X12: =IF($B$15="age",IF(Data!C222<=$C$15,$F$15,$G$15),IF(Data!B222<=$C$15,$F$15,$G$15)) -> 1 | Y12: =IF($B$16="age",IF(Data!C222<=$C$16,$F$16,$G$16),IF(Data!B222<=$C$16,$F$16,$G$16)) -> 1 | Z12: =IF($B$17="age",IF(Data!C222<=$C$17,$F$17,$G$17),IF(Data!B222<=$C$17,$F$17,$G$17)) -> 1 | AA12: =IF($B$18="age",IF(Data!C222<=$C$18,$F$18,$G$18),IF(Data!B222<=$C$18,$F$18,$G$18)) -> 1 | AB12: =IF($B$19="age",IF(Data!C222<=$C$19,$F$19,$G$19),IF(Data!B222<=$C$19,$F$19,$G$19)) -> 1 | AC12: =IF($B$20="age",IF(Data!C222<=$C$20,$F$20,$G$20),IF(Data!B222<=$C$20,$F$20,$G$20)) -> 1 | AD12: =IF($B$21="age",IF(Data!C222<=$C$21,$F$21,$G$21),IF(Data!B222<=$C$21,$F$21,$G$21)) -> 1 | AE12: =IF($B$22="age",IF(Data!C222<=$C$22,$F$22,$G$22),IF(Data!B222<=$C$22,$F$22,$G$22)) -> 0 | AF12: =IF($B$23="age",IF(Data!C222<=$C$23,$F$23,$G$23),IF(Data!B222<=$C$23,$F$23,$G$23)) -> 1 | AG12: =IF($B$24="age",IF(Data!C222<=$C$24,$F$24,$G$24),IF(Data!B222<=$C$24,$F$24,$G$24)) -> 0 | AH12: =IF($B$25="age",IF(Data!C222<=$C$25,$F$25,$G$25),IF(Data!B222<=$C$25,$F$25,$G$25)) -> 1 | AI12: =IF($B$26="age",IF(Data!C222<=$C$26,$F$26,$G$26),IF(Data!B222<=$C$26,$F$26,$G$26)) -> 1 | AJ12: =AVERAGE(K12:AI12) -> 0.76 | AK12: =IF(AJ12>=Controls!$B$2,1,0) -> 1 | AL12: =--(AK12=J12) -> 0
A13: 12 | B13: =IF(MOD(12,2)=1,"age","year") -> year | C13: =IF(B13="age",INDEX(Data!$C$2:$C$301,1+MOD(INT(ABS(SIN((12*41+ROW()))*1000000)),300)),INDEX(Data!$B$2:$B$301,1+MOD(INT(ABS(SIN((12*53+ROW()))*1000000)),300))) -> 2004 | D13: =IF(B13="age",IFERROR(AVERAGEIFS(Data!$L$2:$L$301,Data!$M$2:$M$301,"Train",Data!$C$2:$C$301,"<="&C13),0),IFERROR(AVERAGEIFS(Data!$L$2:$L$301,Data!$M$2:$M$301,"Train",Data!$B$2:$B$301,"<="&C13),0)) -> 0.43835616 | E13: =IF(B13="age",IFERROR(AVERAGEIFS(Data!$L$2:$L$301,Data!$M$2:$M$301,"Train",Data!$C$2:$C$301,">"&C13),0),IFERROR(AVERAGEIFS(Data!$L$2:$L$301,Data!$M$2:$M$301,"Train",Data!$B$2:$B$301,">"&C13),0)) -> 0.56934307 | F13: =IF(D13>=Controls!$B$2,1,0) -> 0 | G13: =IF(E13>=Controls!$B$2,1,0) -> 1 | I13: =Data!A223 -> 222 | J13: =Data!L223 -> 0 | K13: =IF($B$2="age",IF(Data!C223<=$C$2,$F$2,$G$2),IF(Data!B223<=$C$2,$F$2,$G$2)) -> 0 | L13: =IF($B$3="age",IF(Data!C223<=$C$3,$F$3,$G$3),IF(Data!B223<=$C$3,$F$3,$G$3)) -> 0 | M13: =IF($B$4="age",IF(Data!C223<=$C$4,$F$4,$G$4),IF(Data!B223<=$C$4,$F$4,$G$4)) -> 1 | N13: =IF($B$5="age",IF(Data!C223<=$C$5,$F$5,$G$5),IF(Data!B223<=$C$5,$F$5,$G$5)) -> 0 | O13: =IF($B$6="age",IF(Data!C223<=$C$6,$F$6,$G$6),IF(Data!B223<=$C$6,$F$6,$G$6)) -> 0 | P13: =IF($B$7="age",IF(Data!C223<=$C$7,$F$7,$G$7),IF(Data!B223<=$C$7,$F$7,$G$7)) -> 1 | Q13: =IF($B$8="age",IF(Data!C223<=$C$8,$F$8,$G$8),IF(Data!B223<=$C$8,$F$8,$G$8)) -> 1 | R13: =IF($B$9="age",IF(Data!C223<=$C$9,$F$9,$G$9),IF(Data!B223<=$C$9,$F$9,$G$9)) -> 0 | S13: =IF($B$10="age",IF(Data!C223<=$C$10,$F$10,$G$10),IF(Data!B223<=$C$10,$F$10,$G$10)) -> 0 | T13: =IF($B$11="age",IF(Data!C223<=$C$11,$F$11,$G$11),IF(Data!B223<=$C$11,$F$11,$G$11)) -> 0 | U13: =IF($B$12="age",IF(Data!C223<=$C$12,$F$12,$G$12),IF(Data!B223<=$C$12,$F$12,$G$12)) -> 1 | V13: =IF($B$13="age",IF(Data!C223<=$C$13,$F$13,$G$13),IF(Data!B223<=$C$13,$F$13,$G$13)) -> 0 | W13: =IF($B$14="age",IF(Data!C223<=$C$14,$F$14,$G$14),IF(Data!B223<=$C$14,$F$14,$G$14)) -> 0 | X13: =IF($B$15="age",IF(Data!C223<=$C$15,$F$15,$G$15),IF(Data!B223<=$C$15,$F$15,$G$15)) -> 1 | Y13: =IF($B$16="age",IF(Data!C223<=$C$16,$F$16,$G$16),IF(Data!B223<=$C$16,$F$16,$G$16)) -> 1 | Z13: =IF($B$17="age",IF(Data!C223<=$C$17,$F$17,$G$17),IF(Data!B223<=$C$17,$F$17,$G$17)) -> 0 | AA13: =IF($B$18="age",IF(Data!C223<=$C$18,$F$18,$G$18),IF(Data!B223<=$C$18,$F$18,$G$18)) -> 1 | AB13: =IF($B$19="age",IF(Data!C223<=$C$19,$F$19,$G$19),IF(Data!B223<=$C$19,$F$19,$G$19)) -> 0 | AC13: =IF($B$20="age",IF(Data!C223<=$C$20,$F$20,$G$20),IF(Data!B223<=$C$20,$F$20,$G$20)) -> 1 | AD13: =IF($B$21="age",IF(Data!C223<=$C$21,$F$21,$G$21),IF(Data!B223<=$C$21,$F$21,$G$21)) -> 0 | AE13: =IF($B$22="age",IF(Data!C223<=$C$22,$F$22,$G$22),IF(Data!B223<=$C$22,$F$22,$G$22)) -> 0 | AF13: =IF($B$23="age",IF(Data!C223<=$C$23,$F$23,$G$23),IF(Data!B223<=$C$23,$F$23,$G$23)) -> 0 | AG13: =IF($B$24="age",IF(Data!C223<=$C$24,$F$24,$G$24),IF(Data!B223<=$C$24,$F$24,$G$24)) -> 1 | AH13: =IF($B$25="age",IF(Data!C223<=$C$25,$F$25,$G$25),IF(Data!B223<=$C$25,$F$25,$G$25)) -> 1 | AI13: =IF($B$26="age",IF(Data!C223<=$C$26,$F$26,$G$26),IF(Data!B223<=$C$26,$F$26,$G$26)) -> 1 | AJ13: =AVERAGE(K13:AI13) -> 0.44 | AK13: =IF(AJ13>=Controls!$B$2,1,0) -> 0 | AL13: =--(AK13=J13) -> 1
A14: 13 | B14: =IF(MOD(13,2)=1,"age","year") -> age | C14: =IF(B14="age",INDEX(Data!$C$2:$C$301,1+MOD(INT(ABS(SIN((13*41+ROW()))*1000000)),300)),INDEX(Data!$B$2:$B$301,1+MOD(INT(ABS(SIN((13*53+ROW()))*1000000)),300))) -> 42 | D14: =IF(B14="age",IFERROR(AVERAGEIFS(Data!$L$2:$L$301,Data!$M$2:$M$301,"Train",Data!$C$2:$C$301,"<="&C14),0),IFERROR(AVERAGEIFS(Data!$L$2:$L$301,Data!$M$2:$M$301,"Train",Data!$B$2:$B$301,"<="&C14),0)) -> 0.40776699 | E14: =IF(B14="age",IFERROR(AVERAGEIFS(Data!$L$2:$L$301,Data!$M$2:$M$301,"Train",Data!$C$2:$C$301,">"&C14),0),IFERROR(AVERAGEIFS(Data!$L$2:$L$301,Data!$M$2:$M$301,"Train",Data!$B$2:$B$301,">"&C14),0)) -> 0.63551402 | F14: =IF(D14>=Controls!$B$2,1,0) -> 0 | G14: =IF(E14>=Controls!$B$2,1,0) -> 1 | I14: =Data!A224 -> 223 | J14: =Data!L224 -> 0 | K14: =IF($B$2="age",IF(Data!C224<=$C$2,$F$2,$G$2),IF(Data!B224<=$C$2,$F$2,$G$2)) -> 1 | L14: =IF($B$3="age",IF(Data!C224<=$C$3,$F$3,$G$3),IF(Data!B224<=$C$3,$F$3,$G$3)) -> 1 | M14: =IF($B$4="age",IF(Data!C224<=$C$4,$F$4,$G$4),IF(Data!B224<=$C$4,$F$4,$G$4)) -> 1 | N14: =IF($B$5="age",IF(Data!C224<=$C$5,$F$5,$G$5),IF(Data!B224<=$C$5,$F$5,$G$5)) -> 1 | O14: =IF($B$6="age",IF(Data!C224<=$C$6,$F$6,$G$6),IF(Data!B224<=$C$6,$F$6,$G$6)) -> 1 | P14: =IF($B$7="age",IF(Data!C224<=$C$7,$F$7,$G$7),IF(Data!B224<=$C$7,$F$7,$G$7)) -> 1 | Q14: =IF($B$8="age",IF(Data!C224<=$C$8,$F$8,$G$8),IF(Data!B224<=$C$8,$F$8,$G$8)) -> 1 | R14: =IF($B$9="age",IF(Data!C224<=$C$9,$F$9,$G$9),IF(Data!B224<=$C$9,$F$9,$G$9)) -> 1 | S14: =IF($B$10="age",IF(Data!C224<=$C$10,$F$10,$G$10),IF(Data!B224<=$C$10,$F$10,$G$10)) -> 1 | T14: =IF($B$11="age",IF(Data!C224<=$C$11,$F$11,$G$11),IF(Data!B224<=$C$11,$F$11,$G$11)) -> 0 | U14: =IF($B$12="age",IF(Data!C224<=$C$12,$F$12,$G$12),IF(Data!B224<=$C$12,$F$12,$G$12)) -> 1 | V14: =IF($B$13="age",IF(Data!C224<=$C$13,$F$13,$G$13),IF(Data!B224<=$C$13,$F$13,$G$13)) -> 1 | W14: =IF($B$14="age",IF(Data!C224<=$C$14,$F$14,$G$14),IF(Data!B224<=$C$14,$F$14,$G$14)) -> 1 | X14: =IF($B$15="age",IF(Data!C224<=$C$15,$F$15,$G$15),IF(Data!B224<=$C$15,$F$15,$G$15)) -> 1 | Y14: =IF($B$16="age",IF(Data!C224<=$C$16,$F$16,$G$16),IF(Data!B224<=$C$16,$F$16,$G$16)) -> 1 | Z14: =IF($B$17="age",IF(Data!C224<=$C$17,$F$17,$G$17),IF(Data!B224<=$C$17,$F$17,$G$17)) -> 0 | AA14: =IF($B$18="age",IF(Data!C224<=$C$18,$F$18,$G$18),IF(Data!B224<=$C$18,$F$18,$G$18)) -> 1 | AB14: =IF($B$19="age",IF(Data!C224<=$C$19,$F$19,$G$19),IF(Data!B224<=$C$19,$F$19,$G$19)) -> 1 | AC14: =IF($B$20="age",IF(Data!C224<=$C$20,$F$20,$G$20),IF(Data!B224<=$C$20,$F$20,$G$20)) -> 1 | AD14: =IF($B$21="age",IF(Data!C224<=$C$21,$F$21,$G$21),IF(Data!B224<=$C$21,$F$21,$G$21)) -> 0 | AE14: =IF($B$22="age",IF(Data!C224<=$C$22,$F$22,$G$22),IF(Data!B224<=$C$22,$F$22,$G$22)) -> 1 | AF14: =IF($B$23="age",IF(Data!C224<=$C$23,$F$23,$G$23),IF(Data!B224<=$C$23,$F$23,$G$23)) -> 1 | AG14: =IF($B$24="age",IF(Data!C224<=$C$24,$F$24,$G$24),IF(Data!B224<=$C$24,$F$24,$G$24)) -> 1 | AH14: =IF($B$25="age",IF(Data!C224<=$C$25,$F$25,$G$25),IF(Data!B224<=$C$25,$F$25,$G$25)) -> 1 | AI14: =IF($B$26="age",IF(Data!C224<=$C$26,$F$26,$G$26),IF(Data!B224<=$C$26,$F$26,$G$26)) -> 1 | AJ14: =AVERAGE(K14:AI14) -> 0.88 | AK14: =IF(AJ14>=Controls!$B$2,1,0) -> 1 | AL14: =--(AK14=J14) -> 0
A15: 14 | B15: =IF(MOD(14,2)=1,"age","year") -> year | C15: =IF(B15="age",INDEX(Data!$C$2:$C$301,1+MOD(INT(ABS(SIN((14*41+ROW()))*1000000)),300)),INDEX(Data!$B$2:$B$301,1+MOD(INT(ABS(SIN((14*53+ROW()))*1000000)),300))) -> 2009 | D15: =IF(B15="age",IFERROR(AVERAGEIFS(Data!$L$2:$L$301,Data!$M$2:$M$301,"Train",Data!$C$2:$C$301,"<="&C15),0),IFERROR(AVERAGEIFS(Data!$L$2:$L$301,Data!$M$2:$M$301,"Train",Data!$B$2:$B$301,"<="&C15),0)) -> 0.52380952 | E15: =IF(B15="age",IFERROR(AVERAGEIFS(Data!$L$2:$L$301,Data!$M$2:$M$301,"Train",Data!$C$2:$C$301,">"&C15),0),IFERROR(AVERAGEIFS(Data!$L$2:$L$301,Data!$M$2:$M$301,"Train",Data!$B$2:$B$301,">"&C15),0)) -> 0 | F15: =IF(D15>=Controls!$B$2,1,0) -> 1 | G15: =IF(E15>=Controls!$B$2,1,0) -> 0 | I15: =Data!A225 -> 224 | J15: =Data!L225 -> 1 | K15: =IF($B$2="age",IF(Data!C225<=$C$2,$F$2,$G$2),IF(Data!B225<=$C$2,$F$2,$G$2)) -> 0 | L15: =IF($B$3="age",IF(Data!C225<=$C$3,$F$3,$G$3),IF(Data!B225<=$C$3,$F$3,$G$3)) -> 1 | M15: =IF($B$4="age",IF(Data!C225<=$C$4,$F$4,$G$4),IF(Data!B225<=$C$4,$F$4,$G$4)) -> 1 | N15: =IF($B$5="age",IF(Data!C225<=$C$5,$F$5,$G$5),IF(Data!B225<=$C$5,$F$5,$G$5)) -> 0 | O15: =IF($B$6="age",IF(Data!C225<=$C$6,$F$6,$G$6),IF(Data!B225<=$C$6,$F$6,$G$6)) -> 0 | P15: =IF($B$7="age",IF(Data!C225<=$C$7,$F$7,$G$7),IF(Data!B225<=$C$7,$F$7,$G$7)) -> 1 | Q15: =IF($B$8="age",IF(Data!C225<=$C$8,$F$8,$G$8),IF(Data!B225<=$C$8,$F$8,$G$8)) -> 1 | R15: =IF($B$9="age",IF(Data!C225<=$C$9,$F$9,$G$9),IF(Data!B225<=$C$9,$F$9,$G$9)) -> 0 | S15: =IF($B$10="age",IF(Data!C225<=$C$10,$F$10,$G$10),IF(Data!B225<=$C$10,$F$10,$G$10)) -> 0 | T15: =IF($B$11="age",IF(Data!C225<=$C$11,$F$11,$G$11),IF(Data!B225<=$C$11,$F$11,$G$11)) -> 0 | U15: =IF($B$12="age",IF(Data!C225<=$C$12,$F$12,$G$12),IF(Data!B225<=$C$12,$F$12,$G$12)) -> 1 | V15: =IF($B$13="age",IF(Data!C225<=$C$13,$F$13,$G$13),IF(Data!B225<=$C$13,$F$13,$G$13)) -> 0 | W15: =IF($B$14="age",IF(Data!C225<=$C$14,$F$14,$G$14),IF(Data!B225<=$C$14,$F$14,$G$14)) -> 0 | X15: =IF($B$15="age",IF(Data!C225<=$C$15,$F$15,$G$15),IF(Data!B225<=$C$15,$F$15,$G$15)) -> 1 | Y15: =IF($B$16="age",IF(Data!C225<=$C$16,$F$16,$G$16),IF(Data!B225<=$C$16,$F$16,$G$16)) -> 1 | Z15: =IF($B$17="age",IF(Data!C225<=$C$17,$F$17,$G$17),IF(Data!B225<=$C$17,$F$17,$G$17)) -> 0 | AA15: =IF($B$18="age",IF(Data!C225<=$C$18,$F$18,$G$18),IF(Data!B225<=$C$18,$F$18,$G$18)) -> 1 | AB15: =IF($B$19="age",IF(Data!C225<=$C$19,$F$19,$G$19),IF(Data!B225<=$C$19,$F$19,$G$19)) -> 0 | AC15: =IF($B$20="age",IF(Data!C225<=$C$20,$F$20,$G$20),IF(Data!B225<=$C$20,$F$20,$G$20)) -> 1 | AD15: =IF($B$21="age",IF(Data!C225<=$C$21,$F$21,$G$21),IF(Data!B225<=$C$21,$F$21,$G$21)) -> 0 | AE15: =IF($B$22="age",IF(Data!C225<=$C$22,$F$22,$G$22),IF(Data!B225<=$C$22,$F$22,$G$22)) -> 0 | AF15: =IF($B$23="age",IF(Data!C225<=$C$23,$F$23,$G$23),IF(Data!B225<=$C$23,$F$23,$G$23)) -> 0 | AG15: =IF($B$24="age",IF(Data!C225<=$C$24,$F$24,$G$24),IF(Data!B225<=$C$24,$F$24,$G$24)) -> 1 | AH15: =IF($B$25="age",IF(Data!C225<=$C$25,$F$25,$G$25),IF(Data!B225<=$C$25,$F$25,$G$25)) -> 1 | AI15: =IF($B$26="age",IF(Data!C225<=$C$26,$F$26,$G$26),IF(Data!B225<=$C$26,$F$26,$G$26)) -> 1 | AJ15: =AVERAGE(K15:AI15) -> 0.48 | AK15: =IF(AJ15>=Controls!$B$2,1,0) -> 0 | AL15: =--(AK15=J15) -> 0
A16: 15 | B16: =IF(MOD(15,2)=1,"age","year") -> age | C16: =IF(B16="age",INDEX(Data!$C$2:$C$301,1+MOD(INT(ABS(SIN((15*41+ROW()))*1000000)),300)),INDEX(Data!$B$2:$B$301,1+MOD(INT(ABS(SIN((15*53+ROW()))*1000000)),300))) -> 61 | D16: =IF(B16="age",IFERROR(AVERAGEIFS(Data!$L$2:$L$301,Data!$M$2:$M$301,"Train",Data!$C$2:$C$301,"<="&C16),0),IFERROR(AVERAGEIFS(Data!$L$2:$L$301,Data!$M$2:$M$301,"Train",Data!$B$2:$B$301,"<="&C16),0)) -> 0.53535354 | E16: =IF(B16="age",IFERROR(AVERAGEIFS(Data!$L$2:$L$301,Data!$M$2:$M$301,"Train",Data!$C$2:$C$301,">"&C16),0),IFERROR(AVERAGEIFS(Data!$L$2:$L$301,Data!$M$2:$M$301,"Train",Data!$B$2:$B$301,">"&C16),0)) -> 0.33333333 | F16: =IF(D16>=Controls!$B$2,1,0) -> 1 | G16: =IF(E16>=Controls!$B$2,1,0) -> 0 | I16: =Data!A226 -> 225 | J16: =Data!L226 -> 0 | K16: =IF($B$2="age",IF(Data!C226<=$C$2,$F$2,$G$2),IF(Data!B226<=$C$2,$F$2,$G$2)) -> 0 | L16: =IF($B$3="age",IF(Data!C226<=$C$3,$F$3,$G$3),IF(Data!B226<=$C$3,$F$3,$G$3)) -> 1 | M16: =IF($B$4="age",IF(Data!C226<=$C$4,$F$4,$G$4),IF(Data!B226<=$C$4,$F$4,$G$4)) -> 1 | N16: =IF($B$5="age",IF(Data!C226<=$C$5,$F$5,$G$5),IF(Data!B226<=$C$5,$F$5,$G$5)) -> 1 | O16: =IF($B$6="age",IF(Data!C226<=$C$6,$F$6,$G$6),IF(Data!B226<=$C$6,$F$6,$G$6)) -> 0 | P16: =IF($B$7="age",IF(Data!C226<=$C$7,$F$7,$G$7),IF(Data!B226<=$C$7,$F$7,$G$7)) -> 1 | Q16: =IF($B$8="age",IF(Data!C226<=$C$8,$F$8,$G$8),IF(Data!B226<=$C$8,$F$8,$G$8)) -> 1 | R16: =IF($B$9="age",IF(Data!C226<=$C$9,$F$9,$G$9),IF(Data!B226<=$C$9,$F$9,$G$9)) -> 1 | S16: =IF($B$10="age",IF(Data!C226<=$C$10,$F$10,$G$10),IF(Data!B226<=$C$10,$F$10,$G$10)) -> 0 | T16: =IF($B$11="age",IF(Data!C226<=$C$11,$F$11,$G$11),IF(Data!B226<=$C$11,$F$11,$G$11)) -> 0 | U16: =IF($B$12="age",IF(Data!C226<=$C$12,$F$12,$G$12),IF(Data!B226<=$C$12,$F$12,$G$12)) -> 1 | V16: =IF($B$13="age",IF(Data!C226<=$C$13,$F$13,$G$13),IF(Data!B226<=$C$13,$F$13,$G$13)) -> 1 | W16: =IF($B$14="age",IF(Data!C226<=$C$14,$F$14,$G$14),IF(Data!B226<=$C$14,$F$14,$G$14)) -> 0 | X16: =IF($B$15="age",IF(Data!C226<=$C$15,$F$15,$G$15),IF(Data!B226<=$C$15,$F$15,$G$15)) -> 1 | Y16: =IF($B$16="age",IF(Data!C226<=$C$16,$F$16,$G$16),IF(Data!B226<=$C$16,$F$16,$G$16)) -> 1 | Z16: =IF($B$17="age",IF(Data!C226<=$C$17,$F$17,$G$17),IF(Data!B226<=$C$17,$F$17,$G$17)) -> 0 | AA16: =IF($B$18="age",IF(Data!C226<=$C$18,$F$18,$G$18),IF(Data!B226<=$C$18,$F$18,$G$18)) -> 1 | AB16: =IF($B$19="age",IF(Data!C226<=$C$19,$F$19,$G$19),IF(Data!B226<=$C$19,$F$19,$G$19)) -> 1 | AC16: =IF($B$20="age",IF(Data!C226<=$C$20,$F$20,$G$20),IF(Data!B226<=$C$20,$F$20,$G$20)) -> 1 | AD16: =IF($B$21="age",IF(Data!C226<=$C$21,$F$21,$G$21),IF(Data!B226<=$C$21,$F$21,$G$21)) -> 0 | AE16: =IF($B$22="age",IF(Data!C226<=$C$22,$F$22,$G$22),IF(Data!B226<=$C$22,$F$22,$G$22)) -> 0 | AF16: =IF($B$23="age",IF(Data!C226<=$C$23,$F$23,$G$23),IF(Data!B226<=$C$23,$F$23,$G$23)) -> 1 | AG16: =IF($B$24="age",IF(Data!C226<=$C$24,$F$24,$G$24),IF(Data!B226<=$C$24,$F$24,$G$24)) -> 0 | AH16: =IF($B$25="age",IF(Data!C226<=$C$25,$F$25,$G$25),IF(Data!B226<=$C$25,$F$25,$G$25)) -> 1 | AI16: =IF($B$26="age",IF(Data!C226<=$C$26,$F$26,$G$26),IF(Data!B226<=$C$26,$F$26,$G$26)) -> 1 | AJ16: =AVERAGE(K16:AI16) -> 0.64 | AK16: =IF(AJ16>=Controls!$B$2,1,0) -> 1 | AL16: =--(AK16=J16) -> 0
A17: 16 | B17: =IF(MOD(16,2)=1,"age","year") -> year | C17: =IF(B17="age",INDEX(Data!$C$2:$C$301,1+MOD(INT(ABS(SIN((16*41+ROW()))*1000000)),300)),INDEX(Data!$B$2:$B$301,1+MOD(INT(ABS(SIN((16*53+ROW()))*1000000)),300))) -> 2007 | D17: =IF(B17="age",IFERROR(AVERAGEIFS(Data!$L$2:$L$301,Data!$M$2:$M$301,"Train",Data!$C$2:$C$301,"<="&C17),0),IFERROR(AVERAGEIFS(Data!$L$2:$L$301,Data!$M$2:$M$301,"Train",Data!$B$2:$B$301,"<="&C17),0)) -> 0.49375 | E17: =IF(B17="age",IFERROR(AVERAGEIFS(Data!$L$2:$L$301,Data!$M$2:$M$301,"Train",Data!$C$2:$C$301,">"&C17),0),IFERROR(AVERAGEIFS(Data!$L$2:$L$301,Data!$M$2:$M$301,"Train",Data!$B$2:$B$301,">"&C17),0)) -> 0.62 | F17: =IF(D17>=Controls!$B$2,1,0) -> 0 | G17: =IF(E17>=Controls!$B$2,1,0) -> 1 | I17: =Data!A227 -> 226 | J17: =Data!L227 -> 0 | K17: =IF($B$2="age",IF(Data!C227<=$C$2,$F$2,$G$2),IF(Data!B227<=$C$2,$F$2,$G$2)) -> 0 | L17: =IF($B$3="age",IF(Data!C227<=$C$3,$F$3,$G$3),IF(Data!B227<=$C$3,$F$3,$G$3)) -> 0 | M17: =IF($B$4="age",IF(Data!C227<=$C$4,$F$4,$G$4),IF(Data!B227<=$C$4,$F$4,$G$4)) -> 1 | N17: =IF($B$5="age",IF(Data!C227<=$C$5,$F$5,$G$5),IF(Data!B227<=$C$5,$F$5,$G$5)) -> 0 | O17: =IF($B$6="age",IF(Data!C227<=$C$6,$F$6,$G$6),IF(Data!B227<=$C$6,$F$6,$G$6)) -> 1 | P17: =IF($B$7="age",IF(Data!C227<=$C$7,$F$7,$G$7),IF(Data!B227<=$C$7,$F$7,$G$7)) -> 1 | Q17: =IF($B$8="age",IF(Data!C227<=$C$8,$F$8,$G$8),IF(Data!B227<=$C$8,$F$8,$G$8)) -> 1 | R17: =IF($B$9="age",IF(Data!C227<=$C$9,$F$9,$G$9),IF(Data!B227<=$C$9,$F$9,$G$9)) -> 0 | S17: =IF($B$10="age",IF(Data!C227<=$C$10,$F$10,$G$10),IF(Data!B227<=$C$10,$F$10,$G$10)) -> 0 | T17: =IF($B$11="age",IF(Data!C227<=$C$11,$F$11,$G$11),IF(Data!B227<=$C$11,$F$11,$G$11)) -> 0 | U17: =IF($B$12="age",IF(Data!C227<=$C$12,$F$12,$G$12),IF(Data!B227<=$C$12,$F$12,$G$12)) -> 1 | V17: =IF($B$13="age",IF(Data!C227<=$C$13,$F$13,$G$13),IF(Data!B227<=$C$13,$F$13,$G$13)) -> 0 | W17: =IF($B$14="age",IF(Data!C227<=$C$14,$F$14,$G$14),IF(Data!B227<=$C$14,$F$14,$G$14)) -> 1 | X17: =IF($B$15="age",IF(Data!C227<=$C$15,$F$15,$G$15),IF(Data!B227<=$C$15,$F$15,$G$15)) -> 1 | Y17: =IF($B$16="age",IF(Data!C227<=$C$16,$F$16,$G$16),IF(Data!B227<=$C$16,$F$16,$G$16)) -> 1 | Z17: =IF($B$17="age",IF(Data!C227<=$C$17,$F$17,$G$17),IF(Data!B227<=$C$17,$F$17,$G$17)) -> 0 | AA17: =IF($B$18="age",IF(Data!C227<=$C$18,$F$18,$G$18),IF(Data!B227<=$C$18,$F$18,$G$18)) -> 1 | AB17: =IF($B$19="age",IF(Data!C227<=$C$19,$F$19,$G$19),IF(Data!B227<=$C$19,$F$19,$G$19)) -> 0 | AC17: =IF($B$20="age",IF(Data!C227<=$C$20,$F$20,$G$20),IF(Data!B227<=$C$20,$F$20,$G$20)) -> 1 | AD17: =IF($B$21="age",IF(Data!C227<=$C$21,$F$21,$G$21),IF(Data!B227<=$C$21,$F$21,$G$21)) -> 0 | AE17: =IF($B$22="age",IF(Data!C227<=$C$22,$F$22,$G$22),IF(Data!B227<=$C$22,$F$22,$G$22)) -> 1 | AF17: =IF($B$23="age",IF(Data!C227<=$C$23,$F$23,$G$23),IF(Data!B227<=$C$23,$F$23,$G$23)) -> 0 | AG17: =IF($B$24="age",IF(Data!C227<=$C$24,$F$24,$G$24),IF(Data!B227<=$C$24,$F$24,$G$24)) -> 1 | AH17: =IF($B$25="age",IF(Data!C227<=$C$25,$F$25,$G$25),IF(Data!B227<=$C$25,$F$25,$G$25)) -> 1 | AI17: =IF($B$26="age",IF(Data!C227<=$C$26,$F$26,$G$26),IF(Data!B227<=$C$26,$F$26,$G$26)) -> 1 | AJ17: =AVERAGE(K17:AI17) -> 0.56 | AK17: =IF(AJ17>=Controls!$B$2,1,0) -> 1 | AL17: =--(AK17=J17) -> 0
A18: 17 | B18: =IF(MOD(17,2)=1,"age","year") -> age | C18: =IF(B18="age",INDEX(Data!$C$2:$C$301,1+MOD(INT(ABS(SIN((17*41+ROW()))*1000000)),300)),INDEX(Data!$B$2:$B$301,1+MOD(INT(ABS(SIN((17*53+ROW()))*1000000)),300))) -> 63 | D18: =IF(B18="age",IFERROR(AVERAGEIFS(Data!$L$2:$L$301,Data!$M$2:$M$301,"Train",Data!$C$2:$C$301,"<="&C18),0),IFERROR(AVERAGEIFS(Data!$L$2:$L$301,Data!$M$2:$M$301,"Train",Data!$B$2:$B$301,"<="&C18),0)) -> 0.53465347 | E18: =IF(B18="age",IFERROR(AVERAGEIFS(Data!$L$2:$L$301,Data!$M$2:$M$301,"Train",Data!$C$2:$C$301,">"&C18),0),IFERROR(AVERAGEIFS(Data!$L$2:$L$301,Data!$M$2:$M$301,"Train",Data!$B$2:$B$301,">"&C18),0)) -> 0.25 | F18: =IF(D18>=Controls!$B$2,1,0) -> 1 | G18: =IF(E18>=Controls!$B$2,1,0) -> 0 | I18: =Data!A228 -> 227 | J18: =Data!L228 -> 0 | K18: =IF($B$2="age",IF(Data!C228<=$C$2,$F$2,$G$2),IF(Data!B228<=$C$2,$F$2,$G$2)) -> 0 | L18: =IF($B$3="age",IF(Data!C228<=$C$3,$F$3,$G$3),IF(Data!B228<=$C$3,$F$3,$G$3)) -> 1 | M18: =IF($B$4="age",IF(Data!C228<=$C$4,$F$4,$G$4),IF(Data!B228<=$C$4,$F$4,$G$4)) -> 1 | N18: =IF($B$5="age",IF(Data!C228<=$C$5,$F$5,$G$5),IF(Data!B228<=$C$5,$F$5,$G$5)) -> 1 | O18: =IF($B$6="age",IF(Data!C228<=$C$6,$F$6,$G$6),IF(Data!B228<=$C$6,$F$6,$G$6)) -> 0 | P18: =IF($B$7="age",IF(Data!C228<=$C$7,$F$7,$G$7),IF(Data!B228<=$C$7,$F$7,$G$7)) -> 1 | Q18: =IF($B$8="age",IF(Data!C228<=$C$8,$F$8,$G$8),IF(Data!B228<=$C$8,$F$8,$G$8)) -> 1 | R18: =IF($B$9="age",IF(Data!C228<=$C$9,$F$9,$G$9),IF(Data!B228<=$C$9,$F$9,$G$9)) -> 1 | S18: =IF($B$10="age",IF(Data!C228<=$C$10,$F$10,$G$10),IF(Data!B228<=$C$10,$F$10,$G$10)) -> 0 | T18: =IF($B$11="age",IF(Data!C228<=$C$11,$F$11,$G$11),IF(Data!B228<=$C$11,$F$11,$G$11)) -> 1 | U18: =IF($B$12="age",IF(Data!C228<=$C$12,$F$12,$G$12),IF(Data!B228<=$C$12,$F$12,$G$12)) -> 1 | V18: =IF($B$13="age",IF(Data!C228<=$C$13,$F$13,$G$13),IF(Data!B228<=$C$13,$F$13,$G$13)) -> 1 | W18: =IF($B$14="age",IF(Data!C228<=$C$14,$F$14,$G$14),IF(Data!B228<=$C$14,$F$14,$G$14)) -> 0 | X18: =IF($B$15="age",IF(Data!C228<=$C$15,$F$15,$G$15),IF(Data!B228<=$C$15,$F$15,$G$15)) -> 1 | Y18: =IF($B$16="age",IF(Data!C228<=$C$16,$F$16,$G$16),IF(Data!B228<=$C$16,$F$16,$G$16)) -> 1 | Z18: =IF($B$17="age",IF(Data!C228<=$C$17,$F$17,$G$17),IF(Data!B228<=$C$17,$F$17,$G$17)) -> 1 | AA18: =IF($B$18="age",IF(Data!C228<=$C$18,$F$18,$G$18),IF(Data!B228<=$C$18,$F$18,$G$18)) -> 1 | AB18: =IF($B$19="age",IF(Data!C228<=$C$19,$F$19,$G$19),IF(Data!B228<=$C$19,$F$19,$G$19)) -> 1 | AC18: =IF($B$20="age",IF(Data!C228<=$C$20,$F$20,$G$20),IF(Data!B228<=$C$20,$F$20,$G$20)) -> 1 | AD18: =IF($B$21="age",IF(Data!C228<=$C$21,$F$21,$G$21),IF(Data!B228<=$C$21,$F$21,$G$21)) -> 1 | AE18: =IF($B$22="age",IF(Data!C228<=$C$22,$F$22,$G$22),IF(Data!B228<=$C$22,$F$22,$G$22)) -> 0 | AF18: =IF($B$23="age",IF(Data!C228<=$C$23,$F$23,$G$23),IF(Data!B228<=$C$23,$F$23,$G$23)) -> 1 | AG18: =IF($B$24="age",IF(Data!C228<=$C$24,$F$24,$G$24),IF(Data!B228<=$C$24,$F$24,$G$24)) -> 0 | AH18: =IF($B$25="age",IF(Data!C228<=$C$25,$F$25,$G$25),IF(Data!B228<=$C$25,$F$25,$G$25)) -> 1 | AI18: =IF($B$26="age",IF(Data!C228<=$C$26,$F$26,$G$26),IF(Data!B228<=$C$26,$F$26,$G$26)) -> 1 | AJ18: =AVERAGE(K18:AI18) -> 0.76 | AK18: =IF(AJ18>=Controls!$B$2,1,0) -> 1 | AL18: =--(AK18=J18) -> 0
A19: 18 | B19: =IF(MOD(18,2)=1,"age","year") -> year | C19: =IF(B19="age",INDEX(Data!$C$2:$C$301,1+MOD(INT(ABS(SIN((18*41+ROW()))*1000000)),300)),INDEX(Data!$B$2:$B$301,1+MOD(INT(ABS(SIN((18*53+ROW()))*1000000)),300))) -> 2004 | D19: =IF(B19="age",IFERROR(AVERAGEIFS(Data!$L$2:$L$301,Data!$M$2:$M$301,"Train",Data!$C$2:$C$301,"<="&C19),0),IFERROR(AVERAGEIFS(Data!$L$2:$L$301,Data!$M$2:$M$301,"Train",Data!$B$2:$B$301,"<="&C19),0)) -> 0.43835616 | E19: =IF(B19="age",IFERROR(AVERAGEIFS(Data!$L$2:$L$301,Data!$M$2:$M$301,"Train",Data!$C$2:$C$301,">"&C19),0),IFERROR(AVERAGEIFS(Data!$L$2:$L$301,Data!$M$2:$M$301,"Train",Data!$B$2:$B$301,">"&C19),0)) -> 0.56934307 | F19: =IF(D19>=Controls!$B$2,1,0) -> 0 | G19: =IF(E19>=Controls!$B$2,1,0) -> 1 | I19: =Data!A229 -> 228 | J19: =Data!L229 -> 0 | K19: =IF($B$2="age",IF(Data!C229<=$C$2,$F$2,$G$2),IF(Data!B229<=$C$2,$F$2,$G$2)) -> 0 | L19: =IF($B$3="age",IF(Data!C229<=$C$3,$F$3,$G$3),IF(Data!B229<=$C$3,$F$3,$G$3)) -> 1 | M19: =IF($B$4="age",IF(Data!C229<=$C$4,$F$4,$G$4),IF(Data!B229<=$C$4,$F$4,$G$4)) -> 1 | N19: =IF($B$5="age",IF(Data!C229<=$C$5,$F$5,$G$5),IF(Data!B229<=$C$5,$F$5,$G$5)) -> 1 | O19: =IF($B$6="age",IF(Data!C229<=$C$6,$F$6,$G$6),IF(Data!B229<=$C$6,$F$6,$G$6)) -> 1 | P19: =IF($B$7="age",IF(Data!C229<=$C$7,$F$7,$G$7),IF(Data!B229<=$C$7,$F$7,$G$7)) -> 1 | Q19: =IF($B$8="age",IF(Data!C229<=$C$8,$F$8,$G$8),IF(Data!B229<=$C$8,$F$8,$G$8)) -> 1 | R19: =IF($B$9="age",IF(Data!C229<=$C$9,$F$9,$G$9),IF(Data!B229<=$C$9,$F$9,$G$9)) -> 1 | S19: =IF($B$10="age",IF(Data!C229<=$C$10,$F$10,$G$10),IF(Data!B229<=$C$10,$F$10,$G$10)) -> 0 | T19: =IF($B$11="age",IF(Data!C229<=$C$11,$F$11,$G$11),IF(Data!B229<=$C$11,$F$11,$G$11)) -> 0 | U19: =IF($B$12="age",IF(Data!C229<=$C$12,$F$12,$G$12),IF(Data!B229<=$C$12,$F$12,$G$12)) -> 1 | V19: =IF($B$13="age",IF(Data!C229<=$C$13,$F$13,$G$13),IF(Data!B229<=$C$13,$F$13,$G$13)) -> 1 | W19: =IF($B$14="age",IF(Data!C229<=$C$14,$F$14,$G$14),IF(Data!B229<=$C$14,$F$14,$G$14)) -> 1 | X19: =IF($B$15="age",IF(Data!C229<=$C$15,$F$15,$G$15),IF(Data!B229<=$C$15,$F$15,$G$15)) -> 1 | Y19: =IF($B$16="age",IF(Data!C229<=$C$16,$F$16,$G$16),IF(Data!B229<=$C$16,$F$16,$G$16)) -> 1 | Z19: =IF($B$17="age",IF(Data!C229<=$C$17,$F$17,$G$17),IF(Data!B229<=$C$17,$F$17,$G$17)) -> 0 | AA19: =IF($B$18="age",IF(Data!C229<=$C$18,$F$18,$G$18),IF(Data!B229<=$C$18,$F$18,$G$18)) -> 1 | AB19: =IF($B$19="age",IF(Data!C229<=$C$19,$F$19,$G$19),IF(Data!B229<=$C$19,$F$19,$G$19)) -> 1 | AC19: =IF($B$20="age",IF(Data!C229<=$C$20,$F$20,$G$20),IF(Data!B229<=$C$20,$F$20,$G$20)) -> 1 | AD19: =IF($B$21="age",IF(Data!C229<=$C$21,$F$21,$G$21),IF(Data!B229<=$C$21,$F$21,$G$21)) -> 0 | AE19: =IF($B$22="age",IF(Data!C229<=$C$22,$F$22,$G$22),IF(Data!B229<=$C$22,$F$22,$G$22)) -> 1 | AF19: =IF($B$23="age",IF(Data!C229<=$C$23,$F$23,$G$23),IF(Data!B229<=$C$23,$F$23,$G$23)) -> 1 | AG19: =IF($B$24="age",IF(Data!C229<=$C$24,$F$24,$G$24),IF(Data!B229<=$C$24,$F$24,$G$24)) -> 1 | AH19: =IF($B$25="age",IF(Data!C229<=$C$25,$F$25,$G$25),IF(Data!B229<=$C$25,$F$25,$G$25)) -> 1 | AI19: =IF($B$26="age",IF(Data!C229<=$C$26,$F$26,$G$26),IF(Data!B229<=$C$26,$F$26,$G$26)) -> 1 | AJ19: =AVERAGE(K19:AI19) -> 0.8 | AK19: =IF(AJ19>=Controls!$B$2,1,0) -> 1 | AL19: =--(AK19=J19) -> 0
A20: 19 | B20: =IF(MOD(19,2)=1,"age","year") -> age | C20: =IF(B20="age",INDEX(Data!$C$2:$C$301,1+MOD(INT(ABS(SIN((19*41+ROW()))*1000000)),300)),INDEX(Data!$B$2:$B$301,1+MOD(INT(ABS(SIN((19*53+ROW()))*1000000)),300))) -> 18 | D20: =IF(B20="age",IFERROR(AVERAGEIFS(Data!$L$2:$L$301,Data!$M$2:$M$301,"Train",Data!$C$2:$C$301,"<="&C20),0),IFERROR(AVERAGEIFS(Data!$L$2:$L$301,Data!$M$2:$M$301,"Train",Data!$B$2:$B$301,"<="&C20),0)) -> 0 | E20: =IF(B20="age",IFERROR(AVERAGEIFS(Data!$L$2:$L$301,Data!$M$2:$M$301,"Train",Data!$C$2:$C$301,">"&C20),0),IFERROR(AVERAGEIFS(Data!$L$2:$L$301,Data!$M$2:$M$301,"Train",Data!$B$2:$B$301,">"&C20),0)) -> 0.52884615 | F20: =IF(D20>=Controls!$B$2,1,0) -> 0 | G20: =IF(E20>=Controls!$B$2,1,0) -> 1 | I20: =Data!A230 -> 229 | J20: =Data!L230 -> 1 | K20: =IF($B$2="age",IF(Data!C230<=$C$2,$F$2,$G$2),IF(Data!B230<=$C$2,$F$2,$G$2)) -> 0 | L20: =IF($B$3="age",IF(Data!C230<=$C$3,$F$3,$G$3),IF(Data!B230<=$C$3,$F$3,$G$3)) -> 1 | M20: =IF($B$4="age",IF(Data!C230<=$C$4,$F$4,$G$4),IF(Data!B230<=$C$4,$F$4,$G$4)) -> 1 | N20: =IF($B$5="age",IF(Data!C230<=$C$5,$F$5,$G$5),IF(Data!B230<=$C$5,$F$5,$G$5)) -> 1 | O20: =IF($B$6="age",IF(Data!C230<=$C$6,$F$6,$G$6),IF(Data!B230<=$C$6,$F$6,$G$6)) -> 0 | P20: =IF($B$7="age",IF(Data!C230<=$C$7,$F$7,$G$7),IF(Data!B230<=$C$7,$F$7,$G$7)) -> 1 | Q20: =IF($B$8="age",IF(Data!C230<=$C$8,$F$8,$G$8),IF(Data!B230<=$C$8,$F$8,$G$8)) -> 1 | R20: =IF($B$9="age",IF(Data!C230<=$C$9,$F$9,$G$9),IF(Data!B230<=$C$9,$F$9,$G$9)) -> 1 | S20: =IF($B$10="age",IF(Data!C230<=$C$10,$F$10,$G$10),IF(Data!B230<=$C$10,$F$10,$G$10)) -> 0 | T20: =IF($B$11="age",IF(Data!C230<=$C$11,$F$11,$G$11),IF(Data!B230<=$C$11,$F$11,$G$11)) -> 1 | U20: =IF($B$12="age",IF(Data!C230<=$C$12,$F$12,$G$12),IF(Data!B230<=$C$12,$F$12,$G$12)) -> 1 | V20: =IF($B$13="age",IF(Data!C230<=$C$13,$F$13,$G$13),IF(Data!B230<=$C$13,$F$13,$G$13)) -> 1 | W20: =IF($B$14="age",IF(Data!C230<=$C$14,$F$14,$G$14),IF(Data!B230<=$C$14,$F$14,$G$14)) -> 0 | X20: =IF($B$15="age",IF(Data!C230<=$C$15,$F$15,$G$15),IF(Data!B230<=$C$15,$F$15,$G$15)) -> 1 | Y20: =IF($B$16="age",IF(Data!C230<=$C$16,$F$16,$G$16),IF(Data!B230<=$C$16,$F$16,$G$16)) -> 1 | Z20: =IF($B$17="age",IF(Data!C230<=$C$17,$F$17,$G$17),IF(Data!B230<=$C$17,$F$17,$G$17)) -> 0 | AA20: =IF($B$18="age",IF(Data!C230<=$C$18,$F$18,$G$18),IF(Data!B230<=$C$18,$F$18,$G$18)) -> 1 | AB20: =IF($B$19="age",IF(Data!C230<=$C$19,$F$19,$G$19),IF(Data!B230<=$C$19,$F$19,$G$19)) -> 1 | AC20: =IF($B$20="age",IF(Data!C230<=$C$20,$F$20,$G$20),IF(Data!B230<=$C$20,$F$20,$G$20)) -> 1 | AD20: =IF($B$21="age",IF(Data!C230<=$C$21,$F$21,$G$21),IF(Data!B230<=$C$21,$F$21,$G$21)) -> 0 | AE20: =IF($B$22="age",IF(Data!C230<=$C$22,$F$22,$G$22),IF(Data!B230<=$C$22,$F$22,$G$22)) -> 0 | AF20: =IF($B$23="age",IF(Data!C230<=$C$23,$F$23,$G$23),IF(Data!B230<=$C$23,$F$23,$G$23)) -> 1 | AG20: =IF($B$24="age",IF(Data!C230<=$C$24,$F$24,$G$24),IF(Data!B230<=$C$24,$F$24,$G$24)) -> 1 | AH20: =IF($B$25="age",IF(Data!C230<=$C$25,$F$25,$G$25),IF(Data!B230<=$C$25,$F$25,$G$25)) -> 1 | AI20: =IF($B$26="age",IF(Data!C230<=$C$26,$F$26,$G$26),IF(Data!B230<=$C$26,$F$26,$G$26)) -> 1 | AJ20: =AVERAGE(K20:AI20) -> 0.72 | AK20: =IF(AJ20>=Controls!$B$2,1,0) -> 1 | AL20: =--(AK20=J20) -> 1
A21: 20 | B21: =IF(MOD(20,2)=1,"age","year") -> year | C21: =IF(B21="age",INDEX(Data!$C$2:$C$301,1+MOD(INT(ABS(SIN((20*41+ROW()))*1000000)),300)),INDEX(Data!$B$2:$B$301,1+MOD(INT(ABS(SIN((20*53+ROW()))*1000000)),300))) -> 2007 | D21: =IF(B21="age",IFERROR(AVERAGEIFS(Data!$L$2:$L$301,Data!$M$2:$M$301,"Train",Data!$C$2:$C$301,"<="&C21),0),IFERROR(AVERAGEIFS(Data!$L$2:$L$301,Data!$M$2:$M$301,"Train",Data!$B$2:$B$301,"<="&C21),0)) -> 0.49375 | E21: =IF(B21="age",IFERROR(AVERAGEIFS(Data!$L$2:$L$301,Data!$M$2:$M$301,"Train",Data!$C$2:$C$301,">"&C21),0),IFERROR(AVERAGEIFS(Data!$L$2:$L$301,Data!$M$2:$M$301,"Train",Data!$B$2:$B$301,">"&C21),0)) -> 0.62 | F21: =IF(D21>=Controls!$B$2,1,0) -> 0 | G21: =IF(E21>=Controls!$B$2,1,0) -> 1 | I21: =Data!A231 -> 230 | J21: =Data!L231 -> 0 | K21: =IF($B$2="age",IF(Data!C231<=$C$2,$F$2,$G$2),IF(Data!B231<=$C$2,$F$2,$G$2)) -> 1 | L21: =IF($B$3="age",IF(Data!C231<=$C$3,$F$3,$G$3),IF(Data!B231<=$C$3,$F$3,$G$3)) -> 0 | M21: =IF($B$4="age",IF(Data!C231<=$C$4,$F$4,$G$4),IF(Data!B231<=$C$4,$F$4,$G$4)) -> 1 | N21: =IF($B$5="age",IF(Data!C231<=$C$5,$F$5,$G$5),IF(Data!B231<=$C$5,$F$5,$G$5)) -> 0 | O21: =IF($B$6="age",IF(Data!C231<=$C$6,$F$6,$G$6),IF(Data!B231<=$C$6,$F$6,$G$6)) -> 1 | P21: =IF($B$7="age",IF(Data!C231<=$C$7,$F$7,$G$7),IF(Data!B231<=$C$7,$F$7,$G$7)) -> 1 | Q21: =IF($B$8="age",IF(Data!C231<=$C$8,$F$8,$G$8),IF(Data!B231<=$C$8,$F$8,$G$8)) -> 1 | R21: =IF($B$9="age",IF(Data!C231<=$C$9,$F$9,$G$9),IF(Data!B231<=$C$9,$F$9,$G$9)) -> 0 | S21: =IF($B$10="age",IF(Data!C231<=$C$10,$F$10,$G$10),IF(Data!B231<=$C$10,$F$10,$G$10)) -> 1 | T21: =IF($B$11="age",IF(Data!C231<=$C$11,$F$11,$G$11),IF(Data!B231<=$C$11,$F$11,$G$11)) -> 0 | U21: =IF($B$12="age",IF(Data!C231<=$C$12,$F$12,$G$12),IF(Data!B231<=$C$12,$F$12,$G$12)) -> 1 | V21: =IF($B$13="age",IF(Data!C231<=$C$13,$F$13,$G$13),IF(Data!B231<=$C$13,$F$13,$G$13)) -> 0 | W21: =IF($B$14="age",IF(Data!C231<=$C$14,$F$14,$G$14),IF(Data!B231<=$C$14,$F$14,$G$14)) -> 1 | X21: =IF($B$15="age",IF(Data!C231<=$C$15,$F$15,$G$15),IF(Data!B231<=$C$15,$F$15,$G$15)) -> 1 | Y21: =IF($B$16="age",IF(Data!C231<=$C$16,$F$16,$G$16),IF(Data!B231<=$C$16,$F$16,$G$16)) -> 1 | Z21: =IF($B$17="age",IF(Data!C231<=$C$17,$F$17,$G$17),IF(Data!B231<=$C$17,$F$17,$G$17)) -> 0 | AA21: =IF($B$18="age",IF(Data!C231<=$C$18,$F$18,$G$18),IF(Data!B231<=$C$18,$F$18,$G$18)) -> 1 | AB21: =IF($B$19="age",IF(Data!C231<=$C$19,$F$19,$G$19),IF(Data!B231<=$C$19,$F$19,$G$19)) -> 0 | AC21: =IF($B$20="age",IF(Data!C231<=$C$20,$F$20,$G$20),IF(Data!B231<=$C$20,$F$20,$G$20)) -> 1 | AD21: =IF($B$21="age",IF(Data!C231<=$C$21,$F$21,$G$21),IF(Data!B231<=$C$21,$F$21,$G$21)) -> 0 | AE21: =IF($B$22="age",IF(Data!C231<=$C$22,$F$22,$G$22),IF(Data!B231<=$C$22,$F$22,$G$22)) -> 1 | AF21: =IF($B$23="age",IF(Data!C231<=$C$23,$F$23,$G$23),IF(Data!B231<=$C$23,$F$23,$G$23)) -> 0 | AG21: =IF($B$24="age",IF(Data!C231<=$C$24,$F$24,$G$24),IF(Data!B231<=$C$24,$F$24,$G$24)) -> 1 | AH21: =IF($B$25="age",IF(Data!C231<=$C$25,$F$25,$G$25),IF(Data!B231<=$C$25,$F$25,$G$25)) -> 1 | AI21: =IF($B$26="age",IF(Data!C231<=$C$26,$F$26,$G$26),IF(Data!B231<=$C$26,$F$26,$G$26)) -> 1 | AJ21: =AVERAGE(K21:AI21) -> 0.64 | AK21: =IF(AJ21>=Controls!$B$2,1,0) -> 1 | AL21: =--(AK21=J21) -> 0
A22: 21 | B22: =IF(MOD(21,2)=1,"age","year") -> age | C22: =IF(B22="age",INDEX(Data!$C$2:$C$301,1+MOD(INT(ABS(SIN((21*41+ROW()))*1000000)),300)),INDEX(Data!$B$2:$B$301,1+MOD(INT(ABS(SIN((21*53+ROW()))*1000000)),300))) -> 42 | D22: =IF(B22="age",IFERROR(AVERAGEIFS(Data!$L$2:$L$301,Data!$M$2:$M$301,"Train",Data!$C$2:$C$301,"<="&C22),0),IFERROR(AVERAGEIFS(Data!$L$2:$L$301,Data!$M$2:$M$301,"Train",Data!$B$2:$B$301,"<="&C22),0)) -> 0.40776699 | E22: =IF(B22="age",IFERROR(AVERAGEIFS(Data!$L$2:$L$301,Data!$M$2:$M$301,"Train",Data!$C$2:$C$301,">"&C22),0),IFERROR(AVERAGEIFS(Data!$L$2:$L$301,Data!$M$2:$M$301,"Train",Data!$B$2:$B$301,">"&C22),0)) -> 0.63551402 | F22: =IF(D22>=Controls!$B$2,1,0) -> 0 | G22: =IF(E22>=Controls!$B$2,1,0) -> 1 | I22: =Data!A232 -> 231 | J22: =Data!L232 -> 0 | K22: =IF($B$2="age",IF(Data!C232<=$C$2,$F$2,$G$2),IF(Data!B232<=$C$2,$F$2,$G$2)) -> 1 | L22: =IF($B$3="age",IF(Data!C232<=$C$3,$F$3,$G$3),IF(Data!B232<=$C$3,$F$3,$G$3)) -> 0 | M22: =IF($B$4="age",IF(Data!C232<=$C$4,$F$4,$G$4),IF(Data!B232<=$C$4,$F$4,$G$4)) -> 1 | N22: =IF($B$5="age",IF(Data!C232<=$C$5,$F$5,$G$5),IF(Data!B232<=$C$5,$F$5,$G$5)) -> 0 | O22: =IF($B$6="age",IF(Data!C232<=$C$6,$F$6,$G$6),IF(Data!B232<=$C$6,$F$6,$G$6)) -> 1 | P22: =IF($B$7="age",IF(Data!C232<=$C$7,$F$7,$G$7),IF(Data!B232<=$C$7,$F$7,$G$7)) -> 1 | Q22: =IF($B$8="age",IF(Data!C232<=$C$8,$F$8,$G$8),IF(Data!B232<=$C$8,$F$8,$G$8)) -> 1 | R22: =IF($B$9="age",IF(Data!C232<=$C$9,$F$9,$G$9),IF(Data!B232<=$C$9,$F$9,$G$9)) -> 0 | S22: =IF($B$10="age",IF(Data!C232<=$C$10,$F$10,$G$10),IF(Data!B232<=$C$10,$F$10,$G$10)) -> 1 | T22: =IF($B$11="age",IF(Data!C232<=$C$11,$F$11,$G$11),IF(Data!B232<=$C$11,$F$11,$G$11)) -> 0 | U22: =IF($B$12="age",IF(Data!C232<=$C$12,$F$12,$G$12),IF(Data!B232<=$C$12,$F$12,$G$12)) -> 0 | V22: =IF($B$13="age",IF(Data!C232<=$C$13,$F$13,$G$13),IF(Data!B232<=$C$13,$F$13,$G$13)) -> 0 | W22: =IF($B$14="age",IF(Data!C232<=$C$14,$F$14,$G$14),IF(Data!B232<=$C$14,$F$14,$G$14)) -> 1 | X22: =IF($B$15="age",IF(Data!C232<=$C$15,$F$15,$G$15),IF(Data!B232<=$C$15,$F$15,$G$15)) -> 1 | Y22: =IF($B$16="age",IF(Data!C232<=$C$16,$F$16,$G$16),IF(Data!B232<=$C$16,$F$16,$G$16)) -> 0 | Z22: =IF($B$17="age",IF(Data!C232<=$C$17,$F$17,$G$17),IF(Data!B232<=$C$17,$F$17,$G$17)) -> 0 | AA22: =IF($B$18="age",IF(Data!C232<=$C$18,$F$18,$G$18),IF(Data!B232<=$C$18,$F$18,$G$18)) -> 1 | AB22: =IF($B$19="age",IF(Data!C232<=$C$19,$F$19,$G$19),IF(Data!B232<=$C$19,$F$19,$G$19)) -> 0 | AC22: =IF($B$20="age",IF(Data!C232<=$C$20,$F$20,$G$20),IF(Data!B232<=$C$20,$F$20,$G$20)) -> 1 | AD22: =IF($B$21="age",IF(Data!C232<=$C$21,$F$21,$G$21),IF(Data!B232<=$C$21,$F$21,$G$21)) -> 0 | AE22: =IF($B$22="age",IF(Data!C232<=$C$22,$F$22,$G$22),IF(Data!B232<=$C$22,$F$22,$G$22)) -> 1 | AF22: =IF($B$23="age",IF(Data!C232<=$C$23,$F$23,$G$23),IF(Data!B232<=$C$23,$F$23,$G$23)) -> 0 | AG22: =IF($B$24="age",IF(Data!C232<=$C$24,$F$24,$G$24),IF(Data!B232<=$C$24,$F$24,$G$24)) -> 1 | AH22: =IF($B$25="age",IF(Data!C232<=$C$25,$F$25,$G$25),IF(Data!B232<=$C$25,$F$25,$G$25)) -> 1 | AI22: =IF($B$26="age",IF(Data!C232<=$C$26,$F$26,$G$26),IF(Data!B232<=$C$26,$F$26,$G$26)) -> 1 | AJ22: =AVERAGE(K22:AI22) -> 0.56 | AK22: =IF(AJ22>=Controls!$B$2,1,0) -> 1 | AL22: =--(AK22=J22) -> 0
A23: 22 | B23: =IF(MOD(22,2)=1,"age","year") -> year | C23: =IF(B23="age",INDEX(Data!$C$2:$C$301,1+MOD(INT(ABS(SIN((22*41+ROW()))*1000000)),300)),INDEX(Data!$B$2:$B$301,1+MOD(INT(ABS(SIN((22*53+ROW()))*1000000)),300))) -> 2004 | D23: =IF(B23="age",IFERROR(AVERAGEIFS(Data!$L$2:$L$301,Data!$M$2:$M$301,"Train",Data!$C$2:$C$301,"<="&C23),0),IFERROR(AVERAGEIFS(Data!$L$2:$L$301,Data!$M$2:$M$301,"Train",Data!$B$2:$B$301,"<="&C23),0)) -> 0.43835616 | E23: =IF(B23="age",IFERROR(AVERAGEIFS(Data!$L$2:$L$301,Data!$M$2:$M$301,"Train",Data!$C$2:$C$301,">"&C23),0),IFERROR(AVERAGEIFS(Data!$L$2:$L$301,Data!$M$2:$M$301,"Train",Data!$B$2:$B$301,">"&C23),0)) -> 0.56934307 | F23: =IF(D23>=Controls!$B$2,1,0) -> 0 | G23: =IF(E23>=Controls!$B$2,1,0) -> 1 | I23: =Data!A233 -> 232 | J23: =Data!L233 -> 1 | K23: =IF($B$2="age",IF(Data!C233<=$C$2,$F$2,$G$2),IF(Data!B233<=$C$2,$F$2,$G$2)) -> 0 | L23: =IF($B$3="age",IF(Data!C233<=$C$3,$F$3,$G$3),IF(Data!B233<=$C$3,$F$3,$G$3)) -> 1 | M23: =IF($B$4="age",IF(Data!C233<=$C$4,$F$4,$G$4),IF(Data!B233<=$C$4,$F$4,$G$4)) -> 1 | N23: =IF($B$5="age",IF(Data!C233<=$C$5,$F$5,$G$5),IF(Data!B233<=$C$5,$F$5,$G$5)) -> 1 | O23: =IF($B$6="age",IF(Data!C233<=$C$6,$F$6,$G$6),IF(Data!B233<=$C$6,$F$6,$G$6)) -> 0 | P23: =IF($B$7="age",IF(Data!C233<=$C$7,$F$7,$G$7),IF(Data!B233<=$C$7,$F$7,$G$7)) -> 1 | Q23: =IF($B$8="age",IF(Data!C233<=$C$8,$F$8,$G$8),IF(Data!B233<=$C$8,$F$8,$G$8)) -> 1 | R23: =IF($B$9="age",IF(Data!C233<=$C$9,$F$9,$G$9),IF(Data!B233<=$C$9,$F$9,$G$9)) -> 1 | S23: =IF($B$10="age",IF(Data!C233<=$C$10,$F$10,$G$10),IF(Data!B233<=$C$10,$F$10,$G$10)) -> 0 | T23: =IF($B$11="age",IF(Data!C233<=$C$11,$F$11,$G$11),IF(Data!B233<=$C$11,$F$11,$G$11)) -> 0 | U23: =IF($B$12="age",IF(Data!C233<=$C$12,$F$12,$G$12),IF(Data!B233<=$C$12,$F$12,$G$12)) -> 1 | V23: =IF($B$13="age",IF(Data!C233<=$C$13,$F$13,$G$13),IF(Data!B233<=$C$13,$F$13,$G$13)) -> 1 | W23: =IF($B$14="age",IF(Data!C233<=$C$14,$F$14,$G$14),IF(Data!B233<=$C$14,$F$14,$G$14)) -> 0 | X23: =IF($B$15="age",IF(Data!C233<=$C$15,$F$15,$G$15),IF(Data!B233<=$C$15,$F$15,$G$15)) -> 1 | Y23: =IF($B$16="age",IF(Data!C233<=$C$16,$F$16,$G$16),IF(Data!B233<=$C$16,$F$16,$G$16)) -> 1 | Z23: =IF($B$17="age",IF(Data!C233<=$C$17,$F$17,$G$17),IF(Data!B233<=$C$17,$F$17,$G$17)) -> 0 | AA23: =IF($B$18="age",IF(Data!C233<=$C$18,$F$18,$G$18),IF(Data!B233<=$C$18,$F$18,$G$18)) -> 1 | AB23: =IF($B$19="age",IF(Data!C233<=$C$19,$F$19,$G$19),IF(Data!B233<=$C$19,$F$19,$G$19)) -> 1 | AC23: =IF($B$20="age",IF(Data!C233<=$C$20,$F$20,$G$20),IF(Data!B233<=$C$20,$F$20,$G$20)) -> 1 | AD23: =IF($B$21="age",IF(Data!C233<=$C$21,$F$21,$G$21),IF(Data!B233<=$C$21,$F$21,$G$21)) -> 0 | AE23: =IF($B$22="age",IF(Data!C233<=$C$22,$F$22,$G$22),IF(Data!B233<=$C$22,$F$22,$G$22)) -> 0 | AF23: =IF($B$23="age",IF(Data!C233<=$C$23,$F$23,$G$23),IF(Data!B233<=$C$23,$F$23,$G$23)) -> 1 | AG23: =IF($B$24="age",IF(Data!C233<=$C$24,$F$24,$G$24),IF(Data!B233<=$C$24,$F$24,$G$24)) -> 1 | AH23: =IF($B$25="age",IF(Data!C233<=$C$25,$F$25,$G$25),IF(Data!B233<=$C$25,$F$25,$G$25)) -> 1 | AI23: =IF($B$26="age",IF(Data!C233<=$C$26,$F$26,$G$26),IF(Data!B233<=$C$26,$F$26,$G$26)) -> 1 | AJ23: =AVERAGE(K23:AI23) -> 0.68 | AK23: =IF(AJ23>=Controls!$B$2,1,0) -> 1 | AL23: =--(AK23=J23) -> 1
A24: 23 | B24: =IF(MOD(23,2)=1,"age","year") -> age | C24: =IF(B24="age",INDEX(Data!$C$2:$C$301,1+MOD(INT(ABS(SIN((23*41+ROW()))*1000000)),300)),INDEX(Data!$B$2:$B$301,1+MOD(INT(ABS(SIN((23*53+ROW()))*1000000)),300))) -> 30 | D24: =IF(B24="age",IFERROR(AVERAGEIFS(Data!$L$2:$L$301,Data!$M$2:$M$301,"Train",Data!$C$2:$C$301,"<="&C24),0),IFERROR(AVERAGEIFS(Data!$L$2:$L$301,Data!$M$2:$M$301,"Train",Data!$B$2:$B$301,"<="&C24),0)) -> 0.25714286 | E24: =IF(B24="age",IFERROR(AVERAGEIFS(Data!$L$2:$L$301,Data!$M$2:$M$301,"Train",Data!$C$2:$C$301,">"&C24),0),IFERROR(AVERAGEIFS(Data!$L$2:$L$301,Data!$M$2:$M$301,"Train",Data!$B$2:$B$301,">"&C24),0)) -> 0.57714286 | F24: =IF(D24>=Controls!$B$2,1,0) -> 0 | G24: =IF(E24>=Controls!$B$2,1,0) -> 1 | I24: =Data!A234 -> 233 | J24: =Data!L234 -> 1 | K24: =IF($B$2="age",IF(Data!C234<=$C$2,$F$2,$G$2),IF(Data!B234<=$C$2,$F$2,$G$2)) -> 1 | L24: =IF($B$3="age",IF(Data!C234<=$C$3,$F$3,$G$3),IF(Data!B234<=$C$3,$F$3,$G$3)) -> 1 | M24: =IF($B$4="age",IF(Data!C234<=$C$4,$F$4,$G$4),IF(Data!B234<=$C$4,$F$4,$G$4)) -> 1 | N24: =IF($B$5="age",IF(Data!C234<=$C$5,$F$5,$G$5),IF(Data!B234<=$C$5,$F$5,$G$5)) -> 1 | O24: =IF($B$6="age",IF(Data!C234<=$C$6,$F$6,$G$6),IF(Data!B234<=$C$6,$F$6,$G$6)) -> 1 | P24: =IF($B$7="age",IF(Data!C234<=$C$7,$F$7,$G$7),IF(Data!B234<=$C$7,$F$7,$G$7)) -> 1 | Q24: =IF($B$8="age",IF(Data!C234<=$C$8,$F$8,$G$8),IF(Data!B234<=$C$8,$F$8,$G$8)) -> 1 | R24: =IF($B$9="age",IF(Data!C234<=$C$9,$F$9,$G$9),IF(Data!B234<=$C$9,$F$9,$G$9)) -> 1 | S24: =IF($B$10="age",IF(Data!C234<=$C$10,$F$10,$G$10),IF(Data!B234<=$C$10,$F$10,$G$10)) -> 1 | T24: =IF($B$11="age",IF(Data!C234<=$C$11,$F$11,$G$11),IF(Data!B234<=$C$11,$F$11,$G$11)) -> 0 | U24: =IF($B$12="age",IF(Data!C234<=$C$12,$F$12,$G$12),IF(Data!B234<=$C$12,$F$12,$G$12)) -> 1 | V24: =IF($B$13="age",IF(Data!C234<=$C$13,$F$13,$G$13),IF(Data!B234<=$C$13,$F$13,$G$13)) -> 1 | W24: =IF($B$14="age",IF(Data!C234<=$C$14,$F$14,$G$14),IF(Data!B234<=$C$14,$F$14,$G$14)) -> 1 | X24: =IF($B$15="age",IF(Data!C234<=$C$15,$F$15,$G$15),IF(Data!B234<=$C$15,$F$15,$G$15)) -> 1 | Y24: =IF($B$16="age",IF(Data!C234<=$C$16,$F$16,$G$16),IF(Data!B234<=$C$16,$F$16,$G$16)) -> 1 | Z24: =IF($B$17="age",IF(Data!C234<=$C$17,$F$17,$G$17),IF(Data!B234<=$C$17,$F$17,$G$17)) -> 0 | AA24: =IF($B$18="age",IF(Data!C234<=$C$18,$F$18,$G$18),IF(Data!B234<=$C$18,$F$18,$G$18)) -> 1 | AB24: =IF($B$19="age",IF(Data!C234<=$C$19,$F$19,$G$19),IF(Data!B234<=$C$19,$F$19,$G$19)) -> 1 | AC24: =IF($B$20="age",IF(Data!C234<=$C$20,$F$20,$G$20),IF(Data!B234<=$C$20,$F$20,$G$20)) -> 1 | AD24: =IF($B$21="age",IF(Data!C234<=$C$21,$F$21,$G$21),IF(Data!B234<=$C$21,$F$21,$G$21)) -> 0 | AE24: =IF($B$22="age",IF(Data!C234<=$C$22,$F$22,$G$22),IF(Data!B234<=$C$22,$F$22,$G$22)) -> 1 | AF24: =IF($B$23="age",IF(Data!C234<=$C$23,$F$23,$G$23),IF(Data!B234<=$C$23,$F$23,$G$23)) -> 1 | AG24: =IF($B$24="age",IF(Data!C234<=$C$24,$F$24,$G$24),IF(Data!B234<=$C$24,$F$24,$G$24)) -> 1 | AH24: =IF($B$25="age",IF(Data!C234<=$C$25,$F$25,$G$25),IF(Data!B234<=$C$25,$F$25,$G$25)) -> 1 | AI24: =IF($B$26="age",IF(Data!C234<=$C$26,$F$26,$G$26),IF(Data!B234<=$C$26,$F$26,$G$26)) -> 1 | AJ24: =AVERAGE(K24:AI24) -> 0.88 | AK24: =IF(AJ24>=Controls!$B$2,1,0) -> 1 | AL24: =--(AK24=J24) -> 1
A25: 24 | B25: =IF(MOD(24,2)=1,"age","year") -> year | C25: =IF(B25="age",INDEX(Data!$C$2:$C$301,1+MOD(INT(ABS(SIN((24*41+ROW()))*1000000)),300)),INDEX(Data!$B$2:$B$301,1+MOD(INT(ABS(SIN((24*53+ROW()))*1000000)),300))) -> 2008 | D25: =IF(B25="age",IFERROR(AVERAGEIFS(Data!$L$2:$L$301,Data!$M$2:$M$301,"Train",Data!$C$2:$C$301,"<="&C25),0),IFERROR(AVERAGEIFS(Data!$L$2:$L$301,Data!$M$2:$M$301,"Train",Data!$B$2:$B$301,"<="&C25),0)) -> 0.51086957 | E25: =IF(B25="age",IFERROR(AVERAGEIFS(Data!$L$2:$L$301,Data!$M$2:$M$301,"Train",Data!$C$2:$C$301,">"&C25),0),IFERROR(AVERAGEIFS(Data!$L$2:$L$301,Data!$M$2:$M$301,"Train",Data!$B$2:$B$301,">"&C25),0)) -> 0.61538462 | F25: =IF(D25>=Controls!$B$2,1,0) -> 1 | G25: =IF(E25>=Controls!$B$2,1,0) -> 1 | I25: =Data!A235 -> 234 | J25: =Data!L235 -> 1 | K25: =IF($B$2="age",IF(Data!C235<=$C$2,$F$2,$G$2),IF(Data!B235<=$C$2,$F$2,$G$2)) -> 0 | L25: =IF($B$3="age",IF(Data!C235<=$C$3,$F$3,$G$3),IF(Data!B235<=$C$3,$F$3,$G$3)) -> 1 | M25: =IF($B$4="age",IF(Data!C235<=$C$4,$F$4,$G$4),IF(Data!B235<=$C$4,$F$4,$G$4)) -> 1 | N25: =IF($B$5="age",IF(Data!C235<=$C$5,$F$5,$G$5),IF(Data!B235<=$C$5,$F$5,$G$5)) -> 1 | O25: =IF($B$6="age",IF(Data!C235<=$C$6,$F$6,$G$6),IF(Data!B235<=$C$6,$F$6,$G$6)) -> 1 | P25: =IF($B$7="age",IF(Data!C235<=$C$7,$F$7,$G$7),IF(Data!B235<=$C$7,$F$7,$G$7)) -> 1 | Q25: =IF($B$8="age",IF(Data!C235<=$C$8,$F$8,$G$8),IF(Data!B235<=$C$8,$F$8,$G$8)) -> 1 | R25: =IF($B$9="age",IF(Data!C235<=$C$9,$F$9,$G$9),IF(Data!B235<=$C$9,$F$9,$G$9)) -> 1 | S25: =IF($B$10="age",IF(Data!C235<=$C$10,$F$10,$G$10),IF(Data!B235<=$C$10,$F$10,$G$10)) -> 0 | T25: =IF($B$11="age",IF(Data!C235<=$C$11,$F$11,$G$11),IF(Data!B235<=$C$11,$F$11,$G$11)) -> 1 | U25: =IF($B$12="age",IF(Data!C235<=$C$12,$F$12,$G$12),IF(Data!B235<=$C$12,$F$12,$G$12)) -> 1 | V25: =IF($B$13="age",IF(Data!C235<=$C$13,$F$13,$G$13),IF(Data!B235<=$C$13,$F$13,$G$13)) -> 1 | W25: =IF($B$14="age",IF(Data!C235<=$C$14,$F$14,$G$14),IF(Data!B235<=$C$14,$F$14,$G$14)) -> 1 | X25: =IF($B$15="age",IF(Data!C235<=$C$15,$F$15,$G$15),IF(Data!B235<=$C$15,$F$15,$G$15)) -> 1 | Y25: =IF($B$16="age",IF(Data!C235<=$C$16,$F$16,$G$16),IF(Data!B235<=$C$16,$F$16,$G$16)) -> 1 | Z25: =IF($B$17="age",IF(Data!C235<=$C$17,$F$17,$G$17),IF(Data!B235<=$C$17,$F$17,$G$17)) -> 0 | AA25: =IF($B$18="age",IF(Data!C235<=$C$18,$F$18,$G$18),IF(Data!B235<=$C$18,$F$18,$G$18)) -> 1 | AB25: =IF($B$19="age",IF(Data!C235<=$C$19,$F$19,$G$19),IF(Data!B235<=$C$19,$F$19,$G$19)) -> 1 | AC25: =IF($B$20="age",IF(Data!C235<=$C$20,$F$20,$G$20),IF(Data!B235<=$C$20,$F$20,$G$20)) -> 1 | AD25: =IF($B$21="age",IF(Data!C235<=$C$21,$F$21,$G$21),IF(Data!B235<=$C$21,$F$21,$G$21)) -> 0 | AE25: =IF($B$22="age",IF(Data!C235<=$C$22,$F$22,$G$22),IF(Data!B235<=$C$22,$F$22,$G$22)) -> 1 | AF25: =IF($B$23="age",IF(Data!C235<=$C$23,$F$23,$G$23),IF(Data!B235<=$C$23,$F$23,$G$23)) -> 1 | AG25: =IF($B$24="age",IF(Data!C235<=$C$24,$F$24,$G$24),IF(Data!B235<=$C$24,$F$24,$G$24)) -> 1 | AH25: =IF($B$25="age",IF(Data!C235<=$C$25,$F$25,$G$25),IF(Data!B235<=$C$25,$F$25,$G$25)) -> 1 | AI25: =IF($B$26="age",IF(Data!C235<=$C$26,$F$26,$G$26),IF(Data!B235<=$C$26,$F$26,$G$26)) -> 1 | AJ25: =AVERAGE(K25:AI25) -> 0.84 | AK25: =IF(AJ25>=Controls!$B$2,1,0) -> 1 | AL25: =--(AK25=J25) -> 1
A26: 25 | B26: =IF(MOD(25,2)=1,"age","year") -> age | C26: =IF(B26="age",INDEX(Data!$C$2:$C$301,1+MOD(INT(ABS(SIN((25*41+ROW()))*1000000)),300)),INDEX(Data!$B$2:$B$301,1+MOD(INT(ABS(SIN((25*53+ROW()))*1000000)),300))) -> 52 | D26: =IF(B26="age",IFERROR(AVERAGEIFS(Data!$L$2:$L$301,Data!$M$2:$M$301,"Train",Data!$C$2:$C$301,"<="&C26),0),IFERROR(AVERAGEIFS(Data!$L$2:$L$301,Data!$M$2:$M$301,"Train",Data!$B$2:$B$301,"<="&C26),0)) -> 0.50625 | E26: =IF(B26="age",IFERROR(AVERAGEIFS(Data!$L$2:$L$301,Data!$M$2:$M$301,"Train",Data!$C$2:$C$301,">"&C26),0),IFERROR(AVERAGEIFS(Data!$L$2:$L$301,Data!$M$2:$M$301,"Train",Data!$B$2:$B$301,">"&C26),0)) -> 0.58 | F26: =IF(D26>=Controls!$B$2,1,0) -> 1 | G26: =IF(E26>=Controls!$B$2,1,0) -> 1 | I26: =Data!A236 -> 235 | J26: =Data!L236 -> 0 | K26: =IF($B$2="age",IF(Data!C236<=$C$2,$F$2,$G$2),IF(Data!B236<=$C$2,$F$2,$G$2)) -> 0 | L26: =IF($B$3="age",IF(Data!C236<=$C$3,$F$3,$G$3),IF(Data!B236<=$C$3,$F$3,$G$3)) -> 1 | M26: =IF($B$4="age",IF(Data!C236<=$C$4,$F$4,$G$4),IF(Data!B236<=$C$4,$F$4,$G$4)) -> 1 | N26: =IF($B$5="age",IF(Data!C236<=$C$5,$F$5,$G$5),IF(Data!B236<=$C$5,$F$5,$G$5)) -> 0 | O26: =IF($B$6="age",IF(Data!C236<=$C$6,$F$6,$G$6),IF(Data!B236<=$C$6,$F$6,$G$6)) -> 0 | P26: =IF($B$7="age",IF(Data!C236<=$C$7,$F$7,$G$7),IF(Data!B236<=$C$7,$F$7,$G$7)) -> 1 | Q26: =IF($B$8="age",IF(Data!C236<=$C$8,$F$8,$G$8),IF(Data!B236<=$C$8,$F$8,$G$8)) -> 1 | R26: =IF($B$9="age",IF(Data!C236<=$C$9,$F$9,$G$9),IF(Data!B236<=$C$9,$F$9,$G$9)) -> 0 | S26: =IF($B$10="age",IF(Data!C236<=$C$10,$F$10,$G$10),IF(Data!B236<=$C$10,$F$10,$G$10)) -> 0 | T26: =IF($B$11="age",IF(Data!C236<=$C$11,$F$11,$G$11),IF(Data!B236<=$C$11,$F$11,$G$11)) -> 0 | U26: =IF($B$12="age",IF(Data!C236<=$C$12,$F$12,$G$12),IF(Data!B236<=$C$12,$F$12,$G$12)) -> 1 | V26: =IF($B$13="age",IF(Data!C236<=$C$13,$F$13,$G$13),IF(Data!B236<=$C$13,$F$13,$G$13)) -> 0 | W26: =IF($B$14="age",IF(Data!C236<=$C$14,$F$14,$G$14),IF(Data!B236<=$C$14,$F$14,$G$14)) -> 0 | X26: =IF($B$15="age",IF(Data!C236<=$C$15,$F$15,$G$15),IF(Data!B236<=$C$15,$F$15,$G$15)) -> 1 | Y26: =IF($B$16="age",IF(Data!C236<=$C$16,$F$16,$G$16),IF(Data!B236<=$C$16,$F$16,$G$16)) -> 1 | Z26: =IF($B$17="age",IF(Data!C236<=$C$17,$F$17,$G$17),IF(Data!B236<=$C$17,$F$17,$G$17)) -> 0 | AA26: =IF($B$18="age",IF(Data!C236<=$C$18,$F$18,$G$18),IF(Data!B236<=$C$18,$F$18,$G$18)) -> 1 | AB26: =IF($B$19="age",IF(Data!C236<=$C$19,$F$19,$G$19),IF(Data!B236<=$C$19,$F$19,$G$19)) -> 0 | AC26: =IF($B$20="age",IF(Data!C236<=$C$20,$F$20,$G$20),IF(Data!B236<=$C$20,$F$20,$G$20)) -> 1 | AD26: =IF($B$21="age",IF(Data!C236<=$C$21,$F$21,$G$21),IF(Data!B236<=$C$21,$F$21,$G$21)) -> 0 | AE26: =IF($B$22="age",IF(Data!C236<=$C$22,$F$22,$G$22),IF(Data!B236<=$C$22,$F$22,$G$22)) -> 0 | AF26: =IF($B$23="age",IF(Data!C236<=$C$23,$F$23,$G$23),IF(Data!B236<=$C$23,$F$23,$G$23)) -> 0 | AG26: =IF($B$24="age",IF(Data!C236<=$C$24,$F$24,$G$24),IF(Data!B236<=$C$24,$F$24,$G$24)) -> 0 | AH26: =IF($B$25="age",IF(Data!C236<=$C$25,$F$25,$G$25),IF(Data!B236<=$C$25,$F$25,$G$25)) -> 1 | AI26: =IF($B$26="age",IF(Data!C236<=$C$26,$F$26,$G$26),IF(Data!B236<=$C$26,$F$26,$G$26)) -> 1 | AJ26: =AVERAGE(K26:AI26) -> 0.44 | AK26: =IF(AJ26>=Controls!$B$2,1,0) -> 0 | AL26: =--(AK26=J26) -> 1
I27: =Data!A237 -> 236 | J27: =Data!L237 -> 0 | K27: =IF($B$2="age",IF(Data!C237<=$C$2,$F$2,$G$2),IF(Data!B237<=$C$2,$F$2,$G$2)) -> 0 | L27: =IF($B$3="age",IF(Data!C237<=$C$3,$F$3,$G$3),IF(Data!B237<=$C$3,$F$3,$G$3)) -> 1 | M27: =IF($B$4="age",IF(Data!C237<=$C$4,$F$4,$G$4),IF(Data!B237<=$C$4,$F$4,$G$4)) -> 1 | N27: =IF($B$5="age",IF(Data!C237<=$C$5,$F$5,$G$5),IF(Data!B237<=$C$5,$F$5,$G$5)) -> 1 | O27: =IF($B$6="age",IF(Data!C237<=$C$6,$F$6,$G$6),IF(Data!B237<=$C$6,$F$6,$G$6)) -> 0 | P27: =IF($B$7="age",IF(Data!C237<=$C$7,$F$7,$G$7),IF(Data!B237<=$C$7,$F$7,$G$7)) -> 1 | Q27: =IF($B$8="age",IF(Data!C237<=$C$8,$F$8,$G$8),IF(Data!B237<=$C$8,$F$8,$G$8)) -> 1 | R27: =IF($B$9="age",IF(Data!C237<=$C$9,$F$9,$G$9),IF(Data!B237<=$C$9,$F$9,$G$9)) -> 1 | S27: =IF($B$10="age",IF(Data!C237<=$C$10,$F$10,$G$10),IF(Data!B237<=$C$10,$F$10,$G$10)) -> 0 | T27: =IF($B$11="age",IF(Data!C237<=$C$11,$F$11,$G$11),IF(Data!B237<=$C$11,$F$11,$G$11)) -> 1 | U27: =IF($B$12="age",IF(Data!C237<=$C$12,$F$12,$G$12),IF(Data!B237<=$C$12,$F$12,$G$12)) -> 1 | V27: =IF($B$13="age",IF(Data!C237<=$C$13,$F$13,$G$13),IF(Data!B237<=$C$13,$F$13,$G$13)) -> 1 | W27: =IF($B$14="age",IF(Data!C237<=$C$14,$F$14,$G$14),IF(Data!B237<=$C$14,$F$14,$G$14)) -> 0 | X27: =IF($B$15="age",IF(Data!C237<=$C$15,$F$15,$G$15),IF(Data!B237<=$C$15,$F$15,$G$15)) -> 1 | Y27: =IF($B$16="age",IF(Data!C237<=$C$16,$F$16,$G$16),IF(Data!B237<=$C$16,$F$16,$G$16)) -> 1 | Z27: =IF($B$17="age",IF(Data!C237<=$C$17,$F$17,$G$17),IF(Data!B237<=$C$17,$F$17,$G$17)) -> 1 | AA27: =IF($B$18="age",IF(Data!C237<=$C$18,$F$18,$G$18),IF(Data!B237<=$C$18,$F$18,$G$18)) -> 1 | AB27: =IF($B$19="age",IF(Data!C237<=$C$19,$F$19,$G$19),IF(Data!B237<=$C$19,$F$19,$G$19)) -> 1 | AC27: =IF($B$20="age",IF(Data!C237<=$C$20,$F$20,$G$20),IF(Data!B237<=$C$20,$F$20,$G$20)) -> 1 | AD27: =IF($B$21="age",IF(Data!C237<=$C$21,$F$21,$G$21),IF(Data!B237<=$C$21,$F$21,$G$21)) -> 1 | AE27: =IF($B$22="age",IF(Data!C237<=$C$22,$F$22,$G$22),IF(Data!B237<=$C$22,$F$22,$G$22)) -> 0 | AF27: =IF($B$23="age",IF(Data!C237<=$C$23,$F$23,$G$23),IF(Data!B237<=$C$23,$F$23,$G$23)) -> 1 | AG27: =IF($B$24="age",IF(Data!C237<=$C$24,$F$24,$G$24),IF(Data!B237<=$C$24,$F$24,$G$24)) -> 1 | AH27: =IF($B$25="age",IF(Data!C237<=$C$25,$F$25,$G$25),IF(Data!B237<=$C$25,$F$25,$G$25)) -> 1 | AI27: =IF($B$26="age",IF(Data!C237<=$C$26,$F$26,$G$26),IF(Data!B237<=$C$26,$F$26,$G$26)) -> 1 | AJ27: =AVERAGE(K27:AI27) -> 0.8 | AK27: =IF(AJ27>=Controls!$B$2,1,0) -> 1 | AL27: =--(AK27=J27) -> 0
I28: =Data!A238 -> 237 | J28: =Data!L238 -> 1 | K28: =IF($B$2="age",IF(Data!C238<=$C$2,$F$2,$G$2),IF(Data!B238<=$C$2,$F$2,$G$2)) -> 0 | L28: =IF($B$3="age",IF(Data!C238<=$C$3,$F$3,$G$3),IF(Data!B238<=$C$3,$F$3,$G$3)) -> 1 | M28: =IF($B$4="age",IF(Data!C238<=$C$4,$F$4,$G$4),IF(Data!B238<=$C$4,$F$4,$G$4)) -> 1 | N28: =IF($B$5="age",IF(Data!C238<=$C$5,$F$5,$G$5),IF(Data!B238<=$C$5,$F$5,$G$5)) -> 0 | O28: =IF($B$6="age",IF(Data!C238<=$C$6,$F$6,$G$6),IF(Data!B238<=$C$6,$F$6,$G$6)) -> 1 | P28: =IF($B$7="age",IF(Data!C238<=$C$7,$F$7,$G$7),IF(Data!B238<=$C$7,$F$7,$G$7)) -> 1 | Q28: =IF($B$8="age",IF(Data!C238<=$C$8,$F$8,$G$8),IF(Data!B238<=$C$8,$F$8,$G$8)) -> 1 | R28: =IF($B$9="age",IF(Data!C238<=$C$9,$F$9,$G$9),IF(Data!B238<=$C$9,$F$9,$G$9)) -> 0 | S28: =IF($B$10="age",IF(Data!C238<=$C$10,$F$10,$G$10),IF(Data!B238<=$C$10,$F$10,$G$10)) -> 0 | T28: =IF($B$11="age",IF(Data!C238<=$C$11,$F$11,$G$11),IF(Data!B238<=$C$11,$F$11,$G$11)) -> 0 | U28: =IF($B$12="age",IF(Data!C238<=$C$12,$F$12,$G$12),IF(Data!B238<=$C$12,$F$12,$G$12)) -> 1 | V28: =IF($B$13="age",IF(Data!C238<=$C$13,$F$13,$G$13),IF(Data!B238<=$C$13,$F$13,$G$13)) -> 0 | W28: =IF($B$14="age",IF(Data!C238<=$C$14,$F$14,$G$14),IF(Data!B238<=$C$14,$F$14,$G$14)) -> 1 | X28: =IF($B$15="age",IF(Data!C238<=$C$15,$F$15,$G$15),IF(Data!B238<=$C$15,$F$15,$G$15)) -> 1 | Y28: =IF($B$16="age",IF(Data!C238<=$C$16,$F$16,$G$16),IF(Data!B238<=$C$16,$F$16,$G$16)) -> 1 | Z28: =IF($B$17="age",IF(Data!C238<=$C$17,$F$17,$G$17),IF(Data!B238<=$C$17,$F$17,$G$17)) -> 0 | AA28: =IF($B$18="age",IF(Data!C238<=$C$18,$F$18,$G$18),IF(Data!B238<=$C$18,$F$18,$G$18)) -> 1 | AB28: =IF($B$19="age",IF(Data!C238<=$C$19,$F$19,$G$19),IF(Data!B238<=$C$19,$F$19,$G$19)) -> 0 | AC28: =IF($B$20="age",IF(Data!C238<=$C$20,$F$20,$G$20),IF(Data!B238<=$C$20,$F$20,$G$20)) -> 1 | AD28: =IF($B$21="age",IF(Data!C238<=$C$21,$F$21,$G$21),IF(Data!B238<=$C$21,$F$21,$G$21)) -> 0 | AE28: =IF($B$22="age",IF(Data!C238<=$C$22,$F$22,$G$22),IF(Data!B238<=$C$22,$F$22,$G$22)) -> 1 | AF28: =IF($B$23="age",IF(Data!C238<=$C$23,$F$23,$G$23),IF(Data!B238<=$C$23,$F$23,$G$23)) -> 0 | AG28: =IF($B$24="age",IF(Data!C238<=$C$24,$F$24,$G$24),IF(Data!B238<=$C$24,$F$24,$G$24)) -> 1 | AH28: =IF($B$25="age",IF(Data!C238<=$C$25,$F$25,$G$25),IF(Data!B238<=$C$25,$F$25,$G$25)) -> 1 | AI28: =IF($B$26="age",IF(Data!C238<=$C$26,$F$26,$G$26),IF(Data!B238<=$C$26,$F$26,$G$26)) -> 1 | AJ28: =AVERAGE(K28:AI28) -> 0.6 | AK28: =IF(AJ28>=Controls!$B$2,1,0) -> 1 | AL28: =--(AK28=J28) -> 1
I29: =Data!A239 -> 238 | J29: =Data!L239 -> 0 | K29: =IF($B$2="age",IF(Data!C239<=$C$2,$F$2,$G$2),IF(Data!B239<=$C$2,$F$2,$G$2)) -> 1 | L29: =IF($B$3="age",IF(Data!C239<=$C$3,$F$3,$G$3),IF(Data!B239<=$C$3,$F$3,$G$3)) -> 1 | M29: =IF($B$4="age",IF(Data!C239<=$C$4,$F$4,$G$4),IF(Data!B239<=$C$4,$F$4,$G$4)) -> 1 | N29: =IF($B$5="age",IF(Data!C239<=$C$5,$F$5,$G$5),IF(Data!B239<=$C$5,$F$5,$G$5)) -> 1 | O29: =IF($B$6="age",IF(Data!C239<=$C$6,$F$6,$G$6),IF(Data!B239<=$C$6,$F$6,$G$6)) -> 1 | P29: =IF($B$7="age",IF(Data!C239<=$C$7,$F$7,$G$7),IF(Data!B239<=$C$7,$F$7,$G$7)) -> 1 | Q29: =IF($B$8="age",IF(Data!C239<=$C$8,$F$8,$G$8),IF(Data!B239<=$C$8,$F$8,$G$8)) -> 1 | R29: =IF($B$9="age",IF(Data!C239<=$C$9,$F$9,$G$9),IF(Data!B239<=$C$9,$F$9,$G$9)) -> 1 | S29: =IF($B$10="age",IF(Data!C239<=$C$10,$F$10,$G$10),IF(Data!B239<=$C$10,$F$10,$G$10)) -> 1 | T29: =IF($B$11="age",IF(Data!C239<=$C$11,$F$11,$G$11),IF(Data!B239<=$C$11,$F$11,$G$11)) -> 0 | U29: =IF($B$12="age",IF(Data!C239<=$C$12,$F$12,$G$12),IF(Data!B239<=$C$12,$F$12,$G$12)) -> 1 | V29: =IF($B$13="age",IF(Data!C239<=$C$13,$F$13,$G$13),IF(Data!B239<=$C$13,$F$13,$G$13)) -> 1 | W29: =IF($B$14="age",IF(Data!C239<=$C$14,$F$14,$G$14),IF(Data!B239<=$C$14,$F$14,$G$14)) -> 1 | X29: =IF($B$15="age",IF(Data!C239<=$C$15,$F$15,$G$15),IF(Data!B239<=$C$15,$F$15,$G$15)) -> 1 | Y29: =IF($B$16="age",IF(Data!C239<=$C$16,$F$16,$G$16),IF(Data!B239<=$C$16,$F$16,$G$16)) -> 1 | Z29: =IF($B$17="age",IF(Data!C239<=$C$17,$F$17,$G$17),IF(Data!B239<=$C$17,$F$17,$G$17)) -> 0 | AA29: =IF($B$18="age",IF(Data!C239<=$C$18,$F$18,$G$18),IF(Data!B239<=$C$18,$F$18,$G$18)) -> 1 | AB29: =IF($B$19="age",IF(Data!C239<=$C$19,$F$19,$G$19),IF(Data!B239<=$C$19,$F$19,$G$19)) -> 1 | AC29: =IF($B$20="age",IF(Data!C239<=$C$20,$F$20,$G$20),IF(Data!B239<=$C$20,$F$20,$G$20)) -> 1 | AD29: =IF($B$21="age",IF(Data!C239<=$C$21,$F$21,$G$21),IF(Data!B239<=$C$21,$F$21,$G$21)) -> 0 | AE29: =IF($B$22="age",IF(Data!C239<=$C$22,$F$22,$G$22),IF(Data!B239<=$C$22,$F$22,$G$22)) -> 1 | AF29: =IF($B$23="age",IF(Data!C239<=$C$23,$F$23,$G$23),IF(Data!B239<=$C$23,$F$23,$G$23)) -> 1 | AG29: =IF($B$24="age",IF(Data!C239<=$C$24,$F$24,$G$24),IF(Data!B239<=$C$24,$F$24,$G$24)) -> 1 | AH29: =IF($B$25="age",IF(Data!C239<=$C$25,$F$25,$G$25),IF(Data!B239<=$C$25,$F$25,$G$25)) -> 1 | AI29: =IF($B$26="age",IF(Data!C239<=$C$26,$F$26,$G$26),IF(Data!B239<=$C$26,$F$26,$G$26)) -> 1 | AJ29: =AVERAGE(K29:AI29) -> 0.88 | AK29: =IF(AJ29>=Controls!$B$2,1,0) -> 1 | AL29: =--(AK29=J29) -> 0
I30: =Data!A240 -> 239 | J30: =Data!L240 -> 0 | K30: =IF($B$2="age",IF(Data!C240<=$C$2,$F$2,$G$2),IF(Data!B240<=$C$2,$F$2,$G$2)) -> 1 | L30: =IF($B$3="age",IF(Data!C240<=$C$3,$F$3,$G$3),IF(Data!B240<=$C$3,$F$3,$G$3)) -> 1 | M30: =IF($B$4="age",IF(Data!C240<=$C$4,$F$4,$G$4),IF(Data!B240<=$C$4,$F$4,$G$4)) -> 1 | N30: =IF($B$5="age",IF(Data!C240<=$C$5,$F$5,$G$5),IF(Data!B240<=$C$5,$F$5,$G$5)) -> 1 | O30: =IF($B$6="age",IF(Data!C240<=$C$6,$F$6,$G$6),IF(Data!B240<=$C$6,$F$6,$G$6)) -> 1 | P30: =IF($B$7="age",IF(Data!C240<=$C$7,$F$7,$G$7),IF(Data!B240<=$C$7,$F$7,$G$7)) -> 1 | Q30: =IF($B$8="age",IF(Data!C240<=$C$8,$F$8,$G$8),IF(Data!B240<=$C$8,$F$8,$G$8)) -> 1 | R30: =IF($B$9="age",IF(Data!C240<=$C$9,$F$9,$G$9),IF(Data!B240<=$C$9,$F$9,$G$9)) -> 1 | S30: =IF($B$10="age",IF(Data!C240<=$C$10,$F$10,$G$10),IF(Data!B240<=$C$10,$F$10,$G$10)) -> 1 | T30: =IF($B$11="age",IF(Data!C240<=$C$11,$F$11,$G$11),IF(Data!B240<=$C$11,$F$11,$G$11)) -> 1 | U30: =IF($B$12="age",IF(Data!C240<=$C$12,$F$12,$G$12),IF(Data!B240<=$C$12,$F$12,$G$12)) -> 1 | V30: =IF($B$13="age",IF(Data!C240<=$C$13,$F$13,$G$13),IF(Data!B240<=$C$13,$F$13,$G$13)) -> 1 | W30: =IF($B$14="age",IF(Data!C240<=$C$14,$F$14,$G$14),IF(Data!B240<=$C$14,$F$14,$G$14)) -> 1 | X30: =IF($B$15="age",IF(Data!C240<=$C$15,$F$15,$G$15),IF(Data!B240<=$C$15,$F$15,$G$15)) -> 1 | Y30: =IF($B$16="age",IF(Data!C240<=$C$16,$F$16,$G$16),IF(Data!B240<=$C$16,$F$16,$G$16)) -> 1 | Z30: =IF($B$17="age",IF(Data!C240<=$C$17,$F$17,$G$17),IF(Data!B240<=$C$17,$F$17,$G$17)) -> 0 | AA30: =IF($B$18="age",IF(Data!C240<=$C$18,$F$18,$G$18),IF(Data!B240<=$C$18,$F$18,$G$18)) -> 1 | AB30: =IF($B$19="age",IF(Data!C240<=$C$19,$F$19,$G$19),IF(Data!B240<=$C$19,$F$19,$G$19)) -> 1 | AC30: =IF($B$20="age",IF(Data!C240<=$C$20,$F$20,$G$20),IF(Data!B240<=$C$20,$F$20,$G$20)) -> 1 | AD30: =IF($B$21="age",IF(Data!C240<=$C$21,$F$21,$G$21),IF(Data!B240<=$C$21,$F$21,$G$21)) -> 0 | AE30: =IF($B$22="age",IF(Data!C240<=$C$22,$F$22,$G$22),IF(Data!B240<=$C$22,$F$22,$G$22)) -> 1 | AF30: =IF($B$23="age",IF(Data!C240<=$C$23,$F$23,$G$23),IF(Data!B240<=$C$23,$F$23,$G$23)) -> 1 | AG30: =IF($B$24="age",IF(Data!C240<=$C$24,$F$24,$G$24),IF(Data!B240<=$C$24,$F$24,$G$24)) -> 1 | AH30: =IF($B$25="age",IF(Data!C240<=$C$25,$F$25,$G$25),IF(Data!B240<=$C$25,$F$25,$G$25)) -> 1 | AI30: =IF($B$26="age",IF(Data!C240<=$C$26,$F$26,$G$26),IF(Data!B240<=$C$26,$F$26,$G$26)) -> 1 | AJ30: =AVERAGE(K30:AI30) -> 0.92 | AK30: =IF(AJ30>=Controls!$B$2,1,0) -> 1 | AL30: =--(AK30=J30) -> 0
I31: =Data!A241 -> 240 | J31: =Data!L241 -> 0 | K31: =IF($B$2="age",IF(Data!C241<=$C$2,$F$2,$G$2),IF(Data!B241<=$C$2,$F$2,$G$2)) -> 1 | L31: =IF($B$3="age",IF(Data!C241<=$C$3,$F$3,$G$3),IF(Data!B241<=$C$3,$F$3,$G$3)) -> 1 | M31: =IF($B$4="age",IF(Data!C241<=$C$4,$F$4,$G$4),IF(Data!B241<=$C$4,$F$4,$G$4)) -> 1 | N31: =IF($B$5="age",IF(Data!C241<=$C$5,$F$5,$G$5),IF(Data!B241<=$C$5,$F$5,$G$5)) -> 1 | O31: =IF($B$6="age",IF(Data!C241<=$C$6,$F$6,$G$6),IF(Data!B241<=$C$6,$F$6,$G$6)) -> 1 | P31: =IF($B$7="age",IF(Data!C241<=$C$7,$F$7,$G$7),IF(Data!B241<=$C$7,$F$7,$G$7)) -> 1 | Q31: =IF($B$8="age",IF(Data!C241<=$C$8,$F$8,$G$8),IF(Data!B241<=$C$8,$F$8,$G$8)) -> 1 | R31: =IF($B$9="age",IF(Data!C241<=$C$9,$F$9,$G$9),IF(Data!B241<=$C$9,$F$9,$G$9)) -> 1 | S31: =IF($B$10="age",IF(Data!C241<=$C$10,$F$10,$G$10),IF(Data!B241<=$C$10,$F$10,$G$10)) -> 1 | T31: =IF($B$11="age",IF(Data!C241<=$C$11,$F$11,$G$11),IF(Data!B241<=$C$11,$F$11,$G$11)) -> 1 | U31: =IF($B$12="age",IF(Data!C241<=$C$12,$F$12,$G$12),IF(Data!B241<=$C$12,$F$12,$G$12)) -> 1 | V31: =IF($B$13="age",IF(Data!C241<=$C$13,$F$13,$G$13),IF(Data!B241<=$C$13,$F$13,$G$13)) -> 1 | W31: =IF($B$14="age",IF(Data!C241<=$C$14,$F$14,$G$14),IF(Data!B241<=$C$14,$F$14,$G$14)) -> 1 | X31: =IF($B$15="age",IF(Data!C241<=$C$15,$F$15,$G$15),IF(Data!B241<=$C$15,$F$15,$G$15)) -> 1 | Y31: =IF($B$16="age",IF(Data!C241<=$C$16,$F$16,$G$16),IF(Data!B241<=$C$16,$F$16,$G$16)) -> 1 | Z31: =IF($B$17="age",IF(Data!C241<=$C$17,$F$17,$G$17),IF(Data!B241<=$C$17,$F$17,$G$17)) -> 0 | AA31: =IF($B$18="age",IF(Data!C241<=$C$18,$F$18,$G$18),IF(Data!B241<=$C$18,$F$18,$G$18)) -> 1 | AB31: =IF($B$19="age",IF(Data!C241<=$C$19,$F$19,$G$19),IF(Data!B241<=$C$19,$F$19,$G$19)) -> 1 | AC31: =IF($B$20="age",IF(Data!C241<=$C$20,$F$20,$G$20),IF(Data!B241<=$C$20,$F$20,$G$20)) -> 1 | AD31: =IF($B$21="age",IF(Data!C241<=$C$21,$F$21,$G$21),IF(Data!B241<=$C$21,$F$21,$G$21)) -> 0 | AE31: =IF($B$22="age",IF(Data!C241<=$C$22,$F$22,$G$22),IF(Data!B241<=$C$22,$F$22,$G$22)) -> 1 | AF31: =IF($B$23="age",IF(Data!C241<=$C$23,$F$23,$G$23),IF(Data!B241<=$C$23,$F$23,$G$23)) -> 1 | AG31: =IF($B$24="age",IF(Data!C241<=$C$24,$F$24,$G$24),IF(Data!B241<=$C$24,$F$24,$G$24)) -> 1 | AH31: =IF($B$25="age",IF(Data!C241<=$C$25,$F$25,$G$25),IF(Data!B241<=$C$25,$F$25,$G$25)) -> 1 | AI31: =IF($B$26="age",IF(Data!C241<=$C$26,$F$26,$G$26),IF(Data!B241<=$C$26,$F$26,$G$26)) -> 1 | AJ31: =AVERAGE(K31:AI31) -> 0.92 | AK31: =IF(AJ31>=Controls!$B$2,1,0) -> 1 | AL31: =--(AK31=J31) -> 0
I32: =Data!A242 -> 241 | J32: =Data!L242 -> 0 | K32: =IF($B$2="age",IF(Data!C242<=$C$2,$F$2,$G$2),IF(Data!B242<=$C$2,$F$2,$G$2)) -> 0 | L32: =IF($B$3="age",IF(Data!C242<=$C$3,$F$3,$G$3),IF(Data!B242<=$C$3,$F$3,$G$3)) -> 1 | M32: =IF($B$4="age",IF(Data!C242<=$C$4,$F$4,$G$4),IF(Data!B242<=$C$4,$F$4,$G$4)) -> 1 | N32: =IF($B$5="age",IF(Data!C242<=$C$5,$F$5,$G$5),IF(Data!B242<=$C$5,$F$5,$G$5)) -> 1 | O32: =IF($B$6="age",IF(Data!C242<=$C$6,$F$6,$G$6),IF(Data!B242<=$C$6,$F$6,$G$6)) -> 1 | P32: =IF($B$7="age",IF(Data!C242<=$C$7,$F$7,$G$7),IF(Data!B242<=$C$7,$F$7,$G$7)) -> 1 | Q32: =IF($B$8="age",IF(Data!C242<=$C$8,$F$8,$G$8),IF(Data!B242<=$C$8,$F$8,$G$8)) -> 1 | R32: =IF($B$9="age",IF(Data!C242<=$C$9,$F$9,$G$9),IF(Data!B242<=$C$9,$F$9,$G$9)) -> 1 | S32: =IF($B$10="age",IF(Data!C242<=$C$10,$F$10,$G$10),IF(Data!B242<=$C$10,$F$10,$G$10)) -> 1 | T32: =IF($B$11="age",IF(Data!C242<=$C$11,$F$11,$G$11),IF(Data!B242<=$C$11,$F$11,$G$11)) -> 1 | U32: =IF($B$12="age",IF(Data!C242<=$C$12,$F$12,$G$12),IF(Data!B242<=$C$12,$F$12,$G$12)) -> 1 | V32: =IF($B$13="age",IF(Data!C242<=$C$13,$F$13,$G$13),IF(Data!B242<=$C$13,$F$13,$G$13)) -> 1 | W32: =IF($B$14="age",IF(Data!C242<=$C$14,$F$14,$G$14),IF(Data!B242<=$C$14,$F$14,$G$14)) -> 1 | X32: =IF($B$15="age",IF(Data!C242<=$C$15,$F$15,$G$15),IF(Data!B242<=$C$15,$F$15,$G$15)) -> 1 | Y32: =IF($B$16="age",IF(Data!C242<=$C$16,$F$16,$G$16),IF(Data!B242<=$C$16,$F$16,$G$16)) -> 1 | Z32: =IF($B$17="age",IF(Data!C242<=$C$17,$F$17,$G$17),IF(Data!B242<=$C$17,$F$17,$G$17)) -> 1 | AA32: =IF($B$18="age",IF(Data!C242<=$C$18,$F$18,$G$18),IF(Data!B242<=$C$18,$F$18,$G$18)) -> 1 | AB32: =IF($B$19="age",IF(Data!C242<=$C$19,$F$19,$G$19),IF(Data!B242<=$C$19,$F$19,$G$19)) -> 1 | AC32: =IF($B$20="age",IF(Data!C242<=$C$20,$F$20,$G$20),IF(Data!B242<=$C$20,$F$20,$G$20)) -> 1 | AD32: =IF($B$21="age",IF(Data!C242<=$C$21,$F$21,$G$21),IF(Data!B242<=$C$21,$F$21,$G$21)) -> 1 | AE32: =IF($B$22="age",IF(Data!C242<=$C$22,$F$22,$G$22),IF(Data!B242<=$C$22,$F$22,$G$22)) -> 1 | AF32: =IF($B$23="age",IF(Data!C242<=$C$23,$F$23,$G$23),IF(Data!B242<=$C$23,$F$23,$G$23)) -> 1 | AG32: =IF($B$24="age",IF(Data!C242<=$C$24,$F$24,$G$24),IF(Data!B242<=$C$24,$F$24,$G$24)) -> 1 | AH32: =IF($B$25="age",IF(Data!C242<=$C$25,$F$25,$G$25),IF(Data!B242<=$C$25,$F$25,$G$25)) -> 1 | AI32: =IF($B$26="age",IF(Data!C242<=$C$26,$F$26,$G$26),IF(Data!B242<=$C$26,$F$26,$G$26)) -> 1 | AJ32: =AVERAGE(K32:AI32) -> 0.96 | AK32: =IF(AJ32>=Controls!$B$2,1,0) -> 1 | AL32: =--(AK32=J32) -> 0
I33: =Data!A243 -> 242 | J33: =Data!L243 -> 1 | K33: =IF($B$2="age",IF(Data!C243<=$C$2,$F$2,$G$2),IF(Data!B243<=$C$2,$F$2,$G$2)) -> 0 | L33: =IF($B$3="age",IF(Data!C243<=$C$3,$F$3,$G$3),IF(Data!B243<=$C$3,$F$3,$G$3)) -> 1 | M33: =IF($B$4="age",IF(Data!C243<=$C$4,$F$4,$G$4),IF(Data!B243<=$C$4,$F$4,$G$4)) -> 1 | N33: =IF($B$5="age",IF(Data!C243<=$C$5,$F$5,$G$5),IF(Data!B243<=$C$5,$F$5,$G$5)) -> 1 | O33: =IF($B$6="age",IF(Data!C243<=$C$6,$F$6,$G$6),IF(Data!B243<=$C$6,$F$6,$G$6)) -> 1 | P33: =IF($B$7="age",IF(Data!C243<=$C$7,$F$7,$G$7),IF(Data!B243<=$C$7,$F$7,$G$7)) -> 1 | Q33: =IF($B$8="age",IF(Data!C243<=$C$8,$F$8,$G$8),IF(Data!B243<=$C$8,$F$8,$G$8)) -> 1 | R33: =IF($B$9="age",IF(Data!C243<=$C$9,$F$9,$G$9),IF(Data!B243<=$C$9,$F$9,$G$9)) -> 1 | S33: =IF($B$10="age",IF(Data!C243<=$C$10,$F$10,$G$10),IF(Data!B243<=$C$10,$F$10,$G$10)) -> 0 | T33: =IF($B$11="age",IF(Data!C243<=$C$11,$F$11,$G$11),IF(Data!B243<=$C$11,$F$11,$G$11)) -> 0 | U33: =IF($B$12="age",IF(Data!C243<=$C$12,$F$12,$G$12),IF(Data!B243<=$C$12,$F$12,$G$12)) -> 1 | V33: =IF($B$13="age",IF(Data!C243<=$C$13,$F$13,$G$13),IF(Data!B243<=$C$13,$F$13,$G$13)) -> 1 | W33: =IF($B$14="age",IF(Data!C243<=$C$14,$F$14,$G$14),IF(Data!B243<=$C$14,$F$14,$G$14)) -> 1 | X33: =IF($B$15="age",IF(Data!C243<=$C$15,$F$15,$G$15),IF(Data!B243<=$C$15,$F$15,$G$15)) -> 1 | Y33: =IF($B$16="age",IF(Data!C243<=$C$16,$F$16,$G$16),IF(Data!B243<=$C$16,$F$16,$G$16)) -> 1 | Z33: =IF($B$17="age",IF(Data!C243<=$C$17,$F$17,$G$17),IF(Data!B243<=$C$17,$F$17,$G$17)) -> 0 | AA33: =IF($B$18="age",IF(Data!C243<=$C$18,$F$18,$G$18),IF(Data!B243<=$C$18,$F$18,$G$18)) -> 1 | AB33: =IF($B$19="age",IF(Data!C243<=$C$19,$F$19,$G$19),IF(Data!B243<=$C$19,$F$19,$G$19)) -> 1 | AC33: =IF($B$20="age",IF(Data!C243<=$C$20,$F$20,$G$20),IF(Data!B243<=$C$20,$F$20,$G$20)) -> 1 | AD33: =IF($B$21="age",IF(Data!C243<=$C$21,$F$21,$G$21),IF(Data!B243<=$C$21,$F$21,$G$21)) -> 0 | AE33: =IF($B$22="age",IF(Data!C243<=$C$22,$F$22,$G$22),IF(Data!B243<=$C$22,$F$22,$G$22)) -> 1 | AF33: =IF($B$23="age",IF(Data!C243<=$C$23,$F$23,$G$23),IF(Data!B243<=$C$23,$F$23,$G$23)) -> 1 | AG33: =IF($B$24="age",IF(Data!C243<=$C$24,$F$24,$G$24),IF(Data!B243<=$C$24,$F$24,$G$24)) -> 1 | AH33: =IF($B$25="age",IF(Data!C243<=$C$25,$F$25,$G$25),IF(Data!B243<=$C$25,$F$25,$G$25)) -> 1 | AI33: =IF($B$26="age",IF(Data!C243<=$C$26,$F$26,$G$26),IF(Data!B243<=$C$26,$F$26,$G$26)) -> 1 | AJ33: =AVERAGE(K33:AI33) -> 0.8 | AK33: =IF(AJ33>=Controls!$B$2,1,0) -> 1 | AL33: =--(AK33=J33) -> 1
I34: =Data!A244 -> 243 | J34: =Data!L244 -> 0 | K34: =IF($B$2="age",IF(Data!C244<=$C$2,$F$2,$G$2),IF(Data!B244<=$C$2,$F$2,$G$2)) -> 0 | L34: =IF($B$3="age",IF(Data!C244<=$C$3,$F$3,$G$3),IF(Data!B244<=$C$3,$F$3,$G$3)) -> 1 | M34: =IF($B$4="age",IF(Data!C244<=$C$4,$F$4,$G$4),IF(Data!B244<=$C$4,$F$4,$G$4)) -> 1 | N34: =IF($B$5="age",IF(Data!C244<=$C$5,$F$5,$G$5),IF(Data!B244<=$C$5,$F$5,$G$5)) -> 1 | O34: =IF($B$6="age",IF(Data!C244<=$C$6,$F$6,$G$6),IF(Data!B244<=$C$6,$F$6,$G$6)) -> 0 | P34: =IF($B$7="age",IF(Data!C244<=$C$7,$F$7,$G$7),IF(Data!B244<=$C$7,$F$7,$G$7)) -> 1 | Q34: =IF($B$8="age",IF(Data!C244<=$C$8,$F$8,$G$8),IF(Data!B244<=$C$8,$F$8,$G$8)) -> 1 | R34: =IF($B$9="age",IF(Data!C244<=$C$9,$F$9,$G$9),IF(Data!B244<=$C$9,$F$9,$G$9)) -> 1 | S34: =IF($B$10="age",IF(Data!C244<=$C$10,$F$10,$G$10),IF(Data!B244<=$C$10,$F$10,$G$10)) -> 0 | T34: =IF($B$11="age",IF(Data!C244<=$C$11,$F$11,$G$11),IF(Data!B244<=$C$11,$F$11,$G$11)) -> 0 | U34: =IF($B$12="age",IF(Data!C244<=$C$12,$F$12,$G$12),IF(Data!B244<=$C$12,$F$12,$G$12)) -> 1 | V34: =IF($B$13="age",IF(Data!C244<=$C$13,$F$13,$G$13),IF(Data!B244<=$C$13,$F$13,$G$13)) -> 1 | W34: =IF($B$14="age",IF(Data!C244<=$C$14,$F$14,$G$14),IF(Data!B244<=$C$14,$F$14,$G$14)) -> 0 | X34: =IF($B$15="age",IF(Data!C244<=$C$15,$F$15,$G$15),IF(Data!B244<=$C$15,$F$15,$G$15)) -> 1 | Y34: =IF($B$16="age",IF(Data!C244<=$C$16,$F$16,$G$16),IF(Data!B244<=$C$16,$F$16,$G$16)) -> 1 | Z34: =IF($B$17="age",IF(Data!C244<=$C$17,$F$17,$G$17),IF(Data!B244<=$C$17,$F$17,$G$17)) -> 0 | AA34: =IF($B$18="age",IF(Data!C244<=$C$18,$F$18,$G$18),IF(Data!B244<=$C$18,$F$18,$G$18)) -> 1 | AB34: =IF($B$19="age",IF(Data!C244<=$C$19,$F$19,$G$19),IF(Data!B244<=$C$19,$F$19,$G$19)) -> 1 | AC34: =IF($B$20="age",IF(Data!C244<=$C$20,$F$20,$G$20),IF(Data!B244<=$C$20,$F$20,$G$20)) -> 1 | AD34: =IF($B$21="age",IF(Data!C244<=$C$21,$F$21,$G$21),IF(Data!B244<=$C$21,$F$21,$G$21)) -> 0 | AE34: =IF($B$22="age",IF(Data!C244<=$C$22,$F$22,$G$22),IF(Data!B244<=$C$22,$F$22,$G$22)) -> 0 | AF34: =IF($B$23="age",IF(Data!C244<=$C$23,$F$23,$G$23),IF(Data!B244<=$C$23,$F$23,$G$23)) -> 1 | AG34: =IF($B$24="age",IF(Data!C244<=$C$24,$F$24,$G$24),IF(Data!B244<=$C$24,$F$24,$G$24)) -> 1 | AH34: =IF($B$25="age",IF(Data!C244<=$C$25,$F$25,$G$25),IF(Data!B244<=$C$25,$F$25,$G$25)) -> 1 | AI34: =IF($B$26="age",IF(Data!C244<=$C$26,$F$26,$G$26),IF(Data!B244<=$C$26,$F$26,$G$26)) -> 1 | AJ34: =AVERAGE(K34:AI34) -> 0.68 | AK34: =IF(AJ34>=Controls!$B$2,1,0) -> 1 | AL34: =--(AK34=J34) -> 0
I35: =Data!A245 -> 244 | J35: =Data!L245 -> 1 | K35: =IF($B$2="age",IF(Data!C245<=$C$2,$F$2,$G$2),IF(Data!B245<=$C$2,$F$2,$G$2)) -> 0 | L35: =IF($B$3="age",IF(Data!C245<=$C$3,$F$3,$G$3),IF(Data!B245<=$C$3,$F$3,$G$3)) -> 1 | M35: =IF($B$4="age",IF(Data!C245<=$C$4,$F$4,$G$4),IF(Data!B245<=$C$4,$F$4,$G$4)) -> 1 | N35: =IF($B$5="age",IF(Data!C245<=$C$5,$F$5,$G$5),IF(Data!B245<=$C$5,$F$5,$G$5)) -> 0 | O35: =IF($B$6="age",IF(Data!C245<=$C$6,$F$6,$G$6),IF(Data!B245<=$C$6,$F$6,$G$6)) -> 0 | P35: =IF($B$7="age",IF(Data!C245<=$C$7,$F$7,$G$7),IF(Data!B245<=$C$7,$F$7,$G$7)) -> 1 | Q35: =IF($B$8="age",IF(Data!C245<=$C$8,$F$8,$G$8),IF(Data!B245<=$C$8,$F$8,$G$8)) -> 1 | R35: =IF($B$9="age",IF(Data!C245<=$C$9,$F$9,$G$9),IF(Data!B245<=$C$9,$F$9,$G$9)) -> 0 | S35: =IF($B$10="age",IF(Data!C245<=$C$10,$F$10,$G$10),IF(Data!B245<=$C$10,$F$10,$G$10)) -> 0 | T35: =IF($B$11="age",IF(Data!C245<=$C$11,$F$11,$G$11),IF(Data!B245<=$C$11,$F$11,$G$11)) -> 0 | U35: =IF($B$12="age",IF(Data!C245<=$C$12,$F$12,$G$12),IF(Data!B245<=$C$12,$F$12,$G$12)) -> 1 | V35: =IF($B$13="age",IF(Data!C245<=$C$13,$F$13,$G$13),IF(Data!B245<=$C$13,$F$13,$G$13)) -> 0 | W35: =IF($B$14="age",IF(Data!C245<=$C$14,$F$14,$G$14),IF(Data!B245<=$C$14,$F$14,$G$14)) -> 0 | X35: =IF($B$15="age",IF(Data!C245<=$C$15,$F$15,$G$15),IF(Data!B245<=$C$15,$F$15,$G$15)) -> 1 | Y35: =IF($B$16="age",IF(Data!C245<=$C$16,$F$16,$G$16),IF(Data!B245<=$C$16,$F$16,$G$16)) -> 1 | Z35: =IF($B$17="age",IF(Data!C245<=$C$17,$F$17,$G$17),IF(Data!B245<=$C$17,$F$17,$G$17)) -> 0 | AA35: =IF($B$18="age",IF(Data!C245<=$C$18,$F$18,$G$18),IF(Data!B245<=$C$18,$F$18,$G$18)) -> 1 | AB35: =IF($B$19="age",IF(Data!C245<=$C$19,$F$19,$G$19),IF(Data!B245<=$C$19,$F$19,$G$19)) -> 0 | AC35: =IF($B$20="age",IF(Data!C245<=$C$20,$F$20,$G$20),IF(Data!B245<=$C$20,$F$20,$G$20)) -> 1 | AD35: =IF($B$21="age",IF(Data!C245<=$C$21,$F$21,$G$21),IF(Data!B245<=$C$21,$F$21,$G$21)) -> 0 | AE35: =IF($B$22="age",IF(Data!C245<=$C$22,$F$22,$G$22),IF(Data!B245<=$C$22,$F$22,$G$22)) -> 0 | AF35: =IF($B$23="age",IF(Data!C245<=$C$23,$F$23,$G$23),IF(Data!B245<=$C$23,$F$23,$G$23)) -> 0 | AG35: =IF($B$24="age",IF(Data!C245<=$C$24,$F$24,$G$24),IF(Data!B245<=$C$24,$F$24,$G$24)) -> 1 | AH35: =IF($B$25="age",IF(Data!C245<=$C$25,$F$25,$G$25),IF(Data!B245<=$C$25,$F$25,$G$25)) -> 1 | AI35: =IF($B$26="age",IF(Data!C245<=$C$26,$F$26,$G$26),IF(Data!B245<=$C$26,$F$26,$G$26)) -> 1 | AJ35: =AVERAGE(K35:AI35) -> 0.48 | AK35: =IF(AJ35>=Controls!$B$2,1,0) -> 0 | AL35: =--(AK35=J35) -> 0
I36: =Data!A246 -> 245 | J36: =Data!L246 -> 1 | K36: =IF($B$2="age",IF(Data!C246<=$C$2,$F$2,$G$2),IF(Data!B246<=$C$2,$F$2,$G$2)) -> 0 | L36: =IF($B$3="age",IF(Data!C246<=$C$3,$F$3,$G$3),IF(Data!B246<=$C$3,$F$3,$G$3)) -> 1 | M36: =IF($B$4="age",IF(Data!C246<=$C$4,$F$4,$G$4),IF(Data!B246<=$C$4,$F$4,$G$4)) -> 1 | N36: =IF($B$5="age",IF(Data!C246<=$C$5,$F$5,$G$5),IF(Data!B246<=$C$5,$F$5,$G$5)) -> 1 | O36: =IF($B$6="age",IF(Data!C246<=$C$6,$F$6,$G$6),IF(Data!B246<=$C$6,$F$6,$G$6)) -> 0 | P36: =IF($B$7="age",IF(Data!C246<=$C$7,$F$7,$G$7),IF(Data!B246<=$C$7,$F$7,$G$7)) -> 1 | Q36: =IF($B$8="age",IF(Data!C246<=$C$8,$F$8,$G$8),IF(Data!B246<=$C$8,$F$8,$G$8)) -> 1 | R36: =IF($B$9="age",IF(Data!C246<=$C$9,$F$9,$G$9),IF(Data!B246<=$C$9,$F$9,$G$9)) -> 1 | S36: =IF($B$10="age",IF(Data!C246<=$C$10,$F$10,$G$10),IF(Data!B246<=$C$10,$F$10,$G$10)) -> 0 | T36: =IF($B$11="age",IF(Data!C246<=$C$11,$F$11,$G$11),IF(Data!B246<=$C$11,$F$11,$G$11)) -> 0 | U36: =IF($B$12="age",IF(Data!C246<=$C$12,$F$12,$G$12),IF(Data!B246<=$C$12,$F$12,$G$12)) -> 1 | V36: =IF($B$13="age",IF(Data!C246<=$C$13,$F$13,$G$13),IF(Data!B246<=$C$13,$F$13,$G$13)) -> 1 | W36: =IF($B$14="age",IF(Data!C246<=$C$14,$F$14,$G$14),IF(Data!B246<=$C$14,$F$14,$G$14)) -> 0 | X36: =IF($B$15="age",IF(Data!C246<=$C$15,$F$15,$G$15),IF(Data!B246<=$C$15,$F$15,$G$15)) -> 1 | Y36: =IF($B$16="age",IF(Data!C246<=$C$16,$F$16,$G$16),IF(Data!B246<=$C$16,$F$16,$G$16)) -> 1 | Z36: =IF($B$17="age",IF(Data!C246<=$C$17,$F$17,$G$17),IF(Data!B246<=$C$17,$F$17,$G$17)) -> 0 | AA36: =IF($B$18="age",IF(Data!C246<=$C$18,$F$18,$G$18),IF(Data!B246<=$C$18,$F$18,$G$18)) -> 1 | AB36: =IF($B$19="age",IF(Data!C246<=$C$19,$F$19,$G$19),IF(Data!B246<=$C$19,$F$19,$G$19)) -> 1 | AC36: =IF($B$20="age",IF(Data!C246<=$C$20,$F$20,$G$20),IF(Data!B246<=$C$20,$F$20,$G$20)) -> 1 | AD36: =IF($B$21="age",IF(Data!C246<=$C$21,$F$21,$G$21),IF(Data!B246<=$C$21,$F$21,$G$21)) -> 0 | AE36: =IF($B$22="age",IF(Data!C246<=$C$22,$F$22,$G$22),IF(Data!B246<=$C$22,$F$22,$G$22)) -> 0 | AF36: =IF($B$23="age",IF(Data!C246<=$C$23,$F$23,$G$23),IF(Data!B246<=$C$23,$F$23,$G$23)) -> 1 | AG36: =IF($B$24="age",IF(Data!C246<=$C$24,$F$24,$G$24),IF(Data!B246<=$C$24,$F$24,$G$24)) -> 0 | AH36: =IF($B$25="age",IF(Data!C246<=$C$25,$F$25,$G$25),IF(Data!B246<=$C$25,$F$25,$G$25)) -> 1 | AI36: =IF($B$26="age",IF(Data!C246<=$C$26,$F$26,$G$26),IF(Data!B246<=$C$26,$F$26,$G$26)) -> 1 | AJ36: =AVERAGE(K36:AI36) -> 0.64 | AK36: =IF(AJ36>=Controls!$B$2,1,0) -> 1 | AL36: =--(AK36=J36) -> 1
I37: =Data!A247 -> 246 | J37: =Data!L247 -> 0 | K37: =IF($B$2="age",IF(Data!C247<=$C$2,$F$2,$G$2),IF(Data!B247<=$C$2,$F$2,$G$2)) -> 0 | L37: =IF($B$3="age",IF(Data!C247<=$C$3,$F$3,$G$3),IF(Data!B247<=$C$3,$F$3,$G$3)) -> 1 | M37: =IF($B$4="age",IF(Data!C247<=$C$4,$F$4,$G$4),IF(Data!B247<=$C$4,$F$4,$G$4)) -> 1 | N37: =IF($B$5="age",IF(Data!C247<=$C$5,$F$5,$G$5),IF(Data!B247<=$C$5,$F$5,$G$5)) -> 1 | O37: =IF($B$6="age",IF(Data!C247<=$C$6,$F$6,$G$6),IF(Data!B247<=$C$6,$F$6,$G$6)) -> 0 | P37: =IF($B$7="age",IF(Data!C247<=$C$7,$F$7,$G$7),IF(Data!B247<=$C$7,$F$7,$G$7)) -> 1 | Q37: =IF($B$8="age",IF(Data!C247<=$C$8,$F$8,$G$8),IF(Data!B247<=$C$8,$F$8,$G$8)) -> 1 | R37: =IF($B$9="age",IF(Data!C247<=$C$9,$F$9,$G$9),IF(Data!B247<=$C$9,$F$9,$G$9)) -> 1 | S37: =IF($B$10="age",IF(Data!C247<=$C$10,$F$10,$G$10),IF(Data!B247<=$C$10,$F$10,$G$10)) -> 0 | T37: =IF($B$11="age",IF(Data!C247<=$C$11,$F$11,$G$11),IF(Data!B247<=$C$11,$F$11,$G$11)) -> 1 | U37: =IF($B$12="age",IF(Data!C247<=$C$12,$F$12,$G$12),IF(Data!B247<=$C$12,$F$12,$G$12)) -> 1 | V37: =IF($B$13="age",IF(Data!C247<=$C$13,$F$13,$G$13),IF(Data!B247<=$C$13,$F$13,$G$13)) -> 1 | W37: =IF($B$14="age",IF(Data!C247<=$C$14,$F$14,$G$14),IF(Data!B247<=$C$14,$F$14,$G$14)) -> 0 | X37: =IF($B$15="age",IF(Data!C247<=$C$15,$F$15,$G$15),IF(Data!B247<=$C$15,$F$15,$G$15)) -> 1 | Y37: =IF($B$16="age",IF(Data!C247<=$C$16,$F$16,$G$16),IF(Data!B247<=$C$16,$F$16,$G$16)) -> 1 | Z37: =IF($B$17="age",IF(Data!C247<=$C$17,$F$17,$G$17),IF(Data!B247<=$C$17,$F$17,$G$17)) -> 0 | AA37: =IF($B$18="age",IF(Data!C247<=$C$18,$F$18,$G$18),IF(Data!B247<=$C$18,$F$18,$G$18)) -> 1 | AB37: =IF($B$19="age",IF(Data!C247<=$C$19,$F$19,$G$19),IF(Data!B247<=$C$19,$F$19,$G$19)) -> 1 | AC37: =IF($B$20="age",IF(Data!C247<=$C$20,$F$20,$G$20),IF(Data!B247<=$C$20,$F$20,$G$20)) -> 1 | AD37: =IF($B$21="age",IF(Data!C247<=$C$21,$F$21,$G$21),IF(Data!B247<=$C$21,$F$21,$G$21)) -> 0 | AE37: =IF($B$22="age",IF(Data!C247<=$C$22,$F$22,$G$22),IF(Data!B247<=$C$22,$F$22,$G$22)) -> 0 | AF37: =IF($B$23="age",IF(Data!C247<=$C$23,$F$23,$G$23),IF(Data!B247<=$C$23,$F$23,$G$23)) -> 1 | AG37: =IF($B$24="age",IF(Data!C247<=$C$24,$F$24,$G$24),IF(Data!B247<=$C$24,$F$24,$G$24)) -> 0 | AH37: =IF($B$25="age",IF(Data!C247<=$C$25,$F$25,$G$25),IF(Data!B247<=$C$25,$F$25,$G$25)) -> 1 | AI37: =IF($B$26="age",IF(Data!C247<=$C$26,$F$26,$G$26),IF(Data!B247<=$C$26,$F$26,$G$26)) -> 1 | AJ37: =AVERAGE(K37:AI37) -> 0.68 | AK37: =IF(AJ37>=Controls!$B$2,1,0) -> 1 | AL37: =--(AK37=J37) -> 0
I38: =Data!A248 -> 247 | J38: =Data!L248 -> 0 | K38: =IF($B$2="age",IF(Data!C248<=$C$2,$F$2,$G$2),IF(Data!B248<=$C$2,$F$2,$G$2)) -> 0 | L38: =IF($B$3="age",IF(Data!C248<=$C$3,$F$3,$G$3),IF(Data!B248<=$C$3,$F$3,$G$3)) -> 1 | M38: =IF($B$4="age",IF(Data!C248<=$C$4,$F$4,$G$4),IF(Data!B248<=$C$4,$F$4,$G$4)) -> 1 | N38: =IF($B$5="age",IF(Data!C248<=$C$5,$F$5,$G$5),IF(Data!B248<=$C$5,$F$5,$G$5)) -> 0 | O38: =IF($B$6="age",IF(Data!C248<=$C$6,$F$6,$G$6),IF(Data!B248<=$C$6,$F$6,$G$6)) -> 0 | P38: =IF($B$7="age",IF(Data!C248<=$C$7,$F$7,$G$7),IF(Data!B248<=$C$7,$F$7,$G$7)) -> 1 | Q38: =IF($B$8="age",IF(Data!C248<=$C$8,$F$8,$G$8),IF(Data!B248<=$C$8,$F$8,$G$8)) -> 1 | R38: =IF($B$9="age",IF(Data!C248<=$C$9,$F$9,$G$9),IF(Data!B248<=$C$9,$F$9,$G$9)) -> 0 | S38: =IF($B$10="age",IF(Data!C248<=$C$10,$F$10,$G$10),IF(Data!B248<=$C$10,$F$10,$G$10)) -> 0 | T38: =IF($B$11="age",IF(Data!C248<=$C$11,$F$11,$G$11),IF(Data!B248<=$C$11,$F$11,$G$11)) -> 0 | U38: =IF($B$12="age",IF(Data!C248<=$C$12,$F$12,$G$12),IF(Data!B248<=$C$12,$F$12,$G$12)) -> 1 | V38: =IF($B$13="age",IF(Data!C248<=$C$13,$F$13,$G$13),IF(Data!B248<=$C$13,$F$13,$G$13)) -> 0 | W38: =IF($B$14="age",IF(Data!C248<=$C$14,$F$14,$G$14),IF(Data!B248<=$C$14,$F$14,$G$14)) -> 0 | X38: =IF($B$15="age",IF(Data!C248<=$C$15,$F$15,$G$15),IF(Data!B248<=$C$15,$F$15,$G$15)) -> 1 | Y38: =IF($B$16="age",IF(Data!C248<=$C$16,$F$16,$G$16),IF(Data!B248<=$C$16,$F$16,$G$16)) -> 1 | Z38: =IF($B$17="age",IF(Data!C248<=$C$17,$F$17,$G$17),IF(Data!B248<=$C$17,$F$17,$G$17)) -> 0 | AA38: =IF($B$18="age",IF(Data!C248<=$C$18,$F$18,$G$18),IF(Data!B248<=$C$18,$F$18,$G$18)) -> 1 | AB38: =IF($B$19="age",IF(Data!C248<=$C$19,$F$19,$G$19),IF(Data!B248<=$C$19,$F$19,$G$19)) -> 0 | AC38: =IF($B$20="age",IF(Data!C248<=$C$20,$F$20,$G$20),IF(Data!B248<=$C$20,$F$20,$G$20)) -> 1 | AD38: =IF($B$21="age",IF(Data!C248<=$C$21,$F$21,$G$21),IF(Data!B248<=$C$21,$F$21,$G$21)) -> 0 | AE38: =IF($B$22="age",IF(Data!C248<=$C$22,$F$22,$G$22),IF(Data!B248<=$C$22,$F$22,$G$22)) -> 0 | AF38: =IF($B$23="age",IF(Data!C248<=$C$23,$F$23,$G$23),IF(Data!B248<=$C$23,$F$23,$G$23)) -> 0 | AG38: =IF($B$24="age",IF(Data!C248<=$C$24,$F$24,$G$24),IF(Data!B248<=$C$24,$F$24,$G$24)) -> 1 | AH38: =IF($B$25="age",IF(Data!C248<=$C$25,$F$25,$G$25),IF(Data!B248<=$C$25,$F$25,$G$25)) -> 1 | AI38: =IF($B$26="age",IF(Data!C248<=$C$26,$F$26,$G$26),IF(Data!B248<=$C$26,$F$26,$G$26)) -> 1 | AJ38: =AVERAGE(K38:AI38) -> 0.48 | AK38: =IF(AJ38>=Controls!$B$2,1,0) -> 0 | AL38: =--(AK38=J38) -> 1
... I91: =Data!A301 -> 300 | J91: =Data!L301 -> 0 | K91: =IF($B$2="age",IF(Data!C301<=$C$2,$F$2,$G$2),IF(Data!B301<=$C$2,$F$2,$G$2)) -> 1 | L91: =IF($B$3="age",IF(Data!C301<=$C$3,$F$3,$G$3),IF(Data!B301<=$C$3,$F$3,$G$3)) -> 1 | M91: =IF($B$4="age",IF(Data!C301<=$C$4,$F$4,$G$4),IF(Data!B301<=$C$4,$F$4,$G$4)) -> 1 | N91: =IF($B$5="age",IF(Data!C301<=$C$5,$F$5,$G$5),IF(Data!B301<=$C$5,$F$5,$G$5)) -> 1 | O91: =IF($B$6="age",IF(Data!C301<=$C$6,$F$6,$G$6),IF(Data!B301<=$C$6,$F$6,$G$6)) -> 1 | P91: =IF($B$7="age",IF(Data!C301<=$C$7,$F$7,$G$7),IF(Data!B301<=$C$7,$F$7,$G$7)) -> 1 | Q91: =IF($B$8="age",IF(Data!C301<=$C$8,$F$8,$G$8),IF(Data!B301<=$C$8,$F$8,$G$8)) -> 1 | R91: =IF($B$9="age",IF(Data!C301<=$C$9,$F$9,$G$9),IF(Data!B301<=$C$9,$F$9,$G$9)) -> 1 | S91: =IF($B$10="age",IF(Data!C301<=$C$10,$F$10,$G$10),IF(Data!B301<=$C$10,$F$10,$G$10)) -> 1 | T91: =IF($B$11="age",IF(Data!C301<=$C$11,$F$11,$G$11),IF(Data!B301<=$C$11,$F$11,$G$11)) -> 1 | U91: =IF($B$12="age",IF(Data!C301<=$C$12,$F$12,$G$12),IF(Data!B301<=$C$12,$F$12,$G$12)) -> 1 | V91: =IF($B$13="age",IF(Data!C301<=$C$13,$F$13,$G$13),IF(Data!B301<=$C$13,$F$13,$G$13)) -> 1 | W91: =IF($B$14="age",IF(Data!C301<=$C$14,$F$14,$G$14),IF(Data!B301<=$C$14,$F$14,$G$14)) -> 1 | X91: =IF($B$15="age",IF(Data!C301<=$C$15,$F$15,$G$15),IF(Data!B301<=$C$15,$F$15,$G$15)) -> 1 | Y91: =IF($B$16="age",IF(Data!C301<=$C$16,$F$16,$G$16),IF(Data!B301<=$C$16,$F$16,$G$16)) -> 1 | Z91: =IF($B$17="age",IF(Data!C301<=$C$17,$F$17,$G$17),IF(Data!B301<=$C$17,$F$17,$G$17)) -> 1 | AA91: =IF($B$18="age",IF(Data!C301<=$C$18,$F$18,$G$18),IF(Data!B301<=$C$18,$F$18,$G$18)) -> 1 | AB91: =IF($B$19="age",IF(Data!C301<=$C$19,$F$19,$G$19),IF(Data!B301<=$C$19,$F$19,$G$19)) -> 1 | AC91: =IF($B$20="age",IF(Data!C301<=$C$20,$F$20,$G$20),IF(Data!B301<=$C$20,$F$20,$G$20)) -> 1 | AD91: =IF($B$21="age",IF(Data!C301<=$C$21,$F$21,$G$21),IF(Data!B301<=$C$21,$F$21,$G$21)) -> 1 | AE91: =IF($B$22="age",IF(Data!C301<=$C$22,$F$22,$G$22),IF(Data!B301<=$C$22,$F$22,$G$22)) -> 1 | AF91: =IF($B$23="age",IF(Data!C301<=$C$23,$F$23,$G$23),IF(Data!B301<=$C$23,$F$23,$G$23)) -> 1 | AG91: =IF($B$24="age",IF(Data!C301<=$C$24,$F$24,$G$24),IF(Data!B301<=$C$24,$F$24,$G$24)) -> 1 | AH91: =IF($B$25="age",IF(Data!C301<=$C$25,$F$25,$G$25),IF(Data!B301<=$C$25,$F$25,$G$25)) -> 1 | AI91: =IF($B$26="age",IF(Data!C301<=$C$26,$F$26,$G$26),IF(Data!B301<=$C$26,$F$26,$G$26)) -> 1 | AJ91: =AVERAGE(K91:AI91) -> 1 | AK91: =IF(AJ91>=Controls!$B$2,1,0) -> 1 | AL91: =--(AK91=J91) -> 0
I94: rf_accuracy | J94: =AVERAGE(AL2:AL91) -> 0.54444444
I95: rf_tp | J95: =COUNTIFS(J2:J91,1,AK2:AK91,1) -> 41
I96: rf_tn | J96: =COUNTIFS(J2:J91,0,AK2:AK91,0) -> 8
I97: rf_fp | J97: =COUNTIFS(J2:J91,0,AK2:AK91,1) -> 35
I98: rf_fn | J98: =COUNTIFS(J2:J91,1,AK2:AK91,0) -> 6

Sheet Boosting_Lite
A1: stage | B1: threshold_age | C1: left_mean_residual | D1: right_mean_residual | E1: eta | F1: note | H1: test_id | I1: actual | J1: base_prob | K1: p_after_s1 | L1: p_after_s2 | M1: p_after_s3 | N1: p_after_s4 | O1: p_after_s5 | P1: p_after_s6 | Q1: p_after_s7 | R1: p_after_s8 | S1: p_after_s9 | T1: p_after_s10 | U1: p_after_s11 | V1: p_after_s12 | W1: pred_class | X1: correct
A2: 1 | B2: =ClassTree!$L$2 -> 26 | C2: =AVERAGEIFS(Data!$L$2:$L$301,Data!$M$2:$M$301,"Train",Data!$C$2:$C$301,"<="&B2)-ClassTree!$L$4 -> 0 | D2: =AVERAGEIFS(Data!$L$2:$L$301,Data!$M$2:$M$301,"Train",Data!$C$2:$C$301,">"&B2)-ClassTree!$L$6 -> 0 | E2: =Controls!$B$5 -> 0.2 | F2: Residuals use y - p_prev on train rows. | H2: =Data!A206 -> 205 | I2: =Data!L206 -> 1 | J2: =IF(Data!C206<=ClassTree!$L$2,ClassTree!$L$4,ClassTree!$L$6) -> 0.57978723 | K2: =MIN(0.999,MAX(0.001,J2+INDEX($E$2:$E$13,1)*IF(Data!C206<=INDEX($B$2:$B$13,1),INDEX($C$2:$C$13,1),INDEX($D$2:$D$13,1)))) -> 0.57978723 | L2: =MIN(0.999,MAX(0.001,K2+INDEX($E$2:$E$13,2)*IF(Data!C206<=INDEX($B$2:$B$13,2),INDEX($C$2:$C$13,2),INDEX($D$2:$D$13,2)))) -> 0.57978723 | M2: =MIN(0.999,MAX(0.001,L2+INDEX($E$2:$E$13,3)*IF(Data!C206<=INDEX($B$2:$B$13,3),INDEX($C$2:$C$13,3),INDEX($D$2:$D$13,3)))) -> 0.57978723 | N2: =MIN(0.999,MAX(0.001,M2+INDEX($E$2:$E$13,4)*IF(Data!C206<=INDEX($B$2:$B$13,4),INDEX($C$2:$C$13,4),INDEX($D$2:$D$13,4)))) -> 0.57978723 | O2: =MIN(0.999,MAX(0.001,N2+INDEX($E$2:$E$13,5)*IF(Data!C206<=INDEX($B$2:$B$13,5),INDEX($C$2:$C$13,5),INDEX($D$2:$D$13,5)))) -> 0.57978723 | P2: =MIN(0.999,MAX(0.001,O2+INDEX($E$2:$E$13,6)*IF(Data!C206<=INDEX($B$2:$B$13,6),INDEX($C$2:$C$13,6),INDEX($D$2:$D$13,6)))) -> 0.57978723 | Q2: =MIN(0.999,MAX(0.001,P2+INDEX($E$2:$E$13,7)*IF(Data!C206<=INDEX($B$2:$B$13,7),INDEX($C$2:$C$13,7),INDEX($D$2:$D$13,7)))) -> 0.57978723 | R2: =MIN(0.999,MAX(0.001,Q2+INDEX($E$2:$E$13,8)*IF(Data!C206<=INDEX($B$2:$B$13,8),INDEX($C$2:$C$13,8),INDEX($D$2:$D$13,8)))) -> 0.57978723 | S2: =MIN(0.999,MAX(0.001,R2+INDEX($E$2:$E$13,9)*IF(Data!C206<=INDEX($B$2:$B$13,9),INDEX($C$2:$C$13,9),INDEX($D$2:$D$13,9)))) -> 0.57978723 | T2: =MIN(0.999,MAX(0.001,S2+INDEX($E$2:$E$13,10)*IF(Data!C206<=INDEX($B$2:$B$13,10),INDEX($C$2:$C$13,10),INDEX($D$2:$D$13,10)))) -> 0.57978723 | U2: =MIN(0.999,MAX(0.001,T2+INDEX($E$2:$E$13,11)*IF(Data!C206<=INDEX($B$2:$B$13,11),INDEX($C$2:$C$13,11),INDEX($D$2:$D$13,11)))) -> 0.57978723 | V2: =MIN(0.999,MAX(0.001,U2+INDEX($E$2:$E$13,12)*IF(Data!C206<=INDEX($B$2:$B$13,12),INDEX($C$2:$C$13,12),INDEX($D$2:$D$13,12)))) -> 0.57978723 | W2: =IF(V2>=Controls!$B$2,1,0) -> 1 | X2: =--(W2=I2) -> 1
A3: 2 | B3: =INDEX(ClassTree!A2:A251,1+MOD(3*7,200)) -> 40 | C3: =C2*0.85 -> 0 | D3: =D2*0.85 -> 0 | E3: =Controls!$B$5 -> 0.2 | H3: =Data!A208 -> 207 | I3: =Data!L208 -> 1 | J3: =IF(Data!C208<=ClassTree!$L$2,ClassTree!$L$4,ClassTree!$L$6) -> 0.57978723 | K3: =MIN(0.999,MAX(0.001,J3+INDEX($E$2:$E$13,1)*IF(Data!C208<=INDEX($B$2:$B$13,1),INDEX($C$2:$C$13,1),INDEX($D$2:$D$13,1)))) -> 0.57978723 | L3: =MIN(0.999,MAX(0.001,K3+INDEX($E$2:$E$13,2)*IF(Data!C208<=INDEX($B$2:$B$13,2),INDEX($C$2:$C$13,2),INDEX($D$2:$D$13,2)))) -> 0.57978723 | M3: =MIN(0.999,MAX(0.001,L3+INDEX($E$2:$E$13,3)*IF(Data!C208<=INDEX($B$2:$B$13,3),INDEX($C$2:$C$13,3),INDEX($D$2:$D$13,3)))) -> 0.57978723 | N3: =MIN(0.999,MAX(0.001,M3+INDEX($E$2:$E$13,4)*IF(Data!C208<=INDEX($B$2:$B$13,4),INDEX($C$2:$C$13,4),INDEX($D$2:$D$13,4)))) -> 0.57978723 | O3: =MIN(0.999,MAX(0.001,N3+INDEX($E$2:$E$13,5)*IF(Data!C208<=INDEX($B$2:$B$13,5),INDEX($C$2:$C$13,5),INDEX($D$2:$D$13,5)))) -> 0.57978723 | P3: =MIN(0.999,MAX(0.001,O3+INDEX($E$2:$E$13,6)*IF(Data!C208<=INDEX($B$2:$B$13,6),INDEX($C$2:$C$13,6),INDEX($D$2:$D$13,6)))) -> 0.57978723 | Q3: =MIN(0.999,MAX(0.001,P3+INDEX($E$2:$E$13,7)*IF(Data!C208<=INDEX($B$2:$B$13,7),INDEX($C$2:$C$13,7),INDEX($D$2:$D$13,7)))) -> 0.57978723 | R3: =MIN(0.999,MAX(0.001,Q3+INDEX($E$2:$E$13,8)*IF(Data!C208<=INDEX($B$2:$B$13,8),INDEX($C$2:$C$13,8),INDEX($D$2:$D$13,8)))) -> 0.57978723 | S3: =MIN(0.999,MAX(0.001,R3+INDEX($E$2:$E$13,9)*IF(Data!C208<=INDEX($B$2:$B$13,9),INDEX($C$2:$C$13,9),INDEX($D$2:$D$13,9)))) -> 0.57978723 | T3: =MIN(0.999,MAX(0.001,S3+INDEX($E$2:$E$13,10)*IF(Data!C208<=INDEX($B$2:$B$13,10),INDEX($C$2:$C$13,10),INDEX($D$2:$D$13,10)))) -> 0.57978723 | U3: =MIN(0.999,MAX(0.001,T3+INDEX($E$2:$E$13,11)*IF(Data!C208<=INDEX($B$2:$B$13,11),INDEX($C$2:$C$13,11),INDEX($D$2:$D$13,11)))) -> 0.57978723 | V3: =MIN(0.999,MAX(0.001,U3+INDEX($E$2:$E$13,12)*IF(Data!C208<=INDEX($B$2:$B$13,12),INDEX($C$2:$C$13,12),INDEX($D$2:$D$13,12)))) -> 0.57978723 | W3: =IF(V3>=Controls!$B$2,1,0) -> 1 | X3: =--(W3=I3) -> 1
A4: 3 | B4: =INDEX(ClassTree!A2:A251,1+MOD(4*7,200)) -> 57 | C4: =C3*0.85 -> 0 | D4: =D3*0.85 -> 0 | E4: =Controls!$B$5 -> 0.2 | H4: =Data!A209 -> 208 | I4: =Data!L209 -> 1 | J4: =IF(Data!C209<=ClassTree!$L$2,ClassTree!$L$4,ClassTree!$L$6) -> 0.57978723 | K4: =MIN(0.999,MAX(0.001,J4+INDEX($E$2:$E$13,1)*IF(Data!C209<=INDEX($B$2:$B$13,1),INDEX($C$2:$C$13,1),INDEX($D$2:$D$13,1)))) -> 0.57978723 | L4: =MIN(0.999,MAX(0.001,K4+INDEX($E$2:$E$13,2)*IF(Data!C209<=INDEX($B$2:$B$13,2),INDEX($C$2:$C$13,2),INDEX($D$2:$D$13,2)))) -> 0.57978723 | M4: =MIN(0.999,MAX(0.001,L4+INDEX($E$2:$E$13,3)*IF(Data!C209<=INDEX($B$2:$B$13,3),INDEX($C$2:$C$13,3),INDEX($D$2:$D$13,3)))) -> 0.57978723 | N4: =MIN(0.999,MAX(0.001,M4+INDEX($E$2:$E$13,4)*IF(Data!C209<=INDEX($B$2:$B$13,4),INDEX($C$2:$C$13,4),INDEX($D$2:$D$13,4)))) -> 0.57978723 | O4: =MIN(0.999,MAX(0.001,N4+INDEX($E$2:$E$13,5)*IF(Data!C209<=INDEX($B$2:$B$13,5),INDEX($C$2:$C$13,5),INDEX($D$2:$D$13,5)))) -> 0.57978723 | P4: =MIN(0.999,MAX(0.001,O4+INDEX($E$2:$E$13,6)*IF(Data!C209<=INDEX($B$2:$B$13,6),INDEX($C$2:$C$13,6),INDEX($D$2:$D$13,6)))) -> 0.57978723 | Q4: =MIN(0.999,MAX(0.001,P4+INDEX($E$2:$E$13,7)*IF(Data!C209<=INDEX($B$2:$B$13,7),INDEX($C$2:$C$13,7),INDEX($D$2:$D$13,7)))) -> 0.57978723 | R4: =MIN(0.999,MAX(0.001,Q4+INDEX($E$2:$E$13,8)*IF(Data!C209<=INDEX($B$2:$B$13,8),INDEX($C$2:$C$13,8),INDEX($D$2:$D$13,8)))) -> 0.57978723 | S4: =MIN(0.999,MAX(0.001,R4+INDEX($E$2:$E$13,9)*IF(Data!C209<=INDEX($B$2:$B$13,9),INDEX($C$2:$C$13,9),INDEX($D$2:$D$13,9)))) -> 0.57978723 | T4: =MIN(0.999,MAX(0.001,S4+INDEX($E$2:$E$13,10)*IF(Data!C209<=INDEX($B$2:$B$13,10),INDEX($C$2:$C$13,10),INDEX($D$2:$D$13,10)))) -> 0.57978723 | U4: =MIN(0.999,MAX(0.001,T4+INDEX($E$2:$E$13,11)*IF(Data!C209<=INDEX($B$2:$B$13,11),INDEX($C$2:$C$13,11),INDEX($D$2:$D$13,11)))) -> 0.57978723 | V4: =MIN(0.999,MAX(0.001,U4+INDEX($E$2:$E$13,12)*IF(Data!C209<=INDEX($B$2:$B$13,12),INDEX($C$2:$C$13,12),INDEX($D$2:$D$13,12)))) -> 0.57978723 | W4: =IF(V4>=Controls!$B$2,1,0) -> 1 | X4: =--(W4=I4) -> 1
A5: 4 | B5: =INDEX(ClassTree!A2:A251,1+MOD(5*7,200)) -> 56 | C5: =C4*0.85 -> 0 | D5: =D4*0.85 -> 0 | E5: =Controls!$B$5 -> 0.2 | H5: =Data!A210 -> 209 | I5: =Data!L210 -> 1 | J5: =IF(Data!C210<=ClassTree!$L$2,ClassTree!$L$4,ClassTree!$L$6) -> 0.57978723 | K5: =MIN(0.999,MAX(0.001,J5+INDEX($E$2:$E$13,1)*IF(Data!C210<=INDEX($B$2:$B$13,1),INDEX($C$2:$C$13,1),INDEX($D$2:$D$13,1)))) -> 0.57978723 | L5: =MIN(0.999,MAX(0.001,K5+INDEX($E$2:$E$13,2)*IF(Data!C210<=INDEX($B$2:$B$13,2),INDEX($C$2:$C$13,2),INDEX($D$2:$D$13,2)))) -> 0.57978723 | M5: =MIN(0.999,MAX(0.001,L5+INDEX($E$2:$E$13,3)*IF(Data!C210<=INDEX($B$2:$B$13,3),INDEX($C$2:$C$13,3),INDEX($D$2:$D$13,3)))) -> 0.57978723 | N5: =MIN(0.999,MAX(0.001,M5+INDEX($E$2:$E$13,4)*IF(Data!C210<=INDEX($B$2:$B$13,4),INDEX($C$2:$C$13,4),INDEX($D$2:$D$13,4)))) -> 0.57978723 | O5: =MIN(0.999,MAX(0.001,N5+INDEX($E$2:$E$13,5)*IF(Data!C210<=INDEX($B$2:$B$13,5),INDEX($C$2:$C$13,5),INDEX($D$2:$D$13,5)))) -> 0.57978723 | P5: =MIN(0.999,MAX(0.001,O5+INDEX($E$2:$E$13,6)*IF(Data!C210<=INDEX($B$2:$B$13,6),INDEX($C$2:$C$13,6),INDEX($D$2:$D$13,6)))) -> 0.57978723 | Q5: =MIN(0.999,MAX(0.001,P5+INDEX($E$2:$E$13,7)*IF(Data!C210<=INDEX($B$2:$B$13,7),INDEX($C$2:$C$13,7),INDEX($D$2:$D$13,7)))) -> 0.57978723 | R5: =MIN(0.999,MAX(0.001,Q5+INDEX($E$2:$E$13,8)*IF(Data!C210<=INDEX($B$2:$B$13,8),INDEX($C$2:$C$13,8),INDEX($D$2:$D$13,8)))) -> 0.57978723 | S5: =MIN(0.999,MAX(0.001,R5+INDEX($E$2:$E$13,9)*IF(Data!C210<=INDEX($B$2:$B$13,9),INDEX($C$2:$C$13,9),INDEX($D$2:$D$13,9)))) -> 0.57978723 | T5: =MIN(0.999,MAX(0.001,S5+INDEX($E$2:$E$13,10)*IF(Data!C210<=INDEX($B$2:$B$13,10),INDEX($C$2:$C$13,10),INDEX($D$2:$D$13,10)))) -> 0.57978723 | U5: =MIN(0.999,MAX(0.001,T5+INDEX($E$2:$E$13,11)*IF(Data!C210<=INDEX($B$2:$B$13,11),INDEX($C$2:$C$13,11),INDEX($D$2:$D$13,11)))) -> 0.57978723 | V5: =MIN(0.999,MAX(0.001,U5+INDEX($E$2:$E$13,12)*IF(Data!C210<=INDEX($B$2:$B$13,12),INDEX($C$2:$C$13,12),INDEX($D$2:$D$13,12)))) -> 0.57978723 | W5: =IF(V5>=Controls!$B$2,1,0) -> 1 | X5: =--(W5=I5) -> 1
A6: 5 | B6: =INDEX(ClassTree!A2:A251,1+MOD(6*7,200)) -> 43 | C6: =C5*0.85 -> 0 | D6: =D5*0.85 -> 0 | E6: =Controls!$B$5 -> 0.2 | H6: =Data!A212 -> 211 | I6: =Data!L212 -> 1 | J6: =IF(Data!C212<=ClassTree!$L$2,ClassTree!$L$4,ClassTree!$L$6) -> 0.57978723 | K6: =MIN(0.999,MAX(0.001,J6+INDEX($E$2:$E$13,1)*IF(Data!C212<=INDEX($B$2:$B$13,1),INDEX($C$2:$C$13,1),INDEX($D$2:$D$13,1)))) -> 0.57978723 | L6: =MIN(0.999,MAX(0.001,K6+INDEX($E$2:$E$13,2)*IF(Data!C212<=INDEX($B$2:$B$13,2),INDEX($C$2:$C$13,2),INDEX($D$2:$D$13,2)))) -> 0.57978723 | M6: =MIN(0.999,MAX(0.001,L6+INDEX($E$2:$E$13,3)*IF(Data!C212<=INDEX($B$2:$B$13,3),INDEX($C$2:$C$13,3),INDEX($D$2:$D$13,3)))) -> 0.57978723 | N6: =MIN(0.999,MAX(0.001,M6+INDEX($E$2:$E$13,4)*IF(Data!C212<=INDEX($B$2:$B$13,4),INDEX($C$2:$C$13,4),INDEX($D$2:$D$13,4)))) -> 0.57978723 | O6: =MIN(0.999,MAX(0.001,N6+INDEX($E$2:$E$13,5)*IF(Data!C212<=INDEX($B$2:$B$13,5),INDEX($C$2:$C$13,5),INDEX($D$2:$D$13,5)))) -> 0.57978723 | P6: =MIN(0.999,MAX(0.001,O6+INDEX($E$2:$E$13,6)*IF(Data!C212<=INDEX($B$2:$B$13,6),INDEX($C$2:$C$13,6),INDEX($D$2:$D$13,6)))) -> 0.57978723 | Q6: =MIN(0.999,MAX(0.001,P6+INDEX($E$2:$E$13,7)*IF(Data!C212<=INDEX($B$2:$B$13,7),INDEX($C$2:$C$13,7),INDEX($D$2:$D$13,7)))) -> 0.57978723 | R6: =MIN(0.999,MAX(0.001,Q6+INDEX($E$2:$E$13,8)*IF(Data!C212<=INDEX($B$2:$B$13,8),INDEX($C$2:$C$13,8),INDEX($D$2:$D$13,8)))) -> 0.57978723 | S6: =MIN(0.999,MAX(0.001,R6+INDEX($E$2:$E$13,9)*IF(Data!C212<=INDEX($B$2:$B$13,9),INDEX($C$2:$C$13,9),INDEX($D$2:$D$13,9)))) -> 0.57978723 | T6: =MIN(0.999,MAX(0.001,S6+INDEX($E$2:$E$13,10)*IF(Data!C212<=INDEX($B$2:$B$13,10),INDEX($C$2:$C$13,10),INDEX($D$2:$D$13,10)))) -> 0.57978723 | U6: =MIN(0.999,MAX(0.001,T6+INDEX($E$2:$E$13,11)*IF(Data!C212<=INDEX($B$2:$B$13,11),INDEX($C$2:$C$13,11),INDEX($D$2:$D$13,11)))) -> 0.57978723 | V6: =MIN(0.999,MAX(0.001,U6+INDEX($E$2:$E$13,12)*IF(Data!C212<=INDEX($B$2:$B$13,12),INDEX($C$2:$C$13,12),INDEX($D$2:$D$13,12)))) -> 0.57978723 | W6: =IF(V6>=Controls!$B$2,1,0) -> 1 | X6: =--(W6=I6) -> 1
A7: 6 | B7: =INDEX(ClassTree!A2:A251,1+MOD(7*7,200)) -> 33 | C7: =C6*0.85 -> 0 | D7: =D6*0.85 -> 0 | E7: =Controls!$B$5 -> 0.2 | H7: =Data!A214 -> 213 | I7: =Data!L214 -> 1 | J7: =IF(Data!C214<=ClassTree!$L$2,ClassTree!$L$4,ClassTree!$L$6) -> 0.57978723 | K7: =MIN(0.999,MAX(0.001,J7+INDEX($E$2:$E$13,1)*IF(Data!C214<=INDEX($B$2:$B$13,1),INDEX($C$2:$C$13,1),INDEX($D$2:$D$13,1)))) -> 0.57978723 | L7: =MIN(0.999,MAX(0.001,K7+INDEX($E$2:$E$13,2)*IF(Data!C214<=INDEX($B$2:$B$13,2),INDEX($C$2:$C$13,2),INDEX($D$2:$D$13,2)))) -> 0.57978723 | M7: =MIN(0.999,MAX(0.001,L7+INDEX($E$2:$E$13,3)*IF(Data!C214<=INDEX($B$2:$B$13,3),INDEX($C$2:$C$13,3),INDEX($D$2:$D$13,3)))) -> 0.57978723 | N7: =MIN(0.999,MAX(0.001,M7+INDEX($E$2:$E$13,4)*IF(Data!C214<=INDEX($B$2:$B$13,4),INDEX($C$2:$C$13,4),INDEX($D$2:$D$13,4)))) -> 0.57978723 | O7: =MIN(0.999,MAX(0.001,N7+INDEX($E$2:$E$13,5)*IF(Data!C214<=INDEX($B$2:$B$13,5),INDEX($C$2:$C$13,5),INDEX($D$2:$D$13,5)))) -> 0.57978723 | P7: =MIN(0.999,MAX(0.001,O7+INDEX($E$2:$E$13,6)*IF(Data!C214<=INDEX($B$2:$B$13,6),INDEX($C$2:$C$13,6),INDEX($D$2:$D$13,6)))) -> 0.57978723 | Q7: =MIN(0.999,MAX(0.001,P7+INDEX($E$2:$E$13,7)*IF(Data!C214<=INDEX($B$2:$B$13,7),INDEX($C$2:$C$13,7),INDEX($D$2:$D$13,7)))) -> 0.57978723 | R7: =MIN(0.999,MAX(0.001,Q7+INDEX($E$2:$E$13,8)*IF(Data!C214<=INDEX($B$2:$B$13,8),INDEX($C$2:$C$13,8),INDEX($D$2:$D$13,8)))) -> 0.57978723 | S7: =MIN(0.999,MAX(0.001,R7+INDEX($E$2:$E$13,9)*IF(Data!C214<=INDEX($B$2:$B$13,9),INDEX($C$2:$C$13,9),INDEX($D$2:$D$13,9)))) -> 0.57978723 | T7: =MIN(0.999,MAX(0.001,S7+INDEX($E$2:$E$13,10)*IF(Data!C214<=INDEX($B$2:$B$13,10),INDEX($C$2:$C$13,10),INDEX($D$2:$D$13,10)))) -> 0.57978723 | U7: =MIN(0.999,MAX(0.001,T7+INDEX($E$2:$E$13,11)*IF(Data!C214<=INDEX($B$2:$B$13,11),INDEX($C$2:$C$13,11),INDEX($D$2:$D$13,11)))) -> 0.57978723 | V7: =MIN(0.999,MAX(0.001,U7+INDEX($E$2:$E$13,12)*IF(Data!C214<=INDEX($B$2:$B$13,12),INDEX($C$2:$C$13,12),INDEX($D$2:$D$13,12)))) -> 0.57978723 | W7: =IF(V7>=Controls!$B$2,1,0) -> 1 | X7: =--(W7=I7) -> 1
A8: 7 | B8: =INDEX(ClassTree!A2:A251,1+MOD(8*7,200)) -> 59 | C8: =C7*0.85 -> 0 | D8: =D7*0.85 -> 0 | E8: =Controls!$B$5 -> 0.2 | H8: =Data!A215 -> 214 | I8: =Data!L215 -> 1 | J8: =IF(Data!C215<=ClassTree!$L$2,ClassTree!$L$4,ClassTree!$L$6) -> 0.57978723 | K8: =MIN(0.999,MAX(0.001,J8+INDEX($E$2:$E$13,1)*IF(Data!C215<=INDEX($B$2:$B$13,1),INDEX($C$2:$C$13,1),INDEX($D$2:$D$13,1)))) -> 0.57978723 | L8: =MIN(0.999,MAX(0.001,K8+INDEX($E$2:$E$13,2)*IF(Data!C215<=INDEX($B$2:$B$13,2),INDEX($C$2:$C$13,2),INDEX($D$2:$D$13,2)))) -> 0.57978723 | M8: =MIN(0.999,MAX(0.001,L8+INDEX($E$2:$E$13,3)*IF(Data!C215<=INDEX($B$2:$B$13,3),INDEX($C$2:$C$13,3),INDEX($D$2:$D$13,3)))) -> 0.57978723 | N8: =MIN(0.999,MAX(0.001,M8+INDEX($E$2:$E$13,4)*IF(Data!C215<=INDEX($B$2:$B$13,4),INDEX($C$2:$C$13,4),INDEX($D$2:$D$13,4)))) -> 0.57978723 | O8: =MIN(0.999,MAX(0.001,N8+INDEX($E$2:$E$13,5)*IF(Data!C215<=INDEX($B$2:$B$13,5),INDEX($C$2:$C$13,5),INDEX($D$2:$D$13,5)))) -> 0.57978723 | P8: =MIN(0.999,MAX(0.001,O8+INDEX($E$2:$E$13,6)*IF(Data!C215<=INDEX($B$2:$B$13,6),INDEX($C$2:$C$13,6),INDEX($D$2:$D$13,6)))) -> 0.57978723 | Q8: =MIN(0.999,MAX(0.001,P8+INDEX($E$2:$E$13,7)*IF(Data!C215<=INDEX($B$2:$B$13,7),INDEX($C$2:$C$13,7),INDEX($D$2:$D$13,7)))) -> 0.57978723 | R8: =MIN(0.999,MAX(0.001,Q8+INDEX($E$2:$E$13,8)*IF(Data!C215<=INDEX($B$2:$B$13,8),INDEX($C$2:$C$13,8),INDEX($D$2:$D$13,8)))) -> 0.57978723 | S8: =MIN(0.999,MAX(0.001,R8+INDEX($E$2:$E$13,9)*IF(Data!C215<=INDEX($B$2:$B$13,9),INDEX($C$2:$C$13,9),INDEX($D$2:$D$13,9)))) -> 0.57978723 | T8: =MIN(0.999,MAX(0.001,S8+INDEX($E$2:$E$13,10)*IF(Data!C215<=INDEX($B$2:$B$13,10),INDEX($C$2:$C$13,10),INDEX($D$2:$D$13,10)))) -> 0.57978723 | U8: =MIN(0.999,MAX(0.001,T8+INDEX($E$2:$E$13,11)*IF(Data!C215<=INDEX($B$2:$B$13,11),INDEX($C$2:$C$13,11),INDEX($D$2:$D$13,11)))) -> 0.57978723 | V8: =MIN(0.999,MAX(0.001,U8+INDEX($E$2:$E$13,12)*IF(Data!C215<=INDEX($B$2:$B$13,12),INDEX($C$2:$C$13,12),INDEX($D$2:$D$13,12)))) -> 0.57978723 | W8: =IF(V8>=Controls!$B$2,1,0) -> 1 | X8: =--(W8=I8) -> 1
A9: 8 | B9: =INDEX(ClassTree!A2:A251,1+MOD(9*7,200)) -> 41 | C9: =C8*0.85 -> 0 | D9: =D8*0.85 -> 0 | E9: =Controls!$B$5 -> 0.2 | H9: =Data!A217 -> 216 | I9: =Data!L217 -> 1 | J9: =IF(Data!C217<=ClassTree!$L$2,ClassTree!$L$4,ClassTree!$L$6) -> 0.57978723 | K9: =MIN(0.999,MAX(0.001,J9+INDEX($E$2:$E$13,1)*IF(Data!C217<=INDEX($B$2:$B$13,1),INDEX($C$2:$C$13,1),INDEX($D$2:$D$13,1)))) -> 0.57978723 | L9: =MIN(0.999,MAX(0.001,K9+INDEX($E$2:$E$13,2)*IF(Data!C217<=INDEX($B$2:$B$13,2),INDEX($C$2:$C$13,2),INDEX($D$2:$D$13,2)))) -> 0.57978723 | M9: =MIN(0.999,MAX(0.001,L9+INDEX($E$2:$E$13,3)*IF(Data!C217<=INDEX($B$2:$B$13,3),INDEX($C$2:$C$13,3),INDEX($D$2:$D$13,3)))) -> 0.57978723 | N9: =MIN(0.999,MAX(0.001,M9+INDEX($E$2:$E$13,4)*IF(Data!C217<=INDEX($B$2:$B$13,4),INDEX($C$2:$C$13,4),INDEX($D$2:$D$13,4)))) -> 0.57978723 | O9: =MIN(0.999,MAX(0.001,N9+INDEX($E$2:$E$13,5)*IF(Data!C217<=INDEX($B$2:$B$13,5),INDEX($C$2:$C$13,5),INDEX($D$2:$D$13,5)))) -> 0.57978723 | P9: =MIN(0.999,MAX(0.001,O9+INDEX($E$2:$E$13,6)*IF(Data!C217<=INDEX($B$2:$B$13,6),INDEX($C$2:$C$13,6),INDEX($D$2:$D$13,6)))) -> 0.57978723 | Q9: =MIN(0.999,MAX(0.001,P9+INDEX($E$2:$E$13,7)*IF(Data!C217<=INDEX($B$2:$B$13,7),INDEX($C$2:$C$13,7),INDEX($D$2:$D$13,7)))) -> 0.57978723 | R9: =MIN(0.999,MAX(0.001,Q9+INDEX($E$2:$E$13,8)*IF(Data!C217<=INDEX($B$2:$B$13,8),INDEX($C$2:$C$13,8),INDEX($D$2:$D$13,8)))) -> 0.57978723 | S9: =MIN(0.999,MAX(0.001,R9+INDEX($E$2:$E$13,9)*IF(Data!C217<=INDEX($B$2:$B$13,9),INDEX($C$2:$C$13,9),INDEX($D$2:$D$13,9)))) -> 0.57978723 | T9: =MIN(0.999,MAX(0.001,S9+INDEX($E$2:$E$13,10)*IF(Data!C217<=INDEX($B$2:$B$13,10),INDEX($C$2:$C$13,10),INDEX($D$2:$D$13,10)))) -> 0.57978723 | U9: =MIN(0.999,MAX(0.001,T9+INDEX($E$2:$E$13,11)*IF(Data!C217<=INDEX($B$2:$B$13,11),INDEX($C$2:$C$13,11),INDEX($D$2:$D$13,11)))) -> 0.57978723 | V9: =MIN(0.999,MAX(0.001,U9+INDEX($E$2:$E$13,12)*IF(Data!C217<=INDEX($B$2:$B$13,12),INDEX($C$2:$C$13,12),INDEX($D$2:$D$13,12)))) -> 0.57978723 | W9: =IF(V9>=Controls!$B$2,1,0) -> 1 | X9: =--(W9=I9) -> 1
A10: 9 | B10: =INDEX(ClassTree!A2:A251,1+MOD(10*7,200)) -> 58 | C10: =C9*0.85 -> 0 | D10: =D9*0.85 -> 0 | E10: =Controls!$B$5 -> 0.2 | H10: =Data!A218 -> 217 | I10: =Data!L218 -> 1 | J10: =IF(Data!C218<=ClassTree!$L$2,ClassTree!$L$4,ClassTree!$L$6) -> 0.57978723 | K10: =MIN(0.999,MAX(0.001,J10+INDEX($E$2:$E$13,1)*IF(Data!C218<=INDEX($B$2:$B$13,1),INDEX($C$2:$C$13,1),INDEX($D$2:$D$13,1)))) -> 0.57978723 | L10: =MIN(0.999,MAX(0.001,K10+INDEX($E$2:$E$13,2)*IF(Data!C218<=INDEX($B$2:$B$13,2),INDEX($C$2:$C$13,2),INDEX($D$2:$D$13,2)))) -> 0.57978723 | M10: =MIN(0.999,MAX(0.001,L10+INDEX($E$2:$E$13,3)*IF(Data!C218<=INDEX($B$2:$B$13,3),INDEX($C$2:$C$13,3),INDEX($D$2:$D$13,3)))) -> 0.57978723 | N10: =MIN(0.999,MAX(0.001,M10+INDEX($E$2:$E$13,4)*IF(Data!C218<=INDEX($B$2:$B$13,4),INDEX($C$2:$C$13,4),INDEX($D$2:$D$13,4)))) -> 0.57978723 | O10: =MIN(0.999,MAX(0.001,N10+INDEX($E$2:$E$13,5)*IF(Data!C218<=INDEX($B$2:$B$13,5),INDEX($C$2:$C$13,5),INDEX($D$2:$D$13,5)))) -> 0.57978723 | P10: =MIN(0.999,MAX(0.001,O10+INDEX($E$2:$E$13,6)*IF(Data!C218<=INDEX($B$2:$B$13,6),INDEX($C$2:$C$13,6),INDEX($D$2:$D$13,6)))) -> 0.57978723 | Q10: =MIN(0.999,MAX(0.001,P10+INDEX($E$2:$E$13,7)*IF(Data!C218<=INDEX($B$2:$B$13,7),INDEX($C$2:$C$13,7),INDEX($D$2:$D$13,7)))) -> 0.57978723 | R10: =MIN(0.999,MAX(0.001,Q10+INDEX($E$2:$E$13,8)*IF(Data!C218<=INDEX($B$2:$B$13,8),INDEX($C$2:$C$13,8),INDEX($D$2:$D$13,8)))) -> 0.57978723 | S10: =MIN(0.999,MAX(0.001,R10+INDEX($E$2:$E$13,9)*IF(Data!C218<=INDEX($B$2:$B$13,9),INDEX($C$2:$C$13,9),INDEX($D$2:$D$13,9)))) -> 0.57978723 | T10: =MIN(0.999,MAX(0.001,S10+INDEX($E$2:$E$13,10)*IF(Data!C218<=INDEX($B$2:$B$13,10),INDEX($C$2:$C$13,10),INDEX($D$2:$D$13,10)))) -> 0.57978723 | U10: =MIN(0.999,MAX(0.001,T10+INDEX($E$2:$E$13,11)*IF(Data!C218<=INDEX($B$2:$B$13,11),INDEX($C$2:$C$13,11),INDEX($D$2:$D$13,11)))) -> 0.57978723 | V10: =MIN(0.999,MAX(0.001,U10+INDEX($E$2:$E$13,12)*IF(Data!C218<=INDEX($B$2:$B$13,12),INDEX($C$2:$C$13,12),INDEX($D$2:$D$13,12)))) -> 0.57978723 | W10: =IF(V10>=Controls!$B$2,1,0) -> 1 | X10: =--(W10=I10) -> 1
A11: 10 | B11: =INDEX(ClassTree!A2:A251,1+MOD(11*7,200)) -> 23 | C11: =C10*0.85 -> 0 | D11: =D10*0.85 -> 0 | E11: =Controls!$B$5 -> 0.2 | H11: =Data!A220 -> 219 | I11: =Data!L220 -> 1 | J11: =IF(Data!C220<=ClassTree!$L$2,ClassTree!$L$4,ClassTree!$L$6) -> 0.57978723 | K11: =MIN(0.999,MAX(0.001,J11+INDEX($E$2:$E$13,1)*IF(Data!C220<=INDEX($B$2:$B$13,1),INDEX($C$2:$C$13,1),INDEX($D$2:$D$13,1)))) -> 0.57978723 | L11: =MIN(0.999,MAX(0.001,K11+INDEX($E$2:$E$13,2)*IF(Data!C220<=INDEX($B$2:$B$13,2),INDEX($C$2:$C$13,2),INDEX($D$2:$D$13,2)))) -> 0.57978723 | M11: =MIN(0.999,MAX(0.001,L11+INDEX($E$2:$E$13,3)*IF(Data!C220<=INDEX($B$2:$B$13,3),INDEX($C$2:$C$13,3),INDEX($D$2:$D$13,3)))) -> 0.57978723 | N11: =MIN(0.999,MAX(0.001,M11+INDEX($E$2:$E$13,4)*IF(Data!C220<=INDEX($B$2:$B$13,4),INDEX($C$2:$C$13,4),INDEX($D$2:$D$13,4)))) -> 0.57978723 | O11: =MIN(0.999,MAX(0.001,N11+INDEX($E$2:$E$13,5)*IF(Data!C220<=INDEX($B$2:$B$13,5),INDEX($C$2:$C$13,5),INDEX($D$2:$D$13,5)))) -> 0.57978723 | P11: =MIN(0.999,MAX(0.001,O11+INDEX($E$2:$E$13,6)*IF(Data!C220<=INDEX($B$2:$B$13,6),INDEX($C$2:$C$13,6),INDEX($D$2:$D$13,6)))) -> 0.57978723 | Q11: =MIN(0.999,MAX(0.001,P11+INDEX($E$2:$E$13,7)*IF(Data!C220<=INDEX($B$2:$B$13,7),INDEX($C$2:$C$13,7),INDEX($D$2:$D$13,7)))) -> 0.57978723 | R11: =MIN(0.999,MAX(0.001,Q11+INDEX($E$2:$E$13,8)*IF(Data!C220<=INDEX($B$2:$B$13,8),INDEX($C$2:$C$13,8),INDEX($D$2:$D$13,8)))) -> 0.57978723 | S11: =MIN(0.999,MAX(0.001,R11+INDEX($E$2:$E$13,9)*IF(Data!C220<=INDEX($B$2:$B$13,9),INDEX($C$2:$C$13,9),INDEX($D$2:$D$13,9)))) -> 0.57978723 | T11: =MIN(0.999,MAX(0.001,S11+INDEX($E$2:$E$13,10)*IF(Data!C220<=INDEX($B$2:$B$13,10),INDEX($C$2:$C$13,10),INDEX($D$2:$D$13,10)))) -> 0.57978723 | U11: =MIN(0.999,MAX(0.001,T11+INDEX($E$2:$E$13,11)*IF(Data!C220<=INDEX($B$2:$B$13,11),INDEX($C$2:$C$13,11),INDEX($D$2:$D$13,11)))) -> 0.57978723 | V11: =MIN(0.999,MAX(0.001,U11+INDEX($E$2:$E$13,12)*IF(Data!C220<=INDEX($B$2:$B$13,12),INDEX($C$2:$C$13,12),INDEX($D$2:$D$13,12)))) -> 0.57978723 | W11: =IF(V11>=Controls!$B$2,1,0) -> 1 | X11: =--(W11=I11) -> 1
A12: 11 | B12: =INDEX(ClassTree!A2:A251,1+MOD(12*7,200)) -> 42 | C12: =C11*0.85 -> 0 | D12: =D11*0.85 -> 0 | E12: =Controls!$B$5 -> 0.2 | H12: =Data!A222 -> 221 | I12: =Data!L222 -> 0 | J12: =IF(Data!C222<=ClassTree!$L$2,ClassTree!$L$4,ClassTree!$L$6) -> 0.57978723 | K12: =MIN(0.999,MAX(0.001,J12+INDEX($E$2:$E$13,1)*IF(Data!C222<=INDEX($B$2:$B$13,1),INDEX($C$2:$C$13,1),INDEX($D$2:$D$13,1)))) -> 0.57978723 | L12: =MIN(0.999,MAX(0.001,K12+INDEX($E$2:$E$13,2)*IF(Data!C222<=INDEX($B$2:$B$13,2),INDEX($C$2:$C$13,2),INDEX($D$2:$D$13,2)))) -> 0.57978723 | M12: =MIN(0.999,MAX(0.001,L12+INDEX($E$2:$E$13,3)*IF(Data!C222<=INDEX($B$2:$B$13,3),INDEX($C$2:$C$13,3),INDEX($D$2:$D$13,3)))) -> 0.57978723 | N12: =MIN(0.999,MAX(0.001,M12+INDEX($E$2:$E$13,4)*IF(Data!C222<=INDEX($B$2:$B$13,4),INDEX($C$2:$C$13,4),INDEX($D$2:$D$13,4)))) -> 0.57978723 | O12: =MIN(0.999,MAX(0.001,N12+INDEX($E$2:$E$13,5)*IF(Data!C222<=INDEX($B$2:$B$13,5),INDEX($C$2:$C$13,5),INDEX($D$2:$D$13,5)))) -> 0.57978723 | P12: =MIN(0.999,MAX(0.001,O12+INDEX($E$2:$E$13,6)*IF(Data!C222<=INDEX($B$2:$B$13,6),INDEX($C$2:$C$13,6),INDEX($D$2:$D$13,6)))) -> 0.57978723 | Q12: =MIN(0.999,MAX(0.001,P12+INDEX($E$2:$E$13,7)*IF(Data!C222<=INDEX($B$2:$B$13,7),INDEX($C$2:$C$13,7),INDEX($D$2:$D$13,7)))) -> 0.57978723 | R12: =MIN(0.999,MAX(0.001,Q12+INDEX($E$2:$E$13,8)*IF(Data!C222<=INDEX($B$2:$B$13,8),INDEX($C$2:$C$13,8),INDEX($D$2:$D$13,8)))) -> 0.57978723 | S12: =MIN(0.999,MAX(0.001,R12+INDEX($E$2:$E$13,9)*IF(Data!C222<=INDEX($B$2:$B$13,9),INDEX($C$2:$C$13,9),INDEX($D$2:$D$13,9)))) -> 0.57978723 | T12: =MIN(0.999,MAX(0.001,S12+INDEX($E$2:$E$13,10)*IF(Data!C222<=INDEX($B$2:$B$13,10),INDEX($C$2:$C$13,10),INDEX($D$2:$D$13,10)))) -> 0.57978723 | U12: =MIN(0.999,MAX(0.001,T12+INDEX($E$2:$E$13,11)*IF(Data!C222<=INDEX($B$2:$B$13,11),INDEX($C$2:$C$13,11),INDEX($D$2:$D$13,11)))) -> 0.57978723 | V12: =MIN(0.999,MAX(0.001,U12+INDEX($E$2:$E$13,12)*IF(Data!C222<=INDEX($B$2:$B$13,12),INDEX($C$2:$C$13,12),INDEX($D$2:$D$13,12)))) -> 0.57978723 | W12: =IF(V12>=Controls!$B$2,1,0) -> 1 | X12: =--(W12=I12) -> 0
A13: 12 | B13: =INDEX(ClassTree!A2:A251,1+MOD(13*7,200)) -> 46 | C13: =C12*0.85 -> 0 | D13: =D12*0.85 -> 0 | E13: =Controls!$B$5 -> 0.2 | H13: =Data!A223 -> 222 | I13: =Data!L223 -> 0 | J13: =IF(Data!C223<=ClassTree!$L$2,ClassTree!$L$4,ClassTree!$L$6) -> 0.57978723 | K13: =MIN(0.999,MAX(0.001,J13+INDEX($E$2:$E$13,1)*IF(Data!C223<=INDEX($B$2:$B$13,1),INDEX($C$2:$C$13,1),INDEX($D$2:$D$13,1)))) -> 0.57978723 | L13: =MIN(0.999,MAX(0.001,K13+INDEX($E$2:$E$13,2)*IF(Data!C223<=INDEX($B$2:$B$13,2),INDEX($C$2:$C$13,2),INDEX($D$2:$D$13,2)))) -> 0.57978723 | M13: =MIN(0.999,MAX(0.001,L13+INDEX($E$2:$E$13,3)*IF(Data!C223<=INDEX($B$2:$B$13,3),INDEX($C$2:$C$13,3),INDEX($D$2:$D$13,3)))) -> 0.57978723 | N13: =MIN(0.999,MAX(0.001,M13+INDEX($E$2:$E$13,4)*IF(Data!C223<=INDEX($B$2:$B$13,4),INDEX($C$2:$C$13,4),INDEX($D$2:$D$13,4)))) -> 0.57978723 | O13: =MIN(0.999,MAX(0.001,N13+INDEX($E$2:$E$13,5)*IF(Data!C223<=INDEX($B$2:$B$13,5),INDEX($C$2:$C$13,5),INDEX($D$2:$D$13,5)))) -> 0.57978723 | P13: =MIN(0.999,MAX(0.001,O13+INDEX($E$2:$E$13,6)*IF(Data!C223<=INDEX($B$2:$B$13,6),INDEX($C$2:$C$13,6),INDEX($D$2:$D$13,6)))) -> 0.57978723 | Q13: =MIN(0.999,MAX(0.001,P13+INDEX($E$2:$E$13,7)*IF(Data!C223<=INDEX($B$2:$B$13,7),INDEX($C$2:$C$13,7),INDEX($D$2:$D$13,7)))) -> 0.57978723 | R13: =MIN(0.999,MAX(0.001,Q13+INDEX($E$2:$E$13,8)*IF(Data!C223<=INDEX($B$2:$B$13,8),INDEX($C$2:$C$13,8),INDEX($D$2:$D$13,8)))) -> 0.57978723 | S13: =MIN(0.999,MAX(0.001,R13+INDEX($E$2:$E$13,9)*IF(Data!C223<=INDEX($B$2:$B$13,9),INDEX($C$2:$C$13,9),INDEX($D$2:$D$13,9)))) -> 0.57978723 | T13: =MIN(0.999,MAX(0.001,S13+INDEX($E$2:$E$13,10)*IF(Data!C223<=INDEX($B$2:$B$13,10),INDEX($C$2:$C$13,10),INDEX($D$2:$D$13,10)))) -> 0.57978723 | U13: =MIN(0.999,MAX(0.001,T13+INDEX($E$2:$E$13,11)*IF(Data!C223<=INDEX($B$2:$B$13,11),INDEX($C$2:$C$13,11),INDEX($D$2:$D$13,11)))) -> 0.57978723 | V13: =MIN(0.999,MAX(0.001,U13+INDEX($E$2:$E$13,12)*IF(Data!C223<=INDEX($B$2:$B$13,12),INDEX($C$2:$C$13,12),INDEX($D$2:$D$13,12)))) -> 0.57978723 | W13: =IF(V13>=Controls!$B$2,1,0) -> 1 | X13: =--(W13=I13) -> 0
H14: =Data!A224 -> 223 | I14: =Data!L224 -> 0 | J14: =IF(Data!C224<=ClassTree!$L$2,ClassTree!$L$4,ClassTree!$L$6) -> 0.57978723 | K14: =MIN(0.999,MAX(0.001,J14+INDEX($E$2:$E$13,1)*IF(Data!C224<=INDEX($B$2:$B$13,1),INDEX($C$2:$C$13,1),INDEX($D$2:$D$13,1)))) -> 0.57978723 | L14: =MIN(0.999,MAX(0.001,K14+INDEX($E$2:$E$13,2)*IF(Data!C224<=INDEX($B$2:$B$13,2),INDEX($C$2:$C$13,2),INDEX($D$2:$D$13,2)))) -> 0.57978723 | M14: =MIN(0.999,MAX(0.001,L14+INDEX($E$2:$E$13,3)*IF(Data!C224<=INDEX($B$2:$B$13,3),INDEX($C$2:$C$13,3),INDEX($D$2:$D$13,3)))) -> 0.57978723 | N14: =MIN(0.999,MAX(0.001,M14+INDEX($E$2:$E$13,4)*IF(Data!C224<=INDEX($B$2:$B$13,4),INDEX($C$2:$C$13,4),INDEX($D$2:$D$13,4)))) -> 0.57978723 | O14: =MIN(0.999,MAX(0.001,N14+INDEX($E$2:$E$13,5)*IF(Data!C224<=INDEX($B$2:$B$13,5),INDEX($C$2:$C$13,5),INDEX($D$2:$D$13,5)))) -> 0.57978723 | P14: =MIN(0.999,MAX(0.001,O14+INDEX($E$2:$E$13,6)*IF(Data!C224<=INDEX($B$2:$B$13,6),INDEX($C$2:$C$13,6),INDEX($D$2:$D$13,6)))) -> 0.57978723 | Q14: =MIN(0.999,MAX(0.001,P14+INDEX($E$2:$E$13,7)*IF(Data!C224<=INDEX($B$2:$B$13,7),INDEX($C$2:$C$13,7),INDEX($D$2:$D$13,7)))) -> 0.57978723 | R14: =MIN(0.999,MAX(0.001,Q14+INDEX($E$2:$E$13,8)*IF(Data!C224<=INDEX($B$2:$B$13,8),INDEX($C$2:$C$13,8),INDEX($D$2:$D$13,8)))) -> 0.57978723 | S14: =MIN(0.999,MAX(0.001,R14+INDEX($E$2:$E$13,9)*IF(Data!C224<=INDEX($B$2:$B$13,9),INDEX($C$2:$C$13,9),INDEX($D$2:$D$13,9)))) -> 0.57978723 | T14: =MIN(0.999,MAX(0.001,S14+INDEX($E$2:$E$13,10)*IF(Data!C224<=INDEX($B$2:$B$13,10),INDEX($C$2:$C$13,10),INDEX($D$2:$D$13,10)))) -> 0.57978723 | U14: =MIN(0.999,MAX(0.001,T14+INDEX($E$2:$E$13,11)*IF(Data!C224<=INDEX($B$2:$B$13,11),INDEX($C$2:$C$13,11),INDEX($D$2:$D$13,11)))) -> 0.57978723 | V14: =MIN(0.999,MAX(0.001,U14+INDEX($E$2:$E$13,12)*IF(Data!C224<=INDEX($B$2:$B$13,12),INDEX($C$2:$C$13,12),INDEX($D$2:$D$13,12)))) -> 0.57978723 | W14: =IF(V14>=Controls!$B$2,1,0) -> 1 | X14: =--(W14=I14) -> 0
H15: =Data!A225 -> 224 | I15: =Data!L225 -> 1 | J15: =IF(Data!C225<=ClassTree!$L$2,ClassTree!$L$4,ClassTree!$L$6) -> 0.57978723 | K15: =MIN(0.999,MAX(0.001,J15+INDEX($E$2:$E$13,1)*IF(Data!C225<=INDEX($B$2:$B$13,1),INDEX($C$2:$C$13,1),INDEX($D$2:$D$13,1)))) -> 0.57978723 | L15: =MIN(0.999,MAX(0.001,K15+INDEX($E$2:$E$13,2)*IF(Data!C225<=INDEX($B$2:$B$13,2),INDEX($C$2:$C$13,2),INDEX($D$2:$D$13,2)))) -> 0.57978723 | M15: =MIN(0.999,MAX(0.001,L15+INDEX($E$2:$E$13,3)*IF(Data!C225<=INDEX($B$2:$B$13,3),INDEX($C$2:$C$13,3),INDEX($D$2:$D$13,3)))) -> 0.57978723 | N15: =MIN(0.999,MAX(0.001,M15+INDEX($E$2:$E$13,4)*IF(Data!C225<=INDEX($B$2:$B$13,4),INDEX($C$2:$C$13,4),INDEX($D$2:$D$13,4)))) -> 0.57978723 | O15: =MIN(0.999,MAX(0.001,N15+INDEX($E$2:$E$13,5)*IF(Data!C225<=INDEX($B$2:$B$13,5),INDEX($C$2:$C$13,5),INDEX($D$2:$D$13,5)))) -> 0.57978723 | P15: =MIN(0.999,MAX(0.001,O15+INDEX($E$2:$E$13,6)*IF(Data!C225<=INDEX($B$2:$B$13,6),INDEX($C$2:$C$13,6),INDEX($D$2:$D$13,6)))) -> 0.57978723 | Q15: =MIN(0.999,MAX(0.001,P15+INDEX($E$2:$E$13,7)*IF(Data!C225<=INDEX($B$2:$B$13,7),INDEX($C$2:$C$13,7),INDEX($D$2:$D$13,7)))) -> 0.57978723 | R15: =MIN(0.999,MAX(0.001,Q15+INDEX($E$2:$E$13,8)*IF(Data!C225<=INDEX($B$2:$B$13,8),INDEX($C$2:$C$13,8),INDEX($D$2:$D$13,8)))) -> 0.57978723 | S15: =MIN(0.999,MAX(0.001,R15+INDEX($E$2:$E$13,9)*IF(Data!C225<=INDEX($B$2:$B$13,9),INDEX($C$2:$C$13,9),INDEX($D$2:$D$13,9)))) -> 0.57978723 | T15: =MIN(0.999,MAX(0.001,S15+INDEX($E$2:$E$13,10)*IF(Data!C225<=INDEX($B$2:$B$13,10),INDEX($C$2:$C$13,10),INDEX($D$2:$D$13,10)))) -> 0.57978723 | U15: =MIN(0.999,MAX(0.001,T15+INDEX($E$2:$E$13,11)*IF(Data!C225<=INDEX($B$2:$B$13,11),INDEX($C$2:$C$13,11),INDEX($D$2:$D$13,11)))) -> 0.57978723 | V15: =MIN(0.999,MAX(0.001,U15+INDEX($E$2:$E$13,12)*IF(Data!C225<=INDEX($B$2:$B$13,12),INDEX($C$2:$C$13,12),INDEX($D$2:$D$13,12)))) -> 0.57978723 | W15: =IF(V15>=Controls!$B$2,1,0) -> 1 | X15: =--(W15=I15) -> 1
